student_id,program_name,cohort,cgpa
STU000003,Bachelor of Technology (B.Tech.) in Aeronautical Engineering,fourth_year,5.67
STU000152,Bachelor of Technology (B.Tech.) in Aeronautical Engineering,fourth_year,5.64
STU000153,Bachelor of Technology (B.Tech.) in Aeronautical Engineering,fourth_year,6.21
STU000154,Bachelor of Technology (B.Tech.) in Aeronautical Engineering,fourth_year,6.29
STU000156,Bachelor of Technology (B.Tech.) in Aeronautical Engineering,fourth_year,5.55
STU001596,Bachelor of Technology (B.Tech.) in Aeronautical Engineering,fourth_year,6.46
STU001597,Bachelor of Technology (B.Tech.) in Aeronautical Engineering,fourth_year,7.75
STU001598,Bachelor of Technology (B.Tech.) in Aeronautical Engineering,fourth_year,7.79
STU001599,Bachelor of Technology (B.Tech.) in Aeronautical Engineering,fourth_year,8.62
STU001600,Bachelor of Technology (B.Tech.) in Aeronautical Engineering,fourth_year,7.3
STU001601,Bachelor of Technology (B.Tech.) in Aeronautical Engineering,fourth_year,8.38
STU001602,Bachelor of Technology (B.Tech.) in Aeronautical Engineering,fourth_year,6.16
STU001603,Bachelor of Technology (B.Tech.) in Aeronautical Engineering,fourth_year,7.94
STU001604,Bachelor of Technology (B.Tech.) in Aeronautical Engineering,fourth_year,8.16
STU001605,Bachelor of Technology (B.Tech.) in Aeronautical Engineering,fourth_year,8.64
STU001606,Bachelor of Technology (B.Tech.) in Aeronautical Engineering,fourth_year,8.38
STU001607,Bachelor of Technology (B.Tech.) in Aeronautical Engineering,fourth_year,9.28
STU001608,Bachelor of Technology (B.Tech.) in Aeronautical Engineering,fourth_year,7.65
STU001609,Bachelor of Technology (B.Tech.) in Aeronautical Engineering,fourth_year,7.49
STU001610,Bachelor of Technology (B.Tech.) in Aeronautical Engineering,fourth_year,7.75
STU001611,Bachelor of Technology (B.Tech.) in Aeronautical Engineering,fourth_year,5.92
STU001612,Bachelor of Technology (B.Tech.) in Aeronautical Engineering,fourth_year,6.45
STU001613,Bachelor of Technology (B.Tech.) in Aeronautical Engineering,fourth_year,7.78
STU001614,Bachelor of Technology (B.Tech.) in Aeronautical Engineering,fourth_year,6.47
STU001615,Bachelor of Technology (B.Tech.) in Aeronautical Engineering,fourth_year,5.96
STU001616,Bachelor of Technology (B.Tech.) in Aeronautical Engineering,fourth_year,6.69
STU001617,Bachelor of Technology (B.Tech.) in Aeronautical Engineering,fourth_year,5.76
STU001618,Bachelor of Technology (B.Tech.) in Aeronautical Engineering,fourth_year,7.27
STU001619,Bachelor of Technology (B.Tech.) in Aeronautical Engineering,fourth_year,5.45
STU001620,Bachelor of Technology (B.Tech.) in Aeronautical Engineering,fourth_year,9.77
STU001621,Bachelor of Technology (B.Tech.) in Aeronautical Engineering,fourth_year,8.82
STU001622,Bachelor of Technology (B.Tech.) in Aeronautical Engineering,fourth_year,8.71
STU001623,Bachelor of Technology (B.Tech.) in Aeronautical Engineering,fourth_year,8.0
STU001624,Bachelor of Technology (B.Tech.) in Aeronautical Engineering,fourth_year,6.87
STU001625,Bachelor of Technology (B.Tech.) in Aeronautical Engineering,fourth_year,8.32
STU001626,Bachelor of Technology (B.Tech.) in Aeronautical Engineering,fourth_year,9.69
STU001627,Bachelor of Technology (B.Tech.) in Aeronautical Engineering,fourth_year,9.55
STU001628,Bachelor of Technology (B.Tech.) in Aeronautical Engineering,fourth_year,6.75
STU001629,Bachelor of Technology (B.Tech.) in Aeronautical Engineering,fourth_year,8.26
STU001630,Bachelor of Technology (B.Tech.) in Aeronautical Engineering,fourth_year,7.92
STU001631,Bachelor of Technology (B.Tech.) in Aeronautical Engineering,fourth_year,7.34
STU001632,Bachelor of Technology (B.Tech.) in Aeronautical Engineering,fourth_year,8.4
STU001633,Bachelor of Technology (B.Tech.) in Aeronautical Engineering,fourth_year,7.64
STU001634,Bachelor of Technology (B.Tech.) in Aeronautical Engineering,fourth_year,7.55
STU001635,Bachelor of Technology (B.Tech.) in Aeronautical Engineering,fourth_year,6.89
STU001636,Bachelor of Technology (B.Tech.) in Aeronautical Engineering,fourth_year,7.75
STU001637,Bachelor of Technology (B.Tech.) in Aeronautical Engineering,fourth_year,5.04
STU001638,Bachelor of Technology (B.Tech.) in Aeronautical Engineering,fourth_year,8.78
STU001640,Bachelor of Technology (B.Tech.) in Aeronautical Engineering,fourth_year,7.5
STU001641,Bachelor of Technology (B.Tech.) in Aeronautical Engineering,fourth_year,8.5
STU001642,Bachelor of Technology (B.Tech.) in Aeronautical Engineering,fourth_year,7.88
STU001643,Bachelor of Technology (B.Tech.) in Aeronautical Engineering,fourth_year,5.92
STU001644,Bachelor of Technology (B.Tech.) in Aeronautical Engineering,fourth_year,7.88
STU001645,Bachelor of Technology (B.Tech.) in Aeronautical Engineering,fourth_year,6.25
STU001646,Bachelor of Technology (B.Tech.) in Aeronautical Engineering,fourth_year,5.98
STU001647,Bachelor of Technology (B.Tech.) in Aeronautical Engineering,fourth_year,8.2
STU001648,Bachelor of Technology (B.Tech.) in Aeronautical Engineering,fourth_year,6.2
STU001649,Bachelor of Technology (B.Tech.) in Aeronautical Engineering,fourth_year,7.31
STU001650,Bachelor of Technology (B.Tech.) in Aeronautical Engineering,fourth_year,6.12
STU001651,Bachelor of Technology (B.Tech.) in Aeronautical Engineering,fourth_year,6.53
STU001652,Bachelor of Technology (B.Tech.) in Aeronautical Engineering,fourth_year,6.75
STU001653,Bachelor of Technology (B.Tech.) in Aeronautical Engineering,fourth_year,7.36
STU000004,Bachelor of Technology (B.Tech.) in Automobile Engineering,fourth_year,6.25
STU000036,Bachelor of Technology (B.Tech.) in Automobile Engineering,fourth_year,4.98
STU000037,Bachelor of Technology (B.Tech.) in Automobile Engineering,fourth_year,5.66
STU000038,Bachelor of Technology (B.Tech.) in Automobile Engineering,fourth_year,6.86
STU000157,Bachelor of Technology (B.Tech.) in Automobile Engineering,fourth_year,6.27
STU000158,Bachelor of Technology (B.Tech.) in Automobile Engineering,fourth_year,6.03
STU000161,Bachelor of Technology (B.Tech.) in Automobile Engineering,fourth_year,5.93
STU000162,Bachelor of Technology (B.Tech.) in Automobile Engineering,fourth_year,5.5
STU000163,Bachelor of Technology (B.Tech.) in Automobile Engineering,fourth_year,6.0
STU000164,Bachelor of Technology (B.Tech.) in Automobile Engineering,fourth_year,6.84
STU001654,Bachelor of Technology (B.Tech.) in Automobile Engineering,fourth_year,8.95
STU001655,Bachelor of Technology (B.Tech.) in Automobile Engineering,fourth_year,6.09
STU001656,Bachelor of Technology (B.Tech.) in Automobile Engineering,fourth_year,7.26
STU001657,Bachelor of Technology (B.Tech.) in Automobile Engineering,fourth_year,7.63
STU001658,Bachelor of Technology (B.Tech.) in Automobile Engineering,fourth_year,7.24
STU001659,Bachelor of Technology (B.Tech.) in Automobile Engineering,fourth_year,5.85
STU001660,Bachelor of Technology (B.Tech.) in Automobile Engineering,fourth_year,7.15
STU001661,Bachelor of Technology (B.Tech.) in Automobile Engineering,fourth_year,8.03
STU001662,Bachelor of Technology (B.Tech.) in Automobile Engineering,fourth_year,7.36
STU001663,Bachelor of Technology (B.Tech.) in Automobile Engineering,fourth_year,5.75
STU001664,Bachelor of Technology (B.Tech.) in Automobile Engineering,fourth_year,6.32
STU001665,Bachelor of Technology (B.Tech.) in Automobile Engineering,fourth_year,6.74
STU001666,Bachelor of Technology (B.Tech.) in Automobile Engineering,fourth_year,6.15
STU001667,Bachelor of Technology (B.Tech.) in Automobile Engineering,fourth_year,6.68
STU001669,Bachelor of Technology (B.Tech.) in Automobile Engineering,fourth_year,7.15
STU001670,Bachelor of Technology (B.Tech.) in Automobile Engineering,fourth_year,7.03
STU001671,Bachelor of Technology (B.Tech.) in Automobile Engineering,fourth_year,7.18
STU001672,Bachelor of Technology (B.Tech.) in Automobile Engineering,fourth_year,6.33
STU001673,Bachelor of Technology (B.Tech.) in Automobile Engineering,fourth_year,5.9
STU000051,Bachelor of Technology (B.Tech.) in Bio-Medical Engineering,fourth_year,5.45
STU000052,Bachelor of Technology (B.Tech.) in Bio-Medical Engineering,fourth_year,6.11
STU000053,Bachelor of Technology (B.Tech.) in Bio-Medical Engineering,fourth_year,5.81
STU000198,Bachelor of Technology (B.Tech.) in Bio-Medical Engineering,fourth_year,7.66
STU000199,Bachelor of Technology (B.Tech.) in Bio-Medical Engineering,fourth_year,6.36
STU000200,Bachelor of Technology (B.Tech.) in Bio-Medical Engineering,fourth_year,7.27
STU000201,Bachelor of Technology (B.Tech.) in Bio-Medical Engineering,fourth_year,6.82
STU000202,Bachelor of Technology (B.Tech.) in Bio-Medical Engineering,fourth_year,7.64
STU000203,Bachelor of Technology (B.Tech.) in Bio-Medical Engineering,fourth_year,7.07
STU000204,Bachelor of Technology (B.Tech.) in Bio-Medical Engineering,fourth_year,9.69
STU000205,Bachelor of Technology (B.Tech.) in Bio-Medical Engineering,fourth_year,8.67
STU000206,Bachelor of Technology (B.Tech.) in Bio-Medical Engineering,fourth_year,8.42
STU000207,Bachelor of Technology (B.Tech.) in Bio-Medical Engineering,fourth_year,8.34
STU000208,Bachelor of Technology (B.Tech.) in Bio-Medical Engineering,fourth_year,8.34
STU000209,Bachelor of Technology (B.Tech.) in Bio-Medical Engineering,fourth_year,8.52
STU000210,Bachelor of Technology (B.Tech.) in Bio-Medical Engineering,fourth_year,7.34
STU000211,Bachelor of Technology (B.Tech.) in Bio-Medical Engineering,fourth_year,7.78
STU000212,Bachelor of Technology (B.Tech.) in Bio-Medical Engineering,fourth_year,7.06
STU000213,Bachelor of Technology (B.Tech.) in Bio-Medical Engineering,fourth_year,6.21
STU000214,Bachelor of Technology (B.Tech.) in Bio-Medical Engineering,fourth_year,6.82
STU000215,Bachelor of Technology (B.Tech.) in Bio-Medical Engineering,fourth_year,6.74
STU000216,Bachelor of Technology (B.Tech.) in Bio-Medical Engineering,fourth_year,6.89
STU000217,Bachelor of Technology (B.Tech.) in Bio-Medical Engineering,fourth_year,7.27
STU000218,Bachelor of Technology (B.Tech.) in Bio-Medical Engineering,fourth_year,6.16
STU000219,Bachelor of Technology (B.Tech.) in Bio-Medical Engineering,fourth_year,6.36
STU000220,Bachelor of Technology (B.Tech.) in Bio-Medical Engineering,fourth_year,5.68
STU000221,Bachelor of Technology (B.Tech.) in Bio-Medical Engineering,fourth_year,6.06
STU000222,Bachelor of Technology (B.Tech.) in Bio-Medical Engineering,fourth_year,5.49
STU000223,Bachelor of Technology (B.Tech.) in Bio-Medical Engineering,fourth_year,6.57
STU000224,Bachelor of Technology (B.Tech.) in Bio-Medical Engineering,fourth_year,6.23
STU000225,Bachelor of Technology (B.Tech.) in Bio-Medical Engineering,fourth_year,8.45
STU000226,Bachelor of Technology (B.Tech.) in Bio-Medical Engineering,fourth_year,7.12
STU000227,Bachelor of Technology (B.Tech.) in Bio-Medical Engineering,fourth_year,6.24
STU000228,Bachelor of Technology (B.Tech.) in Bio-Medical Engineering,fourth_year,7.96
STU000229,Bachelor of Technology (B.Tech.) in Bio-Medical Engineering,fourth_year,6.36
STU000230,Bachelor of Technology (B.Tech.) in Bio-Medical Engineering,fourth_year,7.74
STU000231,Bachelor of Technology (B.Tech.) in Bio-Medical Engineering,fourth_year,7.31
STU000232,Bachelor of Technology (B.Tech.) in Bio-Medical Engineering,fourth_year,6.4
STU000233,Bachelor of Technology (B.Tech.) in Bio-Medical Engineering,fourth_year,5.55
STU000234,Bachelor of Technology (B.Tech.) in Bio-Medical Engineering,fourth_year,7.94
STU000235,Bachelor of Technology (B.Tech.) in Bio-Medical Engineering,fourth_year,6.85
STU000236,Bachelor of Technology (B.Tech.) in Bio-Medical Engineering,fourth_year,8.06
STU000135,Bachelor of Technology (B.Tech.) in Biotechnology,fourth_year,6.09
STU000136,Bachelor of Technology (B.Tech.) in Biotechnology,fourth_year,5.74
STU000137,Bachelor of Technology (B.Tech.) in Biotechnology,fourth_year,5.95
STU001314,Bachelor of Technology (B.Tech.) in Biotechnology,fourth_year,7.94
STU001315,Bachelor of Technology (B.Tech.) in Biotechnology,fourth_year,6.77
STU001316,Bachelor of Technology (B.Tech.) in Biotechnology,fourth_year,6.76
STU001317,Bachelor of Technology (B.Tech.) in Biotechnology,fourth_year,8.15
STU001318,Bachelor of Technology (B.Tech.) in Biotechnology,fourth_year,7.67
STU001319,Bachelor of Technology (B.Tech.) in Biotechnology,fourth_year,9.39
STU001320,Bachelor of Technology (B.Tech.) in Biotechnology,fourth_year,8.16
STU001321,Bachelor of Technology (B.Tech.) in Biotechnology,fourth_year,7.96
STU001322,Bachelor of Technology (B.Tech.) in Biotechnology,fourth_year,6.29
STU001323,Bachelor of Technology (B.Tech.) in Biotechnology,fourth_year,7.35
STU001324,Bachelor of Technology (B.Tech.) in Biotechnology,fourth_year,6.91
STU001325,Bachelor of Technology (B.Tech.) in Biotechnology,fourth_year,8.71
STU001326,Bachelor of Technology (B.Tech.) in Biotechnology,fourth_year,6.83
STU001327,Bachelor of Technology (B.Tech.) in Biotechnology,fourth_year,8.03
STU001328,Bachelor of Technology (B.Tech.) in Biotechnology,fourth_year,8.7
STU001329,Bachelor of Technology (B.Tech.) in Biotechnology,fourth_year,6.43
STU001330,Bachelor of Technology (B.Tech.) in Biotechnology,fourth_year,8.84
STU001331,Bachelor of Technology (B.Tech.) in Biotechnology,fourth_year,7.79
STU001332,Bachelor of Technology (B.Tech.) in Biotechnology,fourth_year,7.17
STU001333,Bachelor of Technology (B.Tech.) in Biotechnology,fourth_year,5.56
STU001334,Bachelor of Technology (B.Tech.) in Biotechnology,fourth_year,6.45
STU001335,Bachelor of Technology (B.Tech.) in Biotechnology,fourth_year,7.91
STU001336,Bachelor of Technology (B.Tech.) in Biotechnology,fourth_year,8.34
STU001337,Bachelor of Technology (B.Tech.) in Biotechnology,fourth_year,6.19
STU001338,Bachelor of Technology (B.Tech.) in Biotechnology,fourth_year,8.74
STU001339,Bachelor of Technology (B.Tech.) in Biotechnology,fourth_year,6.88
STU001340,Bachelor of Technology (B.Tech.) in Biotechnology,fourth_year,7.36
STU001341,Bachelor of Technology (B.Tech.) in Biotechnology,fourth_year,7.07
STU001342,Bachelor of Technology (B.Tech.) in Biotechnology,fourth_year,6.86
STU001343,Bachelor of Technology (B.Tech.) in Biotechnology,fourth_year,8.36
STU001344,Bachelor of Technology (B.Tech.) in Biotechnology,fourth_year,7.3
STU001345,Bachelor of Technology (B.Tech.) in Biotechnology,fourth_year,7.48
STU001346,Bachelor of Technology (B.Tech.) in Biotechnology,fourth_year,7.55
STU001347,Bachelor of Technology (B.Tech.) in Biotechnology,fourth_year,7.02
STU001349,Bachelor of Technology (B.Tech.) in Biotechnology,fourth_year,8.0
STU001350,Bachelor of Technology (B.Tech.) in Biotechnology,fourth_year,8.4
STU001351,Bachelor of Technology (B.Tech.) in Biotechnology,fourth_year,8.83
STU001352,Bachelor of Technology (B.Tech.) in Biotechnology,fourth_year,7.44
STU001353,Bachelor of Technology (B.Tech.) in Biotechnology,fourth_year,7.21
STU001354,Bachelor of Technology (B.Tech.) in Biotechnology,fourth_year,7.6
STU001355,Bachelor of Technology (B.Tech.) in Biotechnology,fourth_year,7.94
STU001356,Bachelor of Technology (B.Tech.) in Biotechnology,fourth_year,6.31
STU001357,Bachelor of Technology (B.Tech.) in Biotechnology,fourth_year,7.2
STU001358,Bachelor of Technology (B.Tech.) in Biotechnology,fourth_year,8.12
STU001359,Bachelor of Technology (B.Tech.) in Biotechnology,fourth_year,8.94
STU001360,Bachelor of Technology (B.Tech.) in Biotechnology,fourth_year,7.79
STU001361,Bachelor of Technology (B.Tech.) in Biotechnology,fourth_year,7.87
STU001362,Bachelor of Technology (B.Tech.) in Biotechnology,fourth_year,8.12
STU001363,Bachelor of Technology (B.Tech.) in Biotechnology,fourth_year,8.55
STU001364,Bachelor of Technology (B.Tech.) in Biotechnology,fourth_year,6.95
STU001365,Bachelor of Technology (B.Tech.) in Biotechnology,fourth_year,8.09
STU001366,Bachelor of Technology (B.Tech.) in Biotechnology,fourth_year,6.8
STU001367,Bachelor of Technology (B.Tech.) in Biotechnology,fourth_year,7.29
STU001368,Bachelor of Technology (B.Tech.) in Biotechnology,fourth_year,6.74
STU001369,Bachelor of Technology (B.Tech.) in Biotechnology,fourth_year,6.63
STU001370,Bachelor of Technology (B.Tech.) in Biotechnology,fourth_year,7.23
STU001371,Bachelor of Technology (B.Tech.) in Biotechnology,fourth_year,8.13
STU001372,Bachelor of Technology (B.Tech.) in Biotechnology,fourth_year,7.88
STU001373,Bachelor of Technology (B.Tech.) in Biotechnology,fourth_year,6.47
STU001374,Bachelor of Technology (B.Tech.) in Biotechnology,fourth_year,8.11
STU001375,Bachelor of Technology (B.Tech.) in Biotechnology,fourth_year,7.12
STU001376,Bachelor of Technology (B.Tech.) in Biotechnology,fourth_year,6.31
STU001377,Bachelor of Technology (B.Tech.) in Biotechnology,fourth_year,5.35
STU001378,Bachelor of Technology (B.Tech.) in Biotechnology,fourth_year,5.26
STU001379,Bachelor of Technology (B.Tech.) in Biotechnology,fourth_year,8.31
STU001380,Bachelor of Technology (B.Tech.) in Biotechnology,fourth_year,6.89
STU000006,Bachelor of Technology (B.Tech.) in Chemical Engineering,fourth_year,5.6
STU000054,Bachelor of Technology (B.Tech.) in Chemical Engineering,fourth_year,6.7
STU000055,Bachelor of Technology (B.Tech.) in Chemical Engineering,fourth_year,6.09
STU000056,Bachelor of Technology (B.Tech.) in Chemical Engineering,fourth_year,5.28
STU000057,Bachelor of Technology (B.Tech.) in Chemical Engineering,fourth_year,5.28
STU000058,Bachelor of Technology (B.Tech.) in Chemical Engineering,fourth_year,5.71
STU000237,Bachelor of Technology (B.Tech.) in Chemical Engineering,fourth_year,5.46
STU000238,Bachelor of Technology (B.Tech.) in Chemical Engineering,fourth_year,8.83
STU000239,Bachelor of Technology (B.Tech.) in Chemical Engineering,fourth_year,9.04
STU000240,Bachelor of Technology (B.Tech.) in Chemical Engineering,fourth_year,8.31
STU000241,Bachelor of Technology (B.Tech.) in Chemical Engineering,fourth_year,9.51
STU000242,Bachelor of Technology (B.Tech.) in Chemical Engineering,fourth_year,7.2
STU000243,Bachelor of Technology (B.Tech.) in Chemical Engineering,fourth_year,7.52
STU000244,Bachelor of Technology (B.Tech.) in Chemical Engineering,fourth_year,8.31
STU000245,Bachelor of Technology (B.Tech.) in Chemical Engineering,fourth_year,7.74
STU000246,Bachelor of Technology (B.Tech.) in Chemical Engineering,fourth_year,8.17
STU000247,Bachelor of Technology (B.Tech.) in Chemical Engineering,fourth_year,6.74
STU000248,Bachelor of Technology (B.Tech.) in Chemical Engineering,fourth_year,6.2
STU000249,Bachelor of Technology (B.Tech.) in Chemical Engineering,fourth_year,7.49
STU000250,Bachelor of Technology (B.Tech.) in Chemical Engineering,fourth_year,5.65
STU000251,Bachelor of Technology (B.Tech.) in Chemical Engineering,fourth_year,6.11
STU000252,Bachelor of Technology (B.Tech.) in Chemical Engineering,fourth_year,6.36
STU000253,Bachelor of Technology (B.Tech.) in Chemical Engineering,fourth_year,6.83
STU000254,Bachelor of Technology (B.Tech.) in Chemical Engineering,fourth_year,6.25
STU000256,Bachelor of Technology (B.Tech.) in Chemical Engineering,fourth_year,7.75
STU000257,Bachelor of Technology (B.Tech.) in Chemical Engineering,fourth_year,6.98
STU000259,Bachelor of Technology (B.Tech.) in Chemical Engineering,fourth_year,7.36
STU000261,Bachelor of Technology (B.Tech.) in Chemical Engineering,fourth_year,5.97
STU000262,Bachelor of Technology (B.Tech.) in Chemical Engineering,fourth_year,6.11
STU000263,Bachelor of Technology (B.Tech.) in Chemical Engineering,fourth_year,6.03
STU000264,Bachelor of Technology (B.Tech.) in Chemical Engineering,fourth_year,6.81
STU000265,Bachelor of Technology (B.Tech.) in Chemical Engineering,fourth_year,6.12
STU000266,Bachelor of Technology (B.Tech.) in Chemical Engineering,fourth_year,7.69
STU000267,Bachelor of Technology (B.Tech.) in Chemical Engineering,fourth_year,6.66
STU000001,Bachelor of Technology (B.Tech.) in Civil Engineering,fourth_year,5.71
STU000007,Bachelor of Technology (B.Tech.) in Civil Engineering,fourth_year,5.9
STU000059,Bachelor of Technology (B.Tech.) in Civil Engineering,fourth_year,6.07
STU000061,Bachelor of Technology (B.Tech.) in Civil Engineering,fourth_year,6.27
STU000062,Bachelor of Technology (B.Tech.) in Civil Engineering,fourth_year,6.64
STU000063,Bachelor of Technology (B.Tech.) in Civil Engineering,fourth_year,6.09
STU000064,Bachelor of Technology (B.Tech.) in Civil Engineering,fourth_year,6.37
STU000268,Bachelor of Technology (B.Tech.) in Civil Engineering,fourth_year,7.36
STU000269,Bachelor of Technology (B.Tech.) in Civil Engineering,fourth_year,6.33
STU000270,Bachelor of Technology (B.Tech.) in Civil Engineering,fourth_year,6.07
STU000271,Bachelor of Technology (B.Tech.) in Civil Engineering,fourth_year,8.18
STU000272,Bachelor of Technology (B.Tech.) in Civil Engineering,fourth_year,9.22
STU000273,Bachelor of Technology (B.Tech.) in Civil Engineering,fourth_year,7.93
STU000274,Bachelor of Technology (B.Tech.) in Civil Engineering,fourth_year,7.21
STU000275,Bachelor of Technology (B.Tech.) in Civil Engineering,fourth_year,5.75
STU000276,Bachelor of Technology (B.Tech.) in Civil Engineering,fourth_year,5.64
STU000277,Bachelor of Technology (B.Tech.) in Civil Engineering,fourth_year,7.68
STU000278,Bachelor of Technology (B.Tech.) in Civil Engineering,fourth_year,6.45
STU000279,Bachelor of Technology (B.Tech.) in Civil Engineering,fourth_year,8.16
STU000283,Bachelor of Technology (B.Tech.) in Civil Engineering,fourth_year,7.0
STU000284,Bachelor of Technology (B.Tech.) in Civil Engineering,fourth_year,8.79
STU000285,Bachelor of Technology (B.Tech.) in Civil Engineering,fourth_year,6.81
STU000286,Bachelor of Technology (B.Tech.) in Civil Engineering,fourth_year,8.31
STU000289,Bachelor of Technology (B.Tech.) in Civil Engineering,fourth_year,7.06
STU000290,Bachelor of Technology (B.Tech.) in Civil Engineering,fourth_year,6.36
STU000291,Bachelor of Technology (B.Tech.) in Civil Engineering,fourth_year,8.6
STU000292,Bachelor of Technology (B.Tech.) in Civil Engineering,fourth_year,6.28
STU000293,Bachelor of Technology (B.Tech.) in Civil Engineering,fourth_year,6.63
STU000294,Bachelor of Technology (B.Tech.) in Civil Engineering,fourth_year,6.45
STU000295,Bachelor of Technology (B.Tech.) in Civil Engineering,fourth_year,6.69
STU000296,Bachelor of Technology (B.Tech.) in Civil Engineering,fourth_year,7.05
STU000297,Bachelor of Technology (B.Tech.) in Civil Engineering,fourth_year,6.97
STU000298,Bachelor of Technology (B.Tech.) in Civil Engineering,fourth_year,5.92
STU000299,Bachelor of Technology (B.Tech.) in Civil Engineering,fourth_year,7.33
STU000300,Bachelor of Technology (B.Tech.) in Civil Engineering,fourth_year,6.18
STU000301,Bachelor of Technology (B.Tech.) in Civil Engineering,fourth_year,6.14
STU000303,Bachelor of Technology (B.Tech.) in Civil Engineering,fourth_year,6.56
STU000304,Bachelor of Technology (B.Tech.) in Civil Engineering,fourth_year,7.0
STU000305,Bachelor of Technology (B.Tech.) in Civil Engineering,fourth_year,5.92
STU001987,Bachelor of Technology (B.Tech.) in Computer Science & Financial Technology,fourth_year,8.37
STU001988,Bachelor of Technology (B.Tech.) in Computer Science & Financial Technology,fourth_year,7.25
STU001989,Bachelor of Technology (B.Tech.) in Computer Science & Financial Technology,fourth_year,6.85
STU001990,Bachelor of Technology (B.Tech.) in Computer Science & Financial Technology,fourth_year,7.08
STU001991,Bachelor of Technology (B.Tech.) in Computer Science & Financial Technology,fourth_year,8.2
STU001992,Bachelor of Technology (B.Tech.) in Computer Science & Financial Technology,fourth_year,6.63
STU001993,Bachelor of Technology (B.Tech.) in Computer Science & Financial Technology,fourth_year,7.1
STU001994,Bachelor of Technology (B.Tech.) in Computer Science & Financial Technology,fourth_year,5.4
STU001995,Bachelor of Technology (B.Tech.) in Computer Science & Financial Technology,fourth_year,7.79
STU001996,Bachelor of Technology (B.Tech.) in Computer Science & Financial Technology,fourth_year,8.45
STU001997,Bachelor of Technology (B.Tech.) in Computer Science & Financial Technology,fourth_year,7.22
STU001998,Bachelor of Technology (B.Tech.) in Computer Science & Financial Technology,fourth_year,7.65
STU001999,Bachelor of Technology (B.Tech.) in Computer Science & Financial Technology,fourth_year,8.76
STU002000,Bachelor of Technology (B.Tech.) in Computer Science & Financial Technology,fourth_year,7.55
STU002001,Bachelor of Technology (B.Tech.) in Computer Science & Financial Technology,fourth_year,9.11
STU002002,Bachelor of Technology (B.Tech.) in Computer Science & Financial Technology,fourth_year,7.95
STU002003,Bachelor of Technology (B.Tech.) in Computer Science & Financial Technology,fourth_year,8.09
STU002004,Bachelor of Technology (B.Tech.) in Computer Science & Financial Technology,fourth_year,8.8
STU002005,Bachelor of Technology (B.Tech.) in Computer Science & Financial Technology,fourth_year,9.09
STU002006,Bachelor of Technology (B.Tech.) in Computer Science & Financial Technology,fourth_year,8.82
STU002007,Bachelor of Technology (B.Tech.) in Computer Science & Financial Technology,fourth_year,8.99
STU002008,Bachelor of Technology (B.Tech.) in Computer Science & Financial Technology,fourth_year,8.21
STU002009,Bachelor of Technology (B.Tech.) in Computer Science & Financial Technology,fourth_year,9.18
STU002010,Bachelor of Technology (B.Tech.) in Computer Science & Financial Technology,fourth_year,8.07
STU002011,Bachelor of Technology (B.Tech.) in Computer Science & Financial Technology,fourth_year,9.21
STU002012,Bachelor of Technology (B.Tech.) in Computer Science & Financial Technology,fourth_year,7.1
STU002013,Bachelor of Technology (B.Tech.) in Computer Science & Financial Technology,fourth_year,7.71
STU002014,Bachelor of Technology (B.Tech.) in Computer Science & Financial Technology,fourth_year,6.79
STU002015,Bachelor of Technology (B.Tech.) in Computer Science & Financial Technology,fourth_year,7.78
STU002016,Bachelor of Technology (B.Tech.) in Computer Science & Financial Technology,fourth_year,8.12
STU002017,Bachelor of Technology (B.Tech.) in Computer Science & Financial Technology,fourth_year,9.42
STU002018,Bachelor of Technology (B.Tech.) in Computer Science & Financial Technology,fourth_year,6.0
STU002019,Bachelor of Technology (B.Tech.) in Computer Science & Financial Technology,fourth_year,7.53
STU002020,Bachelor of Technology (B.Tech.) in Computer Science & Financial Technology,fourth_year,7.91
STU002021,Bachelor of Technology (B.Tech.) in Computer Science & Financial Technology,fourth_year,7.67
STU002022,Bachelor of Technology (B.Tech.) in Computer Science & Financial Technology,fourth_year,9.39
STU002023,Bachelor of Technology (B.Tech.) in Computer Science & Financial Technology,fourth_year,7.08
STU002024,Bachelor of Technology (B.Tech.) in Computer Science & Financial Technology,fourth_year,6.83
STU002025,Bachelor of Technology (B.Tech.) in Computer Science & Financial Technology,fourth_year,7.73
STU002026,Bachelor of Technology (B.Tech.) in Computer Science & Financial Technology,fourth_year,8.31
STU002027,Bachelor of Technology (B.Tech.) in Computer Science & Financial Technology,fourth_year,8.96
STU002028,Bachelor of Technology (B.Tech.) in Computer Science & Financial Technology,fourth_year,5.63
STU002029,Bachelor of Technology (B.Tech.) in Computer Science & Financial Technology,fourth_year,8.49
STU002030,Bachelor of Technology (B.Tech.) in Computer Science & Financial Technology,fourth_year,7.74
STU002031,Bachelor of Technology (B.Tech.) in Computer Science & Financial Technology,fourth_year,8.5
STU002032,Bachelor of Technology (B.Tech.) in Computer Science & Financial Technology,fourth_year,8.2
STU002033,Bachelor of Technology (B.Tech.) in Computer Science & Financial Technology,fourth_year,7.07
STU002034,Bachelor of Technology (B.Tech.) in Computer Science & Financial Technology,fourth_year,6.55
STU002035,Bachelor of Technology (B.Tech.) in Computer Science & Financial Technology,fourth_year,7.07
STU002036,Bachelor of Technology (B.Tech.) in Computer Science & Financial Technology,fourth_year,8.11
STU002037,Bachelor of Technology (B.Tech.) in Computer Science & Financial Technology,fourth_year,9.02
STU002038,Bachelor of Technology (B.Tech.) in Computer Science & Financial Technology,fourth_year,8.08
STU002039,Bachelor of Technology (B.Tech.) in Computer Science & Financial Technology,fourth_year,8.13
STU002040,Bachelor of Technology (B.Tech.) in Computer Science & Financial Technology,fourth_year,7.65
STU002041,Bachelor of Technology (B.Tech.) in Computer Science & Financial Technology,fourth_year,8.89
STU002042,Bachelor of Technology (B.Tech.) in Computer Science & Financial Technology,fourth_year,8.11
STU002043,Bachelor of Technology (B.Tech.) in Computer Science & Financial Technology,fourth_year,9.6
STU002044,Bachelor of Technology (B.Tech.) in Computer Science & Financial Technology,fourth_year,6.3
STU002045,Bachelor of Technology (B.Tech.) in Computer Science & Financial Technology,fourth_year,7.97
STU002046,Bachelor of Technology (B.Tech.) in Computer Science & Financial Technology,fourth_year,7.93
STU002047,Bachelor of Technology (B.Tech.) in Computer Science & Financial Technology,fourth_year,8.3
STU002048,Bachelor of Technology (B.Tech.) in Computer Science & Financial Technology,fourth_year,8.4
STU002049,Bachelor of Technology (B.Tech.) in Computer Science & Financial Technology,fourth_year,6.49
STU002050,Bachelor of Technology (B.Tech.) in Computer Science & Financial Technology,fourth_year,6.42
STU002051,Bachelor of Technology (B.Tech.) in Computer Science & Financial Technology,fourth_year,8.03
STU002053,Bachelor of Technology (B.Tech.) in Computer Science & Financial Technology,fourth_year,7.5
STU002054,Bachelor of Technology (B.Tech.) in Computer Science & Financial Technology,fourth_year,8.65
STU002055,Bachelor of Technology (B.Tech.) in Computer Science & Financial Technology,fourth_year,8.96
STU002056,Bachelor of Technology (B.Tech.) in Computer Science & Financial Technology,fourth_year,6.97
STU002057,Bachelor of Technology (B.Tech.) in Computer Science & Financial Technology,fourth_year,9.2
STU002058,Bachelor of Technology (B.Tech.) in Computer Science & Financial Technology,fourth_year,8.81
STU002059,Bachelor of Technology (B.Tech.) in Computer Science & Financial Technology,fourth_year,8.96
STU000008,Bachelor of Technology (B.Tech.) in Computer Science and Engineering,fourth_year,5.76
STU000009,Bachelor of Technology (B.Tech.) in Computer Science and Engineering,fourth_year,5.01
STU000010,Bachelor of Technology (B.Tech.) in Computer Science and Engineering,fourth_year,5.84
STU000011,Bachelor of Technology (B.Tech.) in Computer Science and Engineering,fourth_year,5.66
STU000065,Bachelor of Technology (B.Tech.) in Computer Science and Engineering,fourth_year,4.88
STU000066,Bachelor of Technology (B.Tech.) in Computer Science and Engineering,fourth_year,5.21
STU000067,Bachelor of Technology (B.Tech.) in Computer Science and Engineering,fourth_year,5.51
STU000069,Bachelor of Technology (B.Tech.) in Computer Science and Engineering,fourth_year,5.75
STU000070,Bachelor of Technology (B.Tech.) in Computer Science and Engineering,fourth_year,6.4
STU000071,Bachelor of Technology (B.Tech.) in Computer Science and Engineering,fourth_year,5.29
STU000073,Bachelor of Technology (B.Tech.) in Computer Science and Engineering,fourth_year,5.11
STU000074,Bachelor of Technology (B.Tech.) in Computer Science and Engineering,fourth_year,6.42
STU000075,Bachelor of Technology (B.Tech.) in Computer Science and Engineering,fourth_year,5.6
STU000076,Bachelor of Technology (B.Tech.) in Computer Science and Engineering,fourth_year,8.01
STU000077,Bachelor of Technology (B.Tech.) in Computer Science and Engineering,fourth_year,5.8
STU000078,Bachelor of Technology (B.Tech.) in Computer Science and Engineering,fourth_year,5.0
STU000306,Bachelor of Technology (B.Tech.) in Computer Science and Engineering,fourth_year,8.5
STU000307,Bachelor of Technology (B.Tech.) in Computer Science and Engineering,fourth_year,7.74
STU000308,Bachelor of Technology (B.Tech.) in Computer Science and Engineering,fourth_year,8.58
STU000309,Bachelor of Technology (B.Tech.) in Computer Science and Engineering,fourth_year,6.63
STU000310,Bachelor of Technology (B.Tech.) in Computer Science and Engineering,fourth_year,9.72
STU000311,Bachelor of Technology (B.Tech.) in Computer Science and Engineering,fourth_year,6.2
STU000312,Bachelor of Technology (B.Tech.) in Computer Science and Engineering,fourth_year,6.68
STU000313,Bachelor of Technology (B.Tech.) in Computer Science and Engineering,fourth_year,8.12
STU000314,Bachelor of Technology (B.Tech.) in Computer Science and Engineering,fourth_year,6.88
STU000315,Bachelor of Technology (B.Tech.) in Computer Science and Engineering,fourth_year,7.93
STU000316,Bachelor of Technology (B.Tech.) in Computer Science and Engineering,fourth_year,5.91
STU000317,Bachelor of Technology (B.Tech.) in Computer Science and Engineering,fourth_year,7.01
STU000318,Bachelor of Technology (B.Tech.) in Computer Science and Engineering,fourth_year,6.04
STU000319,Bachelor of Technology (B.Tech.) in Computer Science and Engineering,fourth_year,9.47
STU000320,Bachelor of Technology (B.Tech.) in Computer Science and Engineering,fourth_year,5.57
STU000321,Bachelor of Technology (B.Tech.) in Computer Science and Engineering,fourth_year,8.45
STU000322,Bachelor of Technology (B.Tech.) in Computer Science and Engineering,fourth_year,9.15
STU000323,Bachelor of Technology (B.Tech.) in Computer Science and Engineering,fourth_year,5.69
STU000324,Bachelor of Technology (B.Tech.) in Computer Science and Engineering,fourth_year,5.4
STU000325,Bachelor of Technology (B.Tech.) in Computer Science and Engineering,fourth_year,6.15
STU000326,Bachelor of Technology (B.Tech.) in Computer Science and Engineering,fourth_year,8.72
STU000327,Bachelor of Technology (B.Tech.) in Computer Science and Engineering,fourth_year,7.01
STU000328,Bachelor of Technology (B.Tech.) in Computer Science and Engineering,fourth_year,8.28
STU000329,Bachelor of Technology (B.Tech.) in Computer Science and Engineering,fourth_year,8.08
STU000330,Bachelor of Technology (B.Tech.) in Computer Science and Engineering,fourth_year,8.84
STU000331,Bachelor of Technology (B.Tech.) in Computer Science and Engineering,fourth_year,9.21
STU000332,Bachelor of Technology (B.Tech.) in Computer Science and Engineering,fourth_year,8.08
STU000333,Bachelor of Technology (B.Tech.) in Computer Science and Engineering,fourth_year,9.96
STU000334,Bachelor of Technology (B.Tech.) in Computer Science and Engineering,fourth_year,7.5
STU000335,Bachelor of Technology (B.Tech.) in Computer Science and Engineering,fourth_year,7.25
STU000336,Bachelor of Technology (B.Tech.) in Computer Science and Engineering,fourth_year,9.16
STU000337,Bachelor of Technology (B.Tech.) in Computer Science and Engineering,fourth_year,9.0
STU000338,Bachelor of Technology (B.Tech.) in Computer Science and Engineering,fourth_year,8.74
STU000339,Bachelor of Technology (B.Tech.) in Computer Science and Engineering,fourth_year,8.19
STU000340,Bachelor of Technology (B.Tech.) in Computer Science and Engineering,fourth_year,8.51
STU000341,Bachelor of Technology (B.Tech.) in Computer Science and Engineering,fourth_year,9.31
STU000342,Bachelor of Technology (B.Tech.) in Computer Science and Engineering,fourth_year,9.51
STU000343,Bachelor of Technology (B.Tech.) in Computer Science and Engineering,fourth_year,7.14
STU000344,Bachelor of Technology (B.Tech.) in Computer Science and Engineering,fourth_year,7.58
STU000345,Bachelor of Technology (B.Tech.) in Computer Science and Engineering,fourth_year,8.43
STU000346,Bachelor of Technology (B.Tech.) in Computer Science and Engineering,fourth_year,8.58
STU000347,Bachelor of Technology (B.Tech.) in Computer Science and Engineering,fourth_year,8.86
STU000348,Bachelor of Technology (B.Tech.) in Computer Science and Engineering,fourth_year,5.55
STU000349,Bachelor of Technology (B.Tech.) in Computer Science and Engineering,fourth_year,8.64
STU000350,Bachelor of Technology (B.Tech.) in Computer Science and Engineering,fourth_year,8.87
STU000351,Bachelor of Technology (B.Tech.) in Computer Science and Engineering,fourth_year,8.79
STU000352,Bachelor of Technology (B.Tech.) in Computer Science and Engineering,fourth_year,8.83
STU000353,Bachelor of Technology (B.Tech.) in Computer Science and Engineering,fourth_year,8.28
STU000354,Bachelor of Technology (B.Tech.) in Computer Science and Engineering,fourth_year,7.95
STU000355,Bachelor of Technology (B.Tech.) in Computer Science and Engineering,fourth_year,6.23
STU000356,Bachelor of Technology (B.Tech.) in Computer Science and Engineering,fourth_year,6.52
STU000358,Bachelor of Technology (B.Tech.) in Computer Science and Engineering,fourth_year,6.38
STU000359,Bachelor of Technology (B.Tech.) in Computer Science and Engineering,fourth_year,7.79
STU000360,Bachelor of Technology (B.Tech.) in Computer Science and Engineering,fourth_year,6.02
STU000361,Bachelor of Technology (B.Tech.) in Computer Science and Engineering,fourth_year,7.88
STU000362,Bachelor of Technology (B.Tech.) in Computer Science and Engineering,fourth_year,6.27
STU000363,Bachelor of Technology (B.Tech.) in Computer Science and Engineering,fourth_year,8.04
STU000364,Bachelor of Technology (B.Tech.) in Computer Science and Engineering,fourth_year,6.06
STU000365,Bachelor of Technology (B.Tech.) in Computer Science and Engineering,fourth_year,7.06
STU000366,Bachelor of Technology (B.Tech.) in Computer Science and Engineering,fourth_year,6.98
STU000367,Bachelor of Technology (B.Tech.) in Computer Science and Engineering,fourth_year,8.74
STU000368,Bachelor of Technology (B.Tech.) in Computer Science and Engineering,fourth_year,5.93
STU000369,Bachelor of Technology (B.Tech.) in Computer Science and Engineering,fourth_year,6.47
STU000370,Bachelor of Technology (B.Tech.) in Computer Science and Engineering,fourth_year,7.59
STU000371,Bachelor of Technology (B.Tech.) in Computer Science and Engineering,fourth_year,5.27
STU000372,Bachelor of Technology (B.Tech.) in Computer Science and Engineering,fourth_year,7.26
STU000373,Bachelor of Technology (B.Tech.) in Computer Science and Engineering,fourth_year,6.07
STU000374,Bachelor of Technology (B.Tech.) in Computer Science and Engineering,fourth_year,8.0
STU000375,Bachelor of Technology (B.Tech.) in Computer Science and Engineering,fourth_year,5.51
STU000376,Bachelor of Technology (B.Tech.) in Computer Science and Engineering,fourth_year,6.32
STU000377,Bachelor of Technology (B.Tech.) in Computer Science and Engineering,fourth_year,6.45
STU000378,Bachelor of Technology (B.Tech.) in Computer Science and Engineering,fourth_year,7.52
STU000379,Bachelor of Technology (B.Tech.) in Computer Science and Engineering,fourth_year,9.63
STU000380,Bachelor of Technology (B.Tech.) in Computer Science and Engineering,fourth_year,5.06
STU000381,Bachelor of Technology (B.Tech.) in Computer Science and Engineering,fourth_year,6.69
STU000382,Bachelor of Technology (B.Tech.) in Computer Science and Engineering,fourth_year,8.67
STU000383,Bachelor of Technology (B.Tech.) in Computer Science and Engineering,fourth_year,7.22
STU000384,Bachelor of Technology (B.Tech.) in Computer Science and Engineering,fourth_year,7.93
STU000385,Bachelor of Technology (B.Tech.) in Computer Science and Engineering,fourth_year,7.49
STU000387,Bachelor of Technology (B.Tech.) in Computer Science and Engineering,fourth_year,7.4
STU000388,Bachelor of Technology (B.Tech.) in Computer Science and Engineering,fourth_year,8.31
STU000389,Bachelor of Technology (B.Tech.) in Computer Science and Engineering,fourth_year,8.02
STU000390,Bachelor of Technology (B.Tech.) in Computer Science and Engineering,fourth_year,9.54
STU000391,Bachelor of Technology (B.Tech.) in Computer Science and Engineering,fourth_year,7.49
STU000392,Bachelor of Technology (B.Tech.) in Computer Science and Engineering,fourth_year,8.13
STU000393,Bachelor of Technology (B.Tech.) in Computer Science and Engineering,fourth_year,7.94
STU000394,Bachelor of Technology (B.Tech.) in Computer Science and Engineering,fourth_year,7.04
STU000395,Bachelor of Technology (B.Tech.) in Computer Science and Engineering,fourth_year,8.31
STU000396,Bachelor of Technology (B.Tech.) in Computer Science and Engineering,fourth_year,7.97
STU000397,Bachelor of Technology (B.Tech.) in Computer Science and Engineering,fourth_year,5.89
STU000398,Bachelor of Technology (B.Tech.) in Computer Science and Engineering,fourth_year,7.56
STU000399,Bachelor of Technology (B.Tech.) in Computer Science and Engineering,fourth_year,6.02
STU000400,Bachelor of Technology (B.Tech.) in Computer Science and Engineering,fourth_year,9.15
STU000401,Bachelor of Technology (B.Tech.) in Computer Science and Engineering,fourth_year,8.91
STU000402,Bachelor of Technology (B.Tech.) in Computer Science and Engineering,fourth_year,6.73
STU000403,Bachelor of Technology (B.Tech.) in Computer Science and Engineering,fourth_year,7.49
STU000404,Bachelor of Technology (B.Tech.) in Computer Science and Engineering,fourth_year,7.9
STU000405,Bachelor of Technology (B.Tech.) in Computer Science and Engineering,fourth_year,8.81
STU000406,Bachelor of Technology (B.Tech.) in Computer Science and Engineering,fourth_year,6.2
STU000407,Bachelor of Technology (B.Tech.) in Computer Science and Engineering,fourth_year,8.22
STU000409,Bachelor of Technology (B.Tech.) in Computer Science and Engineering,fourth_year,8.21
STU000410,Bachelor of Technology (B.Tech.) in Computer Science and Engineering,fourth_year,8.49
STU000411,Bachelor of Technology (B.Tech.) in Computer Science and Engineering,fourth_year,8.68
STU000412,Bachelor of Technology (B.Tech.) in Computer Science and Engineering,fourth_year,6.27
STU000413,Bachelor of Technology (B.Tech.) in Computer Science and Engineering,fourth_year,8.21
STU000414,Bachelor of Technology (B.Tech.) in Computer Science and Engineering,fourth_year,7.44
STU000416,Bachelor of Technology (B.Tech.) in Computer Science and Engineering,fourth_year,8.39
STU000417,Bachelor of Technology (B.Tech.) in Computer Science and Engineering,fourth_year,9.01
STU000418,Bachelor of Technology (B.Tech.) in Computer Science and Engineering,fourth_year,8.66
STU000419,Bachelor of Technology (B.Tech.) in Computer Science and Engineering,fourth_year,7.45
STU000420,Bachelor of Technology (B.Tech.) in Computer Science and Engineering,fourth_year,7.17
STU000421,Bachelor of Technology (B.Tech.) in Computer Science and Engineering,fourth_year,6.67
STU000422,Bachelor of Technology (B.Tech.) in Computer Science and Engineering,fourth_year,7.76
STU000423,Bachelor of Technology (B.Tech.) in Computer Science and Engineering,fourth_year,7.7
STU000424,Bachelor of Technology (B.Tech.) in Computer Science and Engineering,fourth_year,8.93
STU000425,Bachelor of Technology (B.Tech.) in Computer Science and Engineering,fourth_year,9.23
STU000426,Bachelor of Technology (B.Tech.) in Computer Science and Engineering,fourth_year,7.55
STU000427,Bachelor of Technology (B.Tech.) in Computer Science and Engineering,fourth_year,8.13
STU000428,Bachelor of Technology (B.Tech.) in Computer Science and Engineering,fourth_year,6.65
STU000429,Bachelor of Technology (B.Tech.) in Computer Science and Engineering,fourth_year,6.17
STU000430,Bachelor of Technology (B.Tech.) in Computer Science and Engineering,fourth_year,8.32
STU000431,Bachelor of Technology (B.Tech.) in Computer Science and Engineering,fourth_year,8.88
STU000432,Bachelor of Technology (B.Tech.) in Computer Science and Engineering,fourth_year,9.66
STU000433,Bachelor of Technology (B.Tech.) in Computer Science and Engineering,fourth_year,7.13
STU000434,Bachelor of Technology (B.Tech.) in Computer Science and Engineering,fourth_year,8.84
STU000435,Bachelor of Technology (B.Tech.) in Computer Science and Engineering,fourth_year,7.69
STU000436,Bachelor of Technology (B.Tech.) in Computer Science and Engineering,fourth_year,7.62
STU000437,Bachelor of Technology (B.Tech.) in Computer Science and Engineering,fourth_year,8.55
STU000438,Bachelor of Technology (B.Tech.) in Computer Science and Engineering,fourth_year,7.51
STU000439,Bachelor of Technology (B.Tech.) in Computer Science and Engineering,fourth_year,7.15
STU000440,Bachelor of Technology (B.Tech.) in Computer Science and Engineering,fourth_year,6.98
STU000441,Bachelor of Technology (B.Tech.) in Computer Science and Engineering,fourth_year,7.22
STU000442,Bachelor of Technology (B.Tech.) in Computer Science and Engineering,fourth_year,6.37
STU000443,Bachelor of Technology (B.Tech.) in Computer Science and Engineering,fourth_year,7.12
STU000444,Bachelor of Technology (B.Tech.) in Computer Science and Engineering,fourth_year,6.89
STU000445,Bachelor of Technology (B.Tech.) in Computer Science and Engineering,fourth_year,7.72
STU000446,Bachelor of Technology (B.Tech.) in Computer Science and Engineering,fourth_year,8.33
STU000447,Bachelor of Technology (B.Tech.) in Computer Science and Engineering,fourth_year,8.17
STU000448,Bachelor of Technology (B.Tech.) in Computer Science and Engineering,fourth_year,7.21
STU000449,Bachelor of Technology (B.Tech.) in Computer Science and Engineering,fourth_year,9.19
STU000450,Bachelor of Technology (B.Tech.) in Computer Science and Engineering,fourth_year,5.93
STU000451,Bachelor of Technology (B.Tech.) in Computer Science and Engineering,fourth_year,7.43
STU000452,Bachelor of Technology (B.Tech.) in Computer Science and Engineering,fourth_year,6.27
STU000453,Bachelor of Technology (B.Tech.) in Computer Science and Engineering,fourth_year,8.76
STU000454,Bachelor of Technology (B.Tech.) in Computer Science and Engineering,fourth_year,8.5
STU000455,Bachelor of Technology (B.Tech.) in Computer Science and Engineering,fourth_year,5.46
STU000456,Bachelor of Technology (B.Tech.) in Computer Science and Engineering,fourth_year,7.89
STU000457,Bachelor of Technology (B.Tech.) in Computer Science and Engineering,fourth_year,6.58
STU000458,Bachelor of Technology (B.Tech.) in Computer Science and Engineering,fourth_year,6.93
STU000459,Bachelor of Technology (B.Tech.) in Computer Science and Engineering,fourth_year,9.59
STU000460,Bachelor of Technology (B.Tech.) in Computer Science and Engineering,fourth_year,8.02
STU000461,Bachelor of Technology (B.Tech.) in Computer Science and Engineering,fourth_year,6.36
STU000462,Bachelor of Technology (B.Tech.) in Computer Science and Engineering,fourth_year,8.67
STU000463,Bachelor of Technology (B.Tech.) in Computer Science and Engineering,fourth_year,9.18
STU000464,Bachelor of Technology (B.Tech.) in Computer Science and Engineering,fourth_year,7.13
STU000465,Bachelor of Technology (B.Tech.) in Computer Science and Engineering,fourth_year,9.29
STU000466,Bachelor of Technology (B.Tech.) in Computer Science and Engineering,fourth_year,9.16
STU000467,Bachelor of Technology (B.Tech.) in Computer Science and Engineering,fourth_year,8.6
STU000468,Bachelor of Technology (B.Tech.) in Computer Science and Engineering,fourth_year,5.95
STU000469,Bachelor of Technology (B.Tech.) in Computer Science and Engineering,fourth_year,7.25
STU000470,Bachelor of Technology (B.Tech.) in Computer Science and Engineering,fourth_year,7.96
STU000471,Bachelor of Technology (B.Tech.) in Computer Science and Engineering,fourth_year,7.97
STU000472,Bachelor of Technology (B.Tech.) in Computer Science and Engineering,fourth_year,7.84
STU000473,Bachelor of Technology (B.Tech.) in Computer Science and Engineering,fourth_year,8.55
STU000474,Bachelor of Technology (B.Tech.) in Computer Science and Engineering,fourth_year,6.98
STU000475,Bachelor of Technology (B.Tech.) in Computer Science and Engineering,fourth_year,8.26
STU000476,Bachelor of Technology (B.Tech.) in Computer Science and Engineering,fourth_year,7.99
STU000477,Bachelor of Technology (B.Tech.) in Computer Science and Engineering,fourth_year,8.29
STU000478,Bachelor of Technology (B.Tech.) in Computer Science and Engineering,fourth_year,8.28
STU000479,Bachelor of Technology (B.Tech.) in Computer Science and Engineering,fourth_year,8.19
STU000480,Bachelor of Technology (B.Tech.) in Computer Science and Engineering,fourth_year,6.91
STU000481,Bachelor of Technology (B.Tech.) in Computer Science and Engineering,fourth_year,7.11
STU000482,Bachelor of Technology (B.Tech.) in Computer Science and Engineering,fourth_year,8.23
STU000483,Bachelor of Technology (B.Tech.) in Computer Science and Engineering,fourth_year,8.28
STU000484,Bachelor of Technology (B.Tech.) in Computer Science and Engineering,fourth_year,8.61
STU000485,Bachelor of Technology (B.Tech.) in Computer Science and Engineering,fourth_year,7.64
STU000486,Bachelor of Technology (B.Tech.) in Computer Science and Engineering,fourth_year,8.4
STU000487,Bachelor of Technology (B.Tech.) in Computer Science and Engineering,fourth_year,8.64
STU000488,Bachelor of Technology (B.Tech.) in Computer Science and Engineering,fourth_year,7.45
STU000489,Bachelor of Technology (B.Tech.) in Computer Science and Engineering,fourth_year,8.74
STU000491,Bachelor of Technology (B.Tech.) in Computer Science and Engineering,fourth_year,8.69
STU000492,Bachelor of Technology (B.Tech.) in Computer Science and Engineering,fourth_year,8.41
STU000493,Bachelor of Technology (B.Tech.) in Computer Science and Engineering,fourth_year,7.02
STU000494,Bachelor of Technology (B.Tech.) in Computer Science and Engineering,fourth_year,6.16
STU000495,Bachelor of Technology (B.Tech.) in Computer Science and Engineering,fourth_year,4.94
STU000496,Bachelor of Technology (B.Tech.) in Computer Science and Engineering,fourth_year,7.3
STU000497,Bachelor of Technology (B.Tech.) in Computer Science and Engineering,fourth_year,6.9
STU000498,Bachelor of Technology (B.Tech.) in Computer Science and Engineering,fourth_year,6.31
STU000499,Bachelor of Technology (B.Tech.) in Computer Science and Engineering,fourth_year,5.55
STU000500,Bachelor of Technology (B.Tech.) in Computer Science and Engineering,fourth_year,6.37
STU000501,Bachelor of Technology (B.Tech.) in Computer Science and Engineering,fourth_year,7.75
STU000502,Bachelor of Technology (B.Tech.) in Computer Science and Engineering,fourth_year,5.02
STU000503,Bachelor of Technology (B.Tech.) in Computer Science and Engineering,fourth_year,6.3
STU000504,Bachelor of Technology (B.Tech.) in Computer Science and Engineering,fourth_year,5.89
STU000505,Bachelor of Technology (B.Tech.) in Computer Science and Engineering,fourth_year,6.32
STU000506,Bachelor of Technology (B.Tech.) in Computer Science and Engineering,fourth_year,6.29
STU000507,Bachelor of Technology (B.Tech.) in Computer Science and Engineering,fourth_year,6.02
STU000508,Bachelor of Technology (B.Tech.) in Computer Science and Engineering,fourth_year,7.45
STU000509,Bachelor of Technology (B.Tech.) in Computer Science and Engineering,fourth_year,6.41
STU000510,Bachelor of Technology (B.Tech.) in Computer Science and Engineering,fourth_year,6.26
STU000511,Bachelor of Technology (B.Tech.) in Computer Science and Engineering,fourth_year,6.72
STU000512,Bachelor of Technology (B.Tech.) in Computer Science and Engineering,fourth_year,6.13
STU000513,Bachelor of Technology (B.Tech.) in Computer Science and Engineering,fourth_year,5.23
STU000514,Bachelor of Technology (B.Tech.) in Computer Science and Engineering,fourth_year,6.58
STU000515,Bachelor of Technology (B.Tech.) in Computer Science and Engineering,fourth_year,6.65
STU000516,Bachelor of Technology (B.Tech.) in Computer Science and Engineering,fourth_year,6.37
STU000517,Bachelor of Technology (B.Tech.) in Computer Science and Engineering,fourth_year,5.97
STU000518,Bachelor of Technology (B.Tech.) in Computer Science and Engineering,fourth_year,5.17
STU000519,Bachelor of Technology (B.Tech.) in Computer Science and Engineering,fourth_year,5.26
STU000521,Bachelor of Technology (B.Tech.) in Computer Science and Engineering,fourth_year,6.98
STU000522,Bachelor of Technology (B.Tech.) in Computer Science and Engineering,fourth_year,6.12
STU000523,Bachelor of Technology (B.Tech.) in Computer Science and Engineering,fourth_year,5.81
STU000524,Bachelor of Technology (B.Tech.) in Computer Science and Engineering,fourth_year,5.93
STU000525,Bachelor of Technology (B.Tech.) in Computer Science and Engineering,fourth_year,5.99
STU000526,Bachelor of Technology (B.Tech.) in Computer Science and Engineering,fourth_year,7.68
STU000527,Bachelor of Technology (B.Tech.) in Computer Science and Engineering,fourth_year,5.83
STU000528,Bachelor of Technology (B.Tech.) in Computer Science and Engineering,fourth_year,6.29
STU000529,Bachelor of Technology (B.Tech.) in Computer Science and Engineering,fourth_year,5.54
STU000530,Bachelor of Technology (B.Tech.) in Computer Science and Engineering,fourth_year,7.24
STU000531,Bachelor of Technology (B.Tech.) in Computer Science and Engineering,fourth_year,7.98
STU000532,Bachelor of Technology (B.Tech.) in Computer Science and Engineering,fourth_year,8.87
STU000533,Bachelor of Technology (B.Tech.) in Computer Science and Engineering,fourth_year,5.06
STU000534,Bachelor of Technology (B.Tech.) in Computer Science and Engineering,fourth_year,7.79
STU000535,Bachelor of Technology (B.Tech.) in Computer Science and Engineering,fourth_year,6.51
STU000536,Bachelor of Technology (B.Tech.) in Computer Science and Engineering,fourth_year,7.16
STU000537,Bachelor of Technology (B.Tech.) in Computer Science and Engineering,fourth_year,8.93
STU000538,Bachelor of Technology (B.Tech.) in Computer Science and Engineering,fourth_year,8.32
STU000539,Bachelor of Technology (B.Tech.) in Computer Science and Engineering,fourth_year,7.88
STU000540,Bachelor of Technology (B.Tech.) in Computer Science and Engineering,fourth_year,6.38
STU000541,Bachelor of Technology (B.Tech.) in Computer Science and Engineering,fourth_year,8.58
STU000542,Bachelor of Technology (B.Tech.) in Computer Science and Engineering,fourth_year,6.48
STU000543,Bachelor of Technology (B.Tech.) in Computer Science and Engineering,fourth_year,7.73
STU000544,Bachelor of Technology (B.Tech.) in Computer Science and Engineering,fourth_year,7.08
STU000545,Bachelor of Technology (B.Tech.) in Computer Science and Engineering,fourth_year,5.38
STU000546,Bachelor of Technology (B.Tech.) in Computer Science and Engineering,fourth_year,5.91
STU000547,Bachelor of Technology (B.Tech.) in Computer Science and Engineering,fourth_year,6.96
STU000548,Bachelor of Technology (B.Tech.) in Computer Science and Engineering,fourth_year,9.58
STU000549,Bachelor of Technology (B.Tech.) in Computer Science and Engineering,fourth_year,9.4
STU000550,Bachelor of Technology (B.Tech.) in Computer Science and Engineering,fourth_year,9.33
STU000551,Bachelor of Technology (B.Tech.) in Computer Science and Engineering,fourth_year,9.4
STU000552,Bachelor of Technology (B.Tech.) in Computer Science and Engineering,fourth_year,9.49
STU000553,Bachelor of Technology (B.Tech.) in Computer Science and Engineering,fourth_year,9.47
STU000554,Bachelor of Technology (B.Tech.) in Computer Science and Engineering,fourth_year,9.01
STU000555,Bachelor of Technology (B.Tech.) in Computer Science and Engineering,fourth_year,9.24
STU000175,Bachelor of Technology (B.Tech.) in Cyber Physical Systems,fourth_year,6.59
STU000176,Bachelor of Technology (B.Tech.) in Cyber Physical Systems,fourth_year,6.02
STU000177,Bachelor of Technology (B.Tech.) in Cyber Physical Systems,fourth_year,5.89
STU000178,Bachelor of Technology (B.Tech.) in Cyber Physical Systems,fourth_year,6.05
STU002130,Bachelor of Technology (B.Tech.) in Cyber Physical Systems,fourth_year,8.0
STU002131,Bachelor of Technology (B.Tech.) in Cyber Physical Systems,fourth_year,9.34
STU002132,Bachelor of Technology (B.Tech.) in Cyber Physical Systems,fourth_year,8.07
STU002133,Bachelor of Technology (B.Tech.) in Cyber Physical Systems,fourth_year,7.81
STU002134,Bachelor of Technology (B.Tech.) in Cyber Physical Systems,fourth_year,7.64
STU002135,Bachelor of Technology (B.Tech.) in Cyber Physical Systems,fourth_year,7.02
STU002136,Bachelor of Technology (B.Tech.) in Cyber Physical Systems,fourth_year,6.42
STU002137,Bachelor of Technology (B.Tech.) in Cyber Physical Systems,fourth_year,7.5
STU002138,Bachelor of Technology (B.Tech.) in Cyber Physical Systems,fourth_year,6.48
STU002139,Bachelor of Technology (B.Tech.) in Cyber Physical Systems,fourth_year,6.5
STU002140,Bachelor of Technology (B.Tech.) in Cyber Physical Systems,fourth_year,7.57
STU002141,Bachelor of Technology (B.Tech.) in Cyber Physical Systems,fourth_year,6.36
STU002142,Bachelor of Technology (B.Tech.) in Cyber Physical Systems,fourth_year,8.18
STU002143,Bachelor of Technology (B.Tech.) in Cyber Physical Systems,fourth_year,9.29
STU002144,Bachelor of Technology (B.Tech.) in Cyber Physical Systems,fourth_year,7.69
STU002145,Bachelor of Technology (B.Tech.) in Cyber Physical Systems,fourth_year,7.16
STU002146,Bachelor of Technology (B.Tech.) in Cyber Physical Systems,fourth_year,7.12
STU002147,Bachelor of Technology (B.Tech.) in Cyber Physical Systems,fourth_year,5.14
STU002148,Bachelor of Technology (B.Tech.) in Cyber Physical Systems,fourth_year,6.53
STU002149,Bachelor of Technology (B.Tech.) in Cyber Physical Systems,fourth_year,8.03
STU002150,Bachelor of Technology (B.Tech.) in Cyber Physical Systems,fourth_year,6.72
STU002151,Bachelor of Technology (B.Tech.) in Cyber Physical Systems,fourth_year,5.24
STU002152,Bachelor of Technology (B.Tech.) in Cyber Physical Systems,fourth_year,6.39
STU002153,Bachelor of Technology (B.Tech.) in Cyber Physical Systems,fourth_year,7.28
STU002154,Bachelor of Technology (B.Tech.) in Cyber Physical Systems,fourth_year,8.66
STU002155,Bachelor of Technology (B.Tech.) in Cyber Physical Systems,fourth_year,6.78
STU002156,Bachelor of Technology (B.Tech.) in Cyber Physical Systems,fourth_year,6.13
STU002157,Bachelor of Technology (B.Tech.) in Cyber Physical Systems,fourth_year,7.98
STU002158,Bachelor of Technology (B.Tech.) in Cyber Physical Systems,fourth_year,7.74
STU002159,Bachelor of Technology (B.Tech.) in Cyber Physical Systems,fourth_year,7.7
STU002160,Bachelor of Technology (B.Tech.) in Cyber Physical Systems,fourth_year,7.97
STU002161,Bachelor of Technology (B.Tech.) in Cyber Physical Systems,fourth_year,7.98
STU002162,Bachelor of Technology (B.Tech.) in Cyber Physical Systems,fourth_year,6.79
STU002163,Bachelor of Technology (B.Tech.) in Cyber Physical Systems,fourth_year,7.58
STU002164,Bachelor of Technology (B.Tech.) in Cyber Physical Systems,fourth_year,8.1
STU002165,Bachelor of Technology (B.Tech.) in Cyber Physical Systems,fourth_year,7.6
STU002166,Bachelor of Technology (B.Tech.) in Cyber Physical Systems,fourth_year,7.39
STU002167,Bachelor of Technology (B.Tech.) in Cyber Physical Systems,fourth_year,5.61
STU002168,Bachelor of Technology (B.Tech.) in Cyber Physical Systems,fourth_year,5.93
STU002169,Bachelor of Technology (B.Tech.) in Cyber Physical Systems,fourth_year,6.6
STU002170,Bachelor of Technology (B.Tech.) in Cyber Physical Systems,fourth_year,8.09
STU002171,Bachelor of Technology (B.Tech.) in Cyber Physical Systems,fourth_year,6.13
STU002172,Bachelor of Technology (B.Tech.) in Cyber Physical Systems,fourth_year,7.73
STU002173,Bachelor of Technology (B.Tech.) in Cyber Physical Systems,fourth_year,6.7
STU002174,Bachelor of Technology (B.Tech.) in Cyber Physical Systems,fourth_year,7.6
STU002175,Bachelor of Technology (B.Tech.) in Cyber Physical Systems,fourth_year,6.51
STU002177,Bachelor of Technology (B.Tech.) in Cyber Physical Systems,fourth_year,5.01
STU002178,Bachelor of Technology (B.Tech.) in Cyber Physical Systems,fourth_year,6.99
STU002180,Bachelor of Technology (B.Tech.) in Cyber Physical Systems,fourth_year,6.33
STU002181,Bachelor of Technology (B.Tech.) in Cyber Physical Systems,fourth_year,6.22
STU002182,Bachelor of Technology (B.Tech.) in Cyber Physical Systems,fourth_year,7.61
STU002183,Bachelor of Technology (B.Tech.) in Cyber Physical Systems,fourth_year,5.76
STU002184,Bachelor of Technology (B.Tech.) in Cyber Physical Systems,fourth_year,6.27
STU002185,Bachelor of Technology (B.Tech.) in Cyber Physical Systems,fourth_year,7.69
STU002186,Bachelor of Technology (B.Tech.) in Cyber Physical Systems,fourth_year,5.61
STU002187,Bachelor of Technology (B.Tech.) in Cyber Physical Systems,fourth_year,6.46
STU002188,Bachelor of Technology (B.Tech.) in Cyber Physical Systems,fourth_year,7.78
STU000012,Bachelor of Technology (B.Tech.) in Electrical and Electronics Engineering,fourth_year,5.06
STU000013,Bachelor of Technology (B.Tech.) in Electrical and Electronics Engineering,fourth_year,5.75
STU000014,Bachelor of Technology (B.Tech.) in Electrical and Electronics Engineering,fourth_year,5.72
STU000015,Bachelor of Technology (B.Tech.) in Electrical and Electronics Engineering,fourth_year,6.13
STU000079,Bachelor of Technology (B.Tech.) in Electrical and Electronics Engineering,fourth_year,5.83
STU000080,Bachelor of Technology (B.Tech.) in Electrical and Electronics Engineering,fourth_year,5.29
STU000081,Bachelor of Technology (B.Tech.) in Electrical and Electronics Engineering,fourth_year,5.27
STU000082,Bachelor of Technology (B.Tech.) in Electrical and Electronics Engineering,fourth_year,5.79
STU000083,Bachelor of Technology (B.Tech.) in Electrical and Electronics Engineering,fourth_year,5.65
STU000084,Bachelor of Technology (B.Tech.) in Electrical and Electronics Engineering,fourth_year,5.12
STU000556,Bachelor of Technology (B.Tech.) in Electrical and Electronics Engineering,fourth_year,8.81
STU000558,Bachelor of Technology (B.Tech.) in Electrical and Electronics Engineering,fourth_year,5.7
STU000559,Bachelor of Technology (B.Tech.) in Electrical and Electronics Engineering,fourth_year,6.8
STU000560,Bachelor of Technology (B.Tech.) in Electrical and Electronics Engineering,fourth_year,6.91
STU000561,Bachelor of Technology (B.Tech.) in Electrical and Electronics Engineering,fourth_year,7.16
STU000562,Bachelor of Technology (B.Tech.) in Electrical and Electronics Engineering,fourth_year,7.25
STU000563,Bachelor of Technology (B.Tech.) in Electrical and Electronics Engineering,fourth_year,7.51
STU000564,Bachelor of Technology (B.Tech.) in Electrical and Electronics Engineering,fourth_year,8.1
STU000565,Bachelor of Technology (B.Tech.) in Electrical and Electronics Engineering,fourth_year,5.74
STU000566,Bachelor of Technology (B.Tech.) in Electrical and Electronics Engineering,fourth_year,5.63
STU000567,Bachelor of Technology (B.Tech.) in Electrical and Electronics Engineering,fourth_year,8.45
STU000568,Bachelor of Technology (B.Tech.) in Electrical and Electronics Engineering,fourth_year,7.24
STU000569,Bachelor of Technology (B.Tech.) in Electrical and Electronics Engineering,fourth_year,7.49
STU000570,Bachelor of Technology (B.Tech.) in Electrical and Electronics Engineering,fourth_year,6.97
STU000571,Bachelor of Technology (B.Tech.) in Electrical and Electronics Engineering,fourth_year,6.73
STU000572,Bachelor of Technology (B.Tech.) in Electrical and Electronics Engineering,fourth_year,7.1
STU000573,Bachelor of Technology (B.Tech.) in Electrical and Electronics Engineering,fourth_year,7.5
STU000574,Bachelor of Technology (B.Tech.) in Electrical and Electronics Engineering,fourth_year,6.91
STU000575,Bachelor of Technology (B.Tech.) in Electrical and Electronics Engineering,fourth_year,7.29
STU000576,Bachelor of Technology (B.Tech.) in Electrical and Electronics Engineering,fourth_year,7.28
STU000577,Bachelor of Technology (B.Tech.) in Electrical and Electronics Engineering,fourth_year,8.52
STU000578,Bachelor of Technology (B.Tech.) in Electrical and Electronics Engineering,fourth_year,6.58
STU000579,Bachelor of Technology (B.Tech.) in Electrical and Electronics Engineering,fourth_year,5.6
STU000580,Bachelor of Technology (B.Tech.) in Electrical and Electronics Engineering,fourth_year,6.0
STU000581,Bachelor of Technology (B.Tech.) in Electrical and Electronics Engineering,fourth_year,6.54
STU000582,Bachelor of Technology (B.Tech.) in Electrical and Electronics Engineering,fourth_year,7.29
STU000583,Bachelor of Technology (B.Tech.) in Electrical and Electronics Engineering,fourth_year,6.36
STU000584,Bachelor of Technology (B.Tech.) in Electrical and Electronics Engineering,fourth_year,5.94
STU000585,Bachelor of Technology (B.Tech.) in Electrical and Electronics Engineering,fourth_year,7.64
STU000586,Bachelor of Technology (B.Tech.) in Electrical and Electronics Engineering,fourth_year,5.59
STU000587,Bachelor of Technology (B.Tech.) in Electrical and Electronics Engineering,fourth_year,6.31
STU000588,Bachelor of Technology (B.Tech.) in Electrical and Electronics Engineering,fourth_year,7.21
STU000589,Bachelor of Technology (B.Tech.) in Electrical and Electronics Engineering,fourth_year,7.76
STU000590,Bachelor of Technology (B.Tech.) in Electrical and Electronics Engineering,fourth_year,9.04
STU000591,Bachelor of Technology (B.Tech.) in Electrical and Electronics Engineering,fourth_year,8.79
STU000592,Bachelor of Technology (B.Tech.) in Electrical and Electronics Engineering,fourth_year,7.79
STU000593,Bachelor of Technology (B.Tech.) in Electrical and Electronics Engineering,fourth_year,6.21
STU000594,Bachelor of Technology (B.Tech.) in Electrical and Electronics Engineering,fourth_year,7.85
STU000595,Bachelor of Technology (B.Tech.) in Electrical and Electronics Engineering,fourth_year,7.1
STU000596,Bachelor of Technology (B.Tech.) in Electrical and Electronics Engineering,fourth_year,6.54
STU000597,Bachelor of Technology (B.Tech.) in Electrical and Electronics Engineering,fourth_year,5.59
STU000598,Bachelor of Technology (B.Tech.) in Electrical and Electronics Engineering,fourth_year,7.14
STU000599,Bachelor of Technology (B.Tech.) in Electrical and Electronics Engineering,fourth_year,5.55
STU000600,Bachelor of Technology (B.Tech.) in Electrical and Electronics Engineering,fourth_year,6.19
STU000601,Bachelor of Technology (B.Tech.) in Electrical and Electronics Engineering,fourth_year,6.07
STU000602,Bachelor of Technology (B.Tech.) in Electrical and Electronics Engineering,fourth_year,7.16
STU000603,Bachelor of Technology (B.Tech.) in Electrical and Electronics Engineering,fourth_year,6.17
STU000604,Bachelor of Technology (B.Tech.) in Electrical and Electronics Engineering,fourth_year,5.98
STU000606,Bachelor of Technology (B.Tech.) in Electrical and Electronics Engineering,fourth_year,7.81
STU000607,Bachelor of Technology (B.Tech.) in Electrical and Electronics Engineering,fourth_year,7.05
STU000608,Bachelor of Technology (B.Tech.) in Electrical and Electronics Engineering,fourth_year,7.7
STU000609,Bachelor of Technology (B.Tech.) in Electrical and Electronics Engineering,fourth_year,5.36
STU000610,Bachelor of Technology (B.Tech.) in Electrical and Electronics Engineering,fourth_year,7.07
STU000611,Bachelor of Technology (B.Tech.) in Electrical and Electronics Engineering,fourth_year,7.38
STU000612,Bachelor of Technology (B.Tech.) in Electrical and Electronics Engineering,fourth_year,6.92
STU000613,Bachelor of Technology (B.Tech.) in Electrical and Electronics Engineering,fourth_year,7.31
STU000614,Bachelor of Technology (B.Tech.) in Electrical and Electronics Engineering,fourth_year,6.58
STU000615,Bachelor of Technology (B.Tech.) in Electrical and Electronics Engineering,fourth_year,7.5
STU000616,Bachelor of Technology (B.Tech.) in Electrical and Electronics Engineering,fourth_year,6.32
STU000617,Bachelor of Technology (B.Tech.) in Electrical and Electronics Engineering,fourth_year,7.05
STU000618,Bachelor of Technology (B.Tech.) in Electrical and Electronics Engineering,fourth_year,6.82
STU000619,Bachelor of Technology (B.Tech.) in Electrical and Electronics Engineering,fourth_year,5.5
STU000620,Bachelor of Technology (B.Tech.) in Electrical and Electronics Engineering,fourth_year,6.27
STU000622,Bachelor of Technology (B.Tech.) in Electrical and Electronics Engineering,fourth_year,6.31
STU000623,Bachelor of Technology (B.Tech.) in Electrical and Electronics Engineering,fourth_year,7.02
STU000624,Bachelor of Technology (B.Tech.) in Electrical and Electronics Engineering,fourth_year,5.96
STU000625,Bachelor of Technology (B.Tech.) in Electrical and Electronics Engineering,fourth_year,6.64
STU000626,Bachelor of Technology (B.Tech.) in Electrical and Electronics Engineering,fourth_year,6.59
STU000627,Bachelor of Technology (B.Tech.) in Electrical and Electronics Engineering,fourth_year,5.75
STU000628,Bachelor of Technology (B.Tech.) in Electrical and Electronics Engineering,fourth_year,5.77
STU000629,Bachelor of Technology (B.Tech.) in Electrical and Electronics Engineering,fourth_year,7.04
STU000630,Bachelor of Technology (B.Tech.) in Electrical and Electronics Engineering,fourth_year,7.48
STU000631,Bachelor of Technology (B.Tech.) in Electrical and Electronics Engineering,fourth_year,7.1
STU000632,Bachelor of Technology (B.Tech.) in Electrical and Electronics Engineering,fourth_year,6.86
STU000633,Bachelor of Technology (B.Tech.) in Electrical and Electronics Engineering,fourth_year,7.37
STU000634,Bachelor of Technology (B.Tech.) in Electrical and Electronics Engineering,fourth_year,6.11
STU000635,Bachelor of Technology (B.Tech.) in Electrical and Electronics Engineering,fourth_year,7.29
STU000636,Bachelor of Technology (B.Tech.) in Electrical and Electronics Engineering,fourth_year,8.5
STU000637,Bachelor of Technology (B.Tech.) in Electrical and Electronics Engineering,fourth_year,5.31
STU000638,Bachelor of Technology (B.Tech.) in Electrical and Electronics Engineering,fourth_year,7.29
STU000639,Bachelor of Technology (B.Tech.) in Electrical and Electronics Engineering,fourth_year,5.99
STU000640,Bachelor of Technology (B.Tech.) in Electrical and Electronics Engineering,fourth_year,7.15
STU000641,Bachelor of Technology (B.Tech.) in Electrical and Electronics Engineering,fourth_year,6.78
STU000642,Bachelor of Technology (B.Tech.) in Electrical and Electronics Engineering,fourth_year,7.5
STU000643,Bachelor of Technology (B.Tech.) in Electrical and Electronics Engineering,fourth_year,6.13
STU000644,Bachelor of Technology (B.Tech.) in Electrical and Electronics Engineering,fourth_year,5.74
STU000645,Bachelor of Technology (B.Tech.) in Electrical and Electronics Engineering,fourth_year,7.89
STU000646,Bachelor of Technology (B.Tech.) in Electrical and Electronics Engineering,fourth_year,6.6
STU000647,Bachelor of Technology (B.Tech.) in Electrical and Electronics Engineering,fourth_year,7.13
STU000648,Bachelor of Technology (B.Tech.) in Electrical and Electronics Engineering,fourth_year,8.51
STU000649,Bachelor of Technology (B.Tech.) in Electrical and Electronics Engineering,fourth_year,5.59
STU000650,Bachelor of Technology (B.Tech.) in Electrical and Electronics Engineering,fourth_year,5.99
STU000651,Bachelor of Technology (B.Tech.) in Electrical and Electronics Engineering,fourth_year,6.43
STU000652,Bachelor of Technology (B.Tech.) in Electrical and Electronics Engineering,fourth_year,7.08
STU000653,Bachelor of Technology (B.Tech.) in Electrical and Electronics Engineering,fourth_year,6.88
STU000654,Bachelor of Technology (B.Tech.) in Electrical and Electronics Engineering,fourth_year,6.91
STU000655,Bachelor of Technology (B.Tech.) in Electrical and Electronics Engineering,fourth_year,6.88
STU000657,Bachelor of Technology (B.Tech.) in Electrical and Electronics Engineering,fourth_year,8.14
STU000658,Bachelor of Technology (B.Tech.) in Electrical and Electronics Engineering,fourth_year,5.25
STU000659,Bachelor of Technology (B.Tech.) in Electrical and Electronics Engineering,fourth_year,5.76
STU000660,Bachelor of Technology (B.Tech.) in Electrical and Electronics Engineering,fourth_year,5.3
STU000661,Bachelor of Technology (B.Tech.) in Electrical and Electronics Engineering,fourth_year,7.87
STU000662,Bachelor of Technology (B.Tech.) in Electrical and Electronics Engineering,fourth_year,7.97
STU000663,Bachelor of Technology (B.Tech.) in Electrical and Electronics Engineering,fourth_year,6.39
STU000664,Bachelor of Technology (B.Tech.) in Electrical and Electronics Engineering,fourth_year,6.93
STU000665,Bachelor of Technology (B.Tech.) in Electrical and Electronics Engineering,fourth_year,6.11
STU000666,Bachelor of Technology (B.Tech.) in Electrical and Electronics Engineering,fourth_year,6.98
STU000667,Bachelor of Technology (B.Tech.) in Electrical and Electronics Engineering,fourth_year,7.5
STU000669,Bachelor of Technology (B.Tech.) in Electrical and Electronics Engineering,fourth_year,5.28
STU000670,Bachelor of Technology (B.Tech.) in Electrical and Electronics Engineering,fourth_year,7.05
STU000671,Bachelor of Technology (B.Tech.) in Electrical and Electronics Engineering,fourth_year,6.87
STU000672,Bachelor of Technology (B.Tech.) in Electrical and Electronics Engineering,fourth_year,8.07
STU000673,Bachelor of Technology (B.Tech.) in Electrical and Electronics Engineering,fourth_year,6.38
STU000674,Bachelor of Technology (B.Tech.) in Electrical and Electronics Engineering,fourth_year,6.5
STU000675,Bachelor of Technology (B.Tech.) in Electrical and Electronics Engineering,fourth_year,8.34
STU000676,Bachelor of Technology (B.Tech.) in Electrical and Electronics Engineering,fourth_year,5.63
STU000677,Bachelor of Technology (B.Tech.) in Electrical and Electronics Engineering,fourth_year,5.79
STU000678,Bachelor of Technology (B.Tech.) in Electrical and Electronics Engineering,fourth_year,6.71
STU000679,Bachelor of Technology (B.Tech.) in Electrical and Electronics Engineering,fourth_year,6.6
STU000680,Bachelor of Technology (B.Tech.) in Electrical and Electronics Engineering,fourth_year,7.38
STU000681,Bachelor of Technology (B.Tech.) in Electrical and Electronics Engineering,fourth_year,6.76
STU000682,Bachelor of Technology (B.Tech.) in Electrical and Electronics Engineering,fourth_year,7.0
STU000684,Bachelor of Technology (B.Tech.) in Electrical and Electronics Engineering,fourth_year,6.92
STU000685,Bachelor of Technology (B.Tech.) in Electrical and Electronics Engineering,fourth_year,5.83
STU000686,Bachelor of Technology (B.Tech.) in Electrical and Electronics Engineering,fourth_year,5.88
STU000687,Bachelor of Technology (B.Tech.) in Electrical and Electronics Engineering,fourth_year,5.92
STU000688,Bachelor of Technology (B.Tech.) in Electrical and Electronics Engineering,fourth_year,5.62
STU000689,Bachelor of Technology (B.Tech.) in Electrical and Electronics Engineering,fourth_year,7.13
STU000691,Bachelor of Technology (B.Tech.) in Electrical and Electronics Engineering,fourth_year,7.29
STU000692,Bachelor of Technology (B.Tech.) in Electrical and Electronics Engineering,fourth_year,6.32
STU000693,Bachelor of Technology (B.Tech.) in Electrical and Electronics Engineering,fourth_year,6.8
STU000694,Bachelor of Technology (B.Tech.) in Electrical and Electronics Engineering,fourth_year,6.33
STU000695,Bachelor of Technology (B.Tech.) in Electrical and Electronics Engineering,fourth_year,7.11
STU000696,Bachelor of Technology (B.Tech.) in Electrical and Electronics Engineering,fourth_year,6.65
STU000697,Bachelor of Technology (B.Tech.) in Electrical and Electronics Engineering,fourth_year,5.88
STU000698,Bachelor of Technology (B.Tech.) in Electrical and Electronics Engineering,fourth_year,6.52
STU000699,Bachelor of Technology (B.Tech.) in Electrical and Electronics Engineering,fourth_year,6.4
STU000700,Bachelor of Technology (B.Tech.) in Electrical and Electronics Engineering,fourth_year,6.93
STU000701,Bachelor of Technology (B.Tech.) in Electrical and Electronics Engineering,fourth_year,5.97
STU000702,Bachelor of Technology (B.Tech.) in Electrical and Electronics Engineering,fourth_year,6.64
STU000703,Bachelor of Technology (B.Tech.) in Electrical and Electronics Engineering,fourth_year,5.26
STU000704,Bachelor of Technology (B.Tech.) in Electrical and Electronics Engineering,fourth_year,6.81
STU000705,Bachelor of Technology (B.Tech.) in Electrical and Electronics Engineering,fourth_year,6.16
STU000706,Bachelor of Technology (B.Tech.) in Electrical and Electronics Engineering,fourth_year,6.48
STU000707,Bachelor of Technology (B.Tech.) in Electrical and Electronics Engineering,fourth_year,8.62
STU000708,Bachelor of Technology (B.Tech.) in Electrical and Electronics Engineering,fourth_year,5.55
STU000709,Bachelor of Technology (B.Tech.) in Electrical and Electronics Engineering,fourth_year,5.92
STU000710,Bachelor of Technology (B.Tech.) in Electrical and Electronics Engineering,fourth_year,5.67
STU002060,Bachelor of Technology (B.Tech.) in Electronics Engineering (VLSI Design and Technology),fourth_year,7.4
STU002061,Bachelor of Technology (B.Tech.) in Electronics Engineering (VLSI Design and Technology),fourth_year,7.85
STU002062,Bachelor of Technology (B.Tech.) in Electronics Engineering (VLSI Design and Technology),fourth_year,8.53
STU002063,Bachelor of Technology (B.Tech.) in Electronics Engineering (VLSI Design and Technology),fourth_year,8.26
STU002064,Bachelor of Technology (B.Tech.) in Electronics Engineering (VLSI Design and Technology),fourth_year,7.87
STU002065,Bachelor of Technology (B.Tech.) in Electronics Engineering (VLSI Design and Technology),fourth_year,7.51
STU002066,Bachelor of Technology (B.Tech.) in Electronics Engineering (VLSI Design and Technology),fourth_year,8.31
STU002067,Bachelor of Technology (B.Tech.) in Electronics Engineering (VLSI Design and Technology),fourth_year,6.67
STU002068,Bachelor of Technology (B.Tech.) in Electronics Engineering (VLSI Design and Technology),fourth_year,8.52
STU002069,Bachelor of Technology (B.Tech.) in Electronics Engineering (VLSI Design and Technology),fourth_year,6.47
STU002070,Bachelor of Technology (B.Tech.) in Electronics Engineering (VLSI Design and Technology),fourth_year,7.82
STU002071,Bachelor of Technology (B.Tech.) in Electronics Engineering (VLSI Design and Technology),fourth_year,5.63
STU002072,Bachelor of Technology (B.Tech.) in Electronics Engineering (VLSI Design and Technology),fourth_year,7.73
STU002073,Bachelor of Technology (B.Tech.) in Electronics Engineering (VLSI Design and Technology),fourth_year,6.85
STU002074,Bachelor of Technology (B.Tech.) in Electronics Engineering (VLSI Design and Technology),fourth_year,6.43
STU002075,Bachelor of Technology (B.Tech.) in Electronics Engineering (VLSI Design and Technology),fourth_year,6.74
STU002076,Bachelor of Technology (B.Tech.) in Electronics Engineering (VLSI Design and Technology),fourth_year,7.23
STU002077,Bachelor of Technology (B.Tech.) in Electronics Engineering (VLSI Design and Technology),fourth_year,6.74
STU002078,Bachelor of Technology (B.Tech.) in Electronics Engineering (VLSI Design and Technology),fourth_year,8.03
STU002079,Bachelor of Technology (B.Tech.) in Electronics Engineering (VLSI Design and Technology),fourth_year,6.71
STU002080,Bachelor of Technology (B.Tech.) in Electronics Engineering (VLSI Design and Technology),fourth_year,6.33
STU002081,Bachelor of Technology (B.Tech.) in Electronics Engineering (VLSI Design and Technology),fourth_year,7.56
STU002082,Bachelor of Technology (B.Tech.) in Electronics Engineering (VLSI Design and Technology),fourth_year,5.48
STU002083,Bachelor of Technology (B.Tech.) in Electronics Engineering (VLSI Design and Technology),fourth_year,7.28
STU002084,Bachelor of Technology (B.Tech.) in Electronics Engineering (VLSI Design and Technology),fourth_year,6.83
STU002085,Bachelor of Technology (B.Tech.) in Electronics Engineering (VLSI Design and Technology),fourth_year,5.89
STU002086,Bachelor of Technology (B.Tech.) in Electronics Engineering (VLSI Design and Technology),fourth_year,6.51
STU002087,Bachelor of Technology (B.Tech.) in Electronics Engineering (VLSI Design and Technology),fourth_year,6.83
STU002088,Bachelor of Technology (B.Tech.) in Electronics Engineering (VLSI Design and Technology),fourth_year,8.4
STU002089,Bachelor of Technology (B.Tech.) in Electronics Engineering (VLSI Design and Technology),fourth_year,5.72
STU002090,Bachelor of Technology (B.Tech.) in Electronics Engineering (VLSI Design and Technology),fourth_year,6.6
STU002091,Bachelor of Technology (B.Tech.) in Electronics Engineering (VLSI Design and Technology),fourth_year,6.94
STU002092,Bachelor of Technology (B.Tech.) in Electronics Engineering (VLSI Design and Technology),fourth_year,6.08
STU002093,Bachelor of Technology (B.Tech.) in Electronics Engineering (VLSI Design and Technology),fourth_year,5.98
STU002094,Bachelor of Technology (B.Tech.) in Electronics Engineering (VLSI Design and Technology),fourth_year,5.66
STU002095,Bachelor of Technology (B.Tech.) in Electronics Engineering (VLSI Design and Technology),fourth_year,6.74
STU002096,Bachelor of Technology (B.Tech.) in Electronics Engineering (VLSI Design and Technology),fourth_year,6.41
STU002097,Bachelor of Technology (B.Tech.) in Electronics Engineering (VLSI Design and Technology),fourth_year,7.53
STU002098,Bachelor of Technology (B.Tech.) in Electronics Engineering (VLSI Design and Technology),fourth_year,5.03
STU002099,Bachelor of Technology (B.Tech.) in Electronics Engineering (VLSI Design and Technology),fourth_year,7.91
STU002100,Bachelor of Technology (B.Tech.) in Electronics Engineering (VLSI Design and Technology),fourth_year,5.99
STU002101,Bachelor of Technology (B.Tech.) in Electronics Engineering (VLSI Design and Technology),fourth_year,7.98
STU002102,Bachelor of Technology (B.Tech.) in Electronics Engineering (VLSI Design and Technology),fourth_year,6.67
STU002103,Bachelor of Technology (B.Tech.) in Electronics Engineering (VLSI Design and Technology),fourth_year,6.14
STU002104,Bachelor of Technology (B.Tech.) in Electronics Engineering (VLSI Design and Technology),fourth_year,6.6
STU002105,Bachelor of Technology (B.Tech.) in Electronics Engineering (VLSI Design and Technology),fourth_year,7.71
STU002106,Bachelor of Technology (B.Tech.) in Electronics Engineering (VLSI Design and Technology),fourth_year,6.27
STU002107,Bachelor of Technology (B.Tech.) in Electronics Engineering (VLSI Design and Technology),fourth_year,6.05
STU002108,Bachelor of Technology (B.Tech.) in Electronics Engineering (VLSI Design and Technology),fourth_year,7.32
STU002109,Bachelor of Technology (B.Tech.) in Electronics Engineering (VLSI Design and Technology),fourth_year,7.17
STU002110,Bachelor of Technology (B.Tech.) in Electronics Engineering (VLSI Design and Technology),fourth_year,6.29
STU002111,Bachelor of Technology (B.Tech.) in Electronics Engineering (VLSI Design and Technology),fourth_year,7.97
STU002112,Bachelor of Technology (B.Tech.) in Electronics Engineering (VLSI Design and Technology),fourth_year,6.57
STU002113,Bachelor of Technology (B.Tech.) in Electronics Engineering (VLSI Design and Technology),fourth_year,6.67
STU002115,Bachelor of Technology (B.Tech.) in Electronics Engineering (VLSI Design and Technology),fourth_year,8.22
STU002116,Bachelor of Technology (B.Tech.) in Electronics Engineering (VLSI Design and Technology),fourth_year,6.47
STU002117,Bachelor of Technology (B.Tech.) in Electronics Engineering (VLSI Design and Technology),fourth_year,8.07
STU002118,Bachelor of Technology (B.Tech.) in Electronics Engineering (VLSI Design and Technology),fourth_year,7.51
STU002119,Bachelor of Technology (B.Tech.) in Electronics Engineering (VLSI Design and Technology),fourth_year,7.26
STU002120,Bachelor of Technology (B.Tech.) in Electronics Engineering (VLSI Design and Technology),fourth_year,7.35
STU002121,Bachelor of Technology (B.Tech.) in Electronics Engineering (VLSI Design and Technology),fourth_year,7.88
STU002122,Bachelor of Technology (B.Tech.) in Electronics Engineering (VLSI Design and Technology),fourth_year,7.32
STU002123,Bachelor of Technology (B.Tech.) in Electronics Engineering (VLSI Design and Technology),fourth_year,7.09
STU002124,Bachelor of Technology (B.Tech.) in Electronics Engineering (VLSI Design and Technology),fourth_year,7.17
STU002125,Bachelor of Technology (B.Tech.) in Electronics Engineering (VLSI Design and Technology),fourth_year,7.97
STU002126,Bachelor of Technology (B.Tech.) in Electronics Engineering (VLSI Design and Technology),fourth_year,6.71
STU002127,Bachelor of Technology (B.Tech.) in Electronics Engineering (VLSI Design and Technology),fourth_year,6.84
STU002128,Bachelor of Technology (B.Tech.) in Electronics Engineering (VLSI Design and Technology),fourth_year,7.31
STU002129,Bachelor of Technology (B.Tech.) in Electronics Engineering (VLSI Design and Technology),fourth_year,6.78
STU000016,Bachelor of Technology (B.Tech.) in Electronics and Communication Engineering,fourth_year,5.78
STU000017,Bachelor of Technology (B.Tech.) in Electronics and Communication Engineering,fourth_year,5.95
STU000018,Bachelor of Technology (B.Tech.) in Electronics and Communication Engineering,fourth_year,5.75
STU000019,Bachelor of Technology (B.Tech.) in Electronics and Communication Engineering,fourth_year,5.06
STU000020,Bachelor of Technology (B.Tech.) in Electronics and Communication Engineering,fourth_year,5.62
STU000085,Bachelor of Technology (B.Tech.) in Electronics and Communication Engineering,fourth_year,4.95
STU000086,Bachelor of Technology (B.Tech.) in Electronics and Communication Engineering,fourth_year,5.06
STU000087,Bachelor of Technology (B.Tech.) in Electronics and Communication Engineering,fourth_year,5.08
STU000088,Bachelor of Technology (B.Tech.) in Electronics and Communication Engineering,fourth_year,5.62
STU000089,Bachelor of Technology (B.Tech.) in Electronics and Communication Engineering,fourth_year,5.43
STU000090,Bachelor of Technology (B.Tech.) in Electronics and Communication Engineering,fourth_year,5.07
STU000092,Bachelor of Technology (B.Tech.) in Electronics and Communication Engineering,fourth_year,6.18
STU000093,Bachelor of Technology (B.Tech.) in Electronics and Communication Engineering,fourth_year,5.41
STU000094,Bachelor of Technology (B.Tech.) in Electronics and Communication Engineering,fourth_year,4.81
STU000095,Bachelor of Technology (B.Tech.) in Electronics and Communication Engineering,fourth_year,7.6
STU000711,Bachelor of Technology (B.Tech.) in Electronics and Communication Engineering,fourth_year,7.98
STU000712,Bachelor of Technology (B.Tech.) in Electronics and Communication Engineering,fourth_year,8.6
STU000713,Bachelor of Technology (B.Tech.) in Electronics and Communication Engineering,fourth_year,9.29
STU000714,Bachelor of Technology (B.Tech.) in Electronics and Communication Engineering,fourth_year,6.21
STU000715,Bachelor of Technology (B.Tech.) in Electronics and Communication Engineering,fourth_year,6.74
STU000716,Bachelor of Technology (B.Tech.) in Electronics and Communication Engineering,fourth_year,5.29
STU000717,Bachelor of Technology (B.Tech.) in Electronics and Communication Engineering,fourth_year,7.47
STU000718,Bachelor of Technology (B.Tech.) in Electronics and Communication Engineering,fourth_year,7.16
STU000719,Bachelor of Technology (B.Tech.) in Electronics and Communication Engineering,fourth_year,5.81
STU000720,Bachelor of Technology (B.Tech.) in Electronics and Communication Engineering,fourth_year,7.07
STU000721,Bachelor of Technology (B.Tech.) in Electronics and Communication Engineering,fourth_year,7.08
STU000722,Bachelor of Technology (B.Tech.) in Electronics and Communication Engineering,fourth_year,6.51
STU000723,Bachelor of Technology (B.Tech.) in Electronics and Communication Engineering,fourth_year,7.29
STU000724,Bachelor of Technology (B.Tech.) in Electronics and Communication Engineering,fourth_year,7.05
STU000725,Bachelor of Technology (B.Tech.) in Electronics and Communication Engineering,fourth_year,7.84
STU000726,Bachelor of Technology (B.Tech.) in Electronics and Communication Engineering,fourth_year,8.61
STU000727,Bachelor of Technology (B.Tech.) in Electronics and Communication Engineering,fourth_year,7.36
STU000728,Bachelor of Technology (B.Tech.) in Electronics and Communication Engineering,fourth_year,7.06
STU000729,Bachelor of Technology (B.Tech.) in Electronics and Communication Engineering,fourth_year,8.26
STU000730,Bachelor of Technology (B.Tech.) in Electronics and Communication Engineering,fourth_year,6.65
STU000731,Bachelor of Technology (B.Tech.) in Electronics and Communication Engineering,fourth_year,6.63
STU000732,Bachelor of Technology (B.Tech.) in Electronics and Communication Engineering,fourth_year,9.21
STU000733,Bachelor of Technology (B.Tech.) in Electronics and Communication Engineering,fourth_year,7.98
STU000734,Bachelor of Technology (B.Tech.) in Electronics and Communication Engineering,fourth_year,7.36
STU000735,Bachelor of Technology (B.Tech.) in Electronics and Communication Engineering,fourth_year,7.65
STU000736,Bachelor of Technology (B.Tech.) in Electronics and Communication Engineering,fourth_year,7.37
STU000737,Bachelor of Technology (B.Tech.) in Electronics and Communication Engineering,fourth_year,8.12
STU000738,Bachelor of Technology (B.Tech.) in Electronics and Communication Engineering,fourth_year,6.12
STU000739,Bachelor of Technology (B.Tech.) in Electronics and Communication Engineering,fourth_year,8.8
STU000740,Bachelor of Technology (B.Tech.) in Electronics and Communication Engineering,fourth_year,7.22
STU000741,Bachelor of Technology (B.Tech.) in Electronics and Communication Engineering,fourth_year,8.29
STU000742,Bachelor of Technology (B.Tech.) in Electronics and Communication Engineering,fourth_year,6.88
STU000743,Bachelor of Technology (B.Tech.) in Electronics and Communication Engineering,fourth_year,7.3
STU000744,Bachelor of Technology (B.Tech.) in Electronics and Communication Engineering,fourth_year,8.34
STU000745,Bachelor of Technology (B.Tech.) in Electronics and Communication Engineering,fourth_year,8.0
STU000746,Bachelor of Technology (B.Tech.) in Electronics and Communication Engineering,fourth_year,8.05
STU000747,Bachelor of Technology (B.Tech.) in Electronics and Communication Engineering,fourth_year,6.66
STU000748,Bachelor of Technology (B.Tech.) in Electronics and Communication Engineering,fourth_year,6.93
STU000749,Bachelor of Technology (B.Tech.) in Electronics and Communication Engineering,fourth_year,8.64
STU000750,Bachelor of Technology (B.Tech.) in Electronics and Communication Engineering,fourth_year,8.02
STU000751,Bachelor of Technology (B.Tech.) in Electronics and Communication Engineering,fourth_year,8.46
STU000752,Bachelor of Technology (B.Tech.) in Electronics and Communication Engineering,fourth_year,6.75
STU000753,Bachelor of Technology (B.Tech.) in Electronics and Communication Engineering,fourth_year,6.55
STU000754,Bachelor of Technology (B.Tech.) in Electronics and Communication Engineering,fourth_year,7.76
STU000755,Bachelor of Technology (B.Tech.) in Electronics and Communication Engineering,fourth_year,6.64
STU000756,Bachelor of Technology (B.Tech.) in Electronics and Communication Engineering,fourth_year,6.7
STU000757,Bachelor of Technology (B.Tech.) in Electronics and Communication Engineering,fourth_year,7.77
STU000758,Bachelor of Technology (B.Tech.) in Electronics and Communication Engineering,fourth_year,6.77
STU000759,Bachelor of Technology (B.Tech.) in Electronics and Communication Engineering,fourth_year,8.8
STU000760,Bachelor of Technology (B.Tech.) in Electronics and Communication Engineering,fourth_year,8.1
STU000761,Bachelor of Technology (B.Tech.) in Electronics and Communication Engineering,fourth_year,7.79
STU000762,Bachelor of Technology (B.Tech.) in Electronics and Communication Engineering,fourth_year,6.74
STU000763,Bachelor of Technology (B.Tech.) in Electronics and Communication Engineering,fourth_year,6.05
STU000764,Bachelor of Technology (B.Tech.) in Electronics and Communication Engineering,fourth_year,9.21
STU000765,Bachelor of Technology (B.Tech.) in Electronics and Communication Engineering,fourth_year,6.57
STU000766,Bachelor of Technology (B.Tech.) in Electronics and Communication Engineering,fourth_year,8.61
STU000767,Bachelor of Technology (B.Tech.) in Electronics and Communication Engineering,fourth_year,8.57
STU000768,Bachelor of Technology (B.Tech.) in Electronics and Communication Engineering,fourth_year,8.3
STU000769,Bachelor of Technology (B.Tech.) in Electronics and Communication Engineering,fourth_year,7.11
STU000770,Bachelor of Technology (B.Tech.) in Electronics and Communication Engineering,fourth_year,7.09
STU000771,Bachelor of Technology (B.Tech.) in Electronics and Communication Engineering,fourth_year,7.45
STU000772,Bachelor of Technology (B.Tech.) in Electronics and Communication Engineering,fourth_year,6.39
STU000773,Bachelor of Technology (B.Tech.) in Electronics and Communication Engineering,fourth_year,7.36
STU000774,Bachelor of Technology (B.Tech.) in Electronics and Communication Engineering,fourth_year,7.92
STU000775,Bachelor of Technology (B.Tech.) in Electronics and Communication Engineering,fourth_year,8.07
STU000776,Bachelor of Technology (B.Tech.) in Electronics and Communication Engineering,fourth_year,6.86
STU000777,Bachelor of Technology (B.Tech.) in Electronics and Communication Engineering,fourth_year,8.02
STU000778,Bachelor of Technology (B.Tech.) in Electronics and Communication Engineering,fourth_year,8.27
STU000779,Bachelor of Technology (B.Tech.) in Electronics and Communication Engineering,fourth_year,7.59
STU000780,Bachelor of Technology (B.Tech.) in Electronics and Communication Engineering,fourth_year,7.72
STU000781,Bachelor of Technology (B.Tech.) in Electronics and Communication Engineering,fourth_year,7.56
STU000782,Bachelor of Technology (B.Tech.) in Electronics and Communication Engineering,fourth_year,8.4
STU000783,Bachelor of Technology (B.Tech.) in Electronics and Communication Engineering,fourth_year,6.15
STU000784,Bachelor of Technology (B.Tech.) in Electronics and Communication Engineering,fourth_year,8.0
STU000785,Bachelor of Technology (B.Tech.) in Electronics and Communication Engineering,fourth_year,8.63
STU000786,Bachelor of Technology (B.Tech.) in Electronics and Communication Engineering,fourth_year,6.73
STU000787,Bachelor of Technology (B.Tech.) in Electronics and Communication Engineering,fourth_year,9.01
STU000788,Bachelor of Technology (B.Tech.) in Electronics and Communication Engineering,fourth_year,7.72
STU000789,Bachelor of Technology (B.Tech.) in Electronics and Communication Engineering,fourth_year,9.57
STU000790,Bachelor of Technology (B.Tech.) in Electronics and Communication Engineering,fourth_year,8.34
STU000791,Bachelor of Technology (B.Tech.) in Electronics and Communication Engineering,fourth_year,6.55
STU000792,Bachelor of Technology (B.Tech.) in Electronics and Communication Engineering,fourth_year,6.17
STU000793,Bachelor of Technology (B.Tech.) in Electronics and Communication Engineering,fourth_year,7.12
STU000794,Bachelor of Technology (B.Tech.) in Electronics and Communication Engineering,fourth_year,7.87
STU000795,Bachelor of Technology (B.Tech.) in Electronics and Communication Engineering,fourth_year,7.07
STU000796,Bachelor of Technology (B.Tech.) in Electronics and Communication Engineering,fourth_year,8.87
STU000797,Bachelor of Technology (B.Tech.) in Electronics and Communication Engineering,fourth_year,9.37
STU000798,Bachelor of Technology (B.Tech.) in Electronics and Communication Engineering,fourth_year,8.31
STU000799,Bachelor of Technology (B.Tech.) in Electronics and Communication Engineering,fourth_year,8.17
STU000800,Bachelor of Technology (B.Tech.) in Electronics and Communication Engineering,fourth_year,7.92
STU000801,Bachelor of Technology (B.Tech.) in Electronics and Communication Engineering,fourth_year,8.34
STU000802,Bachelor of Technology (B.Tech.) in Electronics and Communication Engineering,fourth_year,6.11
STU000803,Bachelor of Technology (B.Tech.) in Electronics and Communication Engineering,fourth_year,6.57
STU000804,Bachelor of Technology (B.Tech.) in Electronics and Communication Engineering,fourth_year,7.17
STU000805,Bachelor of Technology (B.Tech.) in Electronics and Communication Engineering,fourth_year,7.98
STU000806,Bachelor of Technology (B.Tech.) in Electronics and Communication Engineering,fourth_year,7.65
STU000807,Bachelor of Technology (B.Tech.) in Electronics and Communication Engineering,fourth_year,7.45
STU000808,Bachelor of Technology (B.Tech.) in Electronics and Communication Engineering,fourth_year,6.26
STU000809,Bachelor of Technology (B.Tech.) in Electronics and Communication Engineering,fourth_year,7.89
STU000810,Bachelor of Technology (B.Tech.) in Electronics and Communication Engineering,fourth_year,7.41
STU000811,Bachelor of Technology (B.Tech.) in Electronics and Communication Engineering,fourth_year,7.36
STU000812,Bachelor of Technology (B.Tech.) in Electronics and Communication Engineering,fourth_year,6.26
STU000813,Bachelor of Technology (B.Tech.) in Electronics and Communication Engineering,fourth_year,8.02
STU000814,Bachelor of Technology (B.Tech.) in Electronics and Communication Engineering,fourth_year,6.4
STU000815,Bachelor of Technology (B.Tech.) in Electronics and Communication Engineering,fourth_year,8.81
STU000816,Bachelor of Technology (B.Tech.) in Electronics and Communication Engineering,fourth_year,7.69
STU000817,Bachelor of Technology (B.Tech.) in Electronics and Communication Engineering,fourth_year,6.84
STU000818,Bachelor of Technology (B.Tech.) in Electronics and Communication Engineering,fourth_year,8.08
STU000819,Bachelor of Technology (B.Tech.) in Electronics and Communication Engineering,fourth_year,5.65
STU000821,Bachelor of Technology (B.Tech.) in Electronics and Communication Engineering,fourth_year,6.71
STU000822,Bachelor of Technology (B.Tech.) in Electronics and Communication Engineering,fourth_year,6.6
STU000823,Bachelor of Technology (B.Tech.) in Electronics and Communication Engineering,fourth_year,8.0
STU000824,Bachelor of Technology (B.Tech.) in Electronics and Communication Engineering,fourth_year,5.67
STU000825,Bachelor of Technology (B.Tech.) in Electronics and Communication Engineering,fourth_year,9.21
STU000826,Bachelor of Technology (B.Tech.) in Electronics and Communication Engineering,fourth_year,6.8
STU000827,Bachelor of Technology (B.Tech.) in Electronics and Communication Engineering,fourth_year,6.71
STU000828,Bachelor of Technology (B.Tech.) in Electronics and Communication Engineering,fourth_year,7.86
STU000829,Bachelor of Technology (B.Tech.) in Electronics and Communication Engineering,fourth_year,9.36
STU000830,Bachelor of Technology (B.Tech.) in Electronics and Communication Engineering,fourth_year,5.87
STU000831,Bachelor of Technology (B.Tech.) in Electronics and Communication Engineering,fourth_year,7.43
STU000832,Bachelor of Technology (B.Tech.) in Electronics and Communication Engineering,fourth_year,8.05
STU000833,Bachelor of Technology (B.Tech.) in Electronics and Communication Engineering,fourth_year,7.17
STU000834,Bachelor of Technology (B.Tech.) in Electronics and Communication Engineering,fourth_year,7.4
STU000836,Bachelor of Technology (B.Tech.) in Electronics and Communication Engineering,fourth_year,7.35
STU000837,Bachelor of Technology (B.Tech.) in Electronics and Communication Engineering,fourth_year,7.5
STU000838,Bachelor of Technology (B.Tech.) in Electronics and Communication Engineering,fourth_year,7.81
STU000839,Bachelor of Technology (B.Tech.) in Electronics and Communication Engineering,fourth_year,8.19
STU000840,Bachelor of Technology (B.Tech.) in Electronics and Communication Engineering,fourth_year,6.19
STU000841,Bachelor of Technology (B.Tech.) in Electronics and Communication Engineering,fourth_year,7.7
STU000842,Bachelor of Technology (B.Tech.) in Electronics and Communication Engineering,fourth_year,7.83
STU000843,Bachelor of Technology (B.Tech.) in Electronics and Communication Engineering,fourth_year,8.17
STU000844,Bachelor of Technology (B.Tech.) in Electronics and Communication Engineering,fourth_year,7.61
STU000845,Bachelor of Technology (B.Tech.) in Electronics and Communication Engineering,fourth_year,6.34
STU000846,Bachelor of Technology (B.Tech.) in Electronics and Communication Engineering,fourth_year,7.6
STU000847,Bachelor of Technology (B.Tech.) in Electronics and Communication Engineering,fourth_year,7.69
STU000848,Bachelor of Technology (B.Tech.) in Electronics and Communication Engineering,fourth_year,6.73
STU000849,Bachelor of Technology (B.Tech.) in Electronics and Communication Engineering,fourth_year,6.57
STU000850,Bachelor of Technology (B.Tech.) in Electronics and Communication Engineering,fourth_year,7.85
STU000851,Bachelor of Technology (B.Tech.) in Electronics and Communication Engineering,fourth_year,6.56
STU000852,Bachelor of Technology (B.Tech.) in Electronics and Communication Engineering,fourth_year,6.34
STU000853,Bachelor of Technology (B.Tech.) in Electronics and Communication Engineering,fourth_year,7.83
STU000854,Bachelor of Technology (B.Tech.) in Electronics and Communication Engineering,fourth_year,6.73
STU000855,Bachelor of Technology (B.Tech.) in Electronics and Communication Engineering,fourth_year,7.07
STU000856,Bachelor of Technology (B.Tech.) in Electronics and Communication Engineering,fourth_year,7.41
STU000857,Bachelor of Technology (B.Tech.) in Electronics and Communication Engineering,fourth_year,7.37
STU000858,Bachelor of Technology (B.Tech.) in Electronics and Communication Engineering,fourth_year,5.22
STU000859,Bachelor of Technology (B.Tech.) in Electronics and Communication Engineering,fourth_year,4.89
STU000860,Bachelor of Technology (B.Tech.) in Electronics and Communication Engineering,fourth_year,7.6
STU000861,Bachelor of Technology (B.Tech.) in Electronics and Communication Engineering,fourth_year,8.85
STU000862,Bachelor of Technology (B.Tech.) in Electronics and Communication Engineering,fourth_year,5.53
STU000863,Bachelor of Technology (B.Tech.) in Electronics and Communication Engineering,fourth_year,6.69
STU000864,Bachelor of Technology (B.Tech.) in Electronics and Communication Engineering,fourth_year,6.02
STU000865,Bachelor of Technology (B.Tech.) in Electronics and Communication Engineering,fourth_year,7.72
STU000866,Bachelor of Technology (B.Tech.) in Electronics and Communication Engineering,fourth_year,7.94
STU000867,Bachelor of Technology (B.Tech.) in Electronics and Communication Engineering,fourth_year,7.41
STU000868,Bachelor of Technology (B.Tech.) in Electronics and Communication Engineering,fourth_year,7.51
STU000870,Bachelor of Technology (B.Tech.) in Electronics and Communication Engineering,fourth_year,7.4
STU000871,Bachelor of Technology (B.Tech.) in Electronics and Communication Engineering,fourth_year,7.4
STU000872,Bachelor of Technology (B.Tech.) in Electronics and Communication Engineering,fourth_year,6.93
STU000873,Bachelor of Technology (B.Tech.) in Electronics and Communication Engineering,fourth_year,8.4
STU000874,Bachelor of Technology (B.Tech.) in Electronics and Communication Engineering,fourth_year,7.86
STU000875,Bachelor of Technology (B.Tech.) in Electronics and Communication Engineering,fourth_year,7.84
STU000876,Bachelor of Technology (B.Tech.) in Electronics and Communication Engineering,fourth_year,6.57
STU000877,Bachelor of Technology (B.Tech.) in Electronics and Communication Engineering,fourth_year,6.36
STU000878,Bachelor of Technology (B.Tech.) in Electronics and Communication Engineering,fourth_year,6.21
STU000879,Bachelor of Technology (B.Tech.) in Electronics and Communication Engineering,fourth_year,6.86
STU000881,Bachelor of Technology (B.Tech.) in Electronics and Communication Engineering,fourth_year,6.15
STU000882,Bachelor of Technology (B.Tech.) in Electronics and Communication Engineering,fourth_year,7.1
STU000883,Bachelor of Technology (B.Tech.) in Electronics and Communication Engineering,fourth_year,8.26
STU000884,Bachelor of Technology (B.Tech.) in Electronics and Communication Engineering,fourth_year,6.98
STU000886,Bachelor of Technology (B.Tech.) in Electronics and Communication Engineering,fourth_year,8.38
STU000887,Bachelor of Technology (B.Tech.) in Electronics and Communication Engineering,fourth_year,6.71
STU000888,Bachelor of Technology (B.Tech.) in Electronics and Communication Engineering,fourth_year,7.41
STU000889,Bachelor of Technology (B.Tech.) in Electronics and Communication Engineering,fourth_year,7.5
STU000890,Bachelor of Technology (B.Tech.) in Electronics and Communication Engineering,fourth_year,5.65
STU000891,Bachelor of Technology (B.Tech.) in Electronics and Communication Engineering,fourth_year,5.81
STU000892,Bachelor of Technology (B.Tech.) in Electronics and Communication Engineering,fourth_year,5.94
STU000893,Bachelor of Technology (B.Tech.) in Electronics and Communication Engineering,fourth_year,9.07
STU000894,Bachelor of Technology (B.Tech.) in Electronics and Communication Engineering,fourth_year,7.47
STU000895,Bachelor of Technology (B.Tech.) in Electronics and Communication Engineering,fourth_year,7.13
STU000896,Bachelor of Technology (B.Tech.) in Electronics and Communication Engineering,fourth_year,6.61
STU000897,Bachelor of Technology (B.Tech.) in Electronics and Communication Engineering,fourth_year,7.46
STU000898,Bachelor of Technology (B.Tech.) in Electronics and Communication Engineering,fourth_year,7.94
STU000899,Bachelor of Technology (B.Tech.) in Electronics and Communication Engineering,fourth_year,6.67
STU000900,Bachelor of Technology (B.Tech.) in Electronics and Communication Engineering,fourth_year,5.45
STU000901,Bachelor of Technology (B.Tech.) in Electronics and Communication Engineering,fourth_year,5.23
STU000902,Bachelor of Technology (B.Tech.) in Electronics and Communication Engineering,fourth_year,7.37
STU000903,Bachelor of Technology (B.Tech.) in Electronics and Communication Engineering,fourth_year,6.67
STU000904,Bachelor of Technology (B.Tech.) in Electronics and Communication Engineering,fourth_year,6.64
STU000905,Bachelor of Technology (B.Tech.) in Electronics and Communication Engineering,fourth_year,5.41
STU000906,Bachelor of Technology (B.Tech.) in Electronics and Communication Engineering,fourth_year,7.83
STU000907,Bachelor of Technology (B.Tech.) in Electronics and Communication Engineering,fourth_year,7.33
STU000908,Bachelor of Technology (B.Tech.) in Electronics and Communication Engineering,fourth_year,7.08
STU000909,Bachelor of Technology (B.Tech.) in Electronics and Communication Engineering,fourth_year,6.59
STU000910,Bachelor of Technology (B.Tech.) in Electronics and Communication Engineering,fourth_year,7.54
STU000911,Bachelor of Technology (B.Tech.) in Electronics and Communication Engineering,fourth_year,7.27
STU000912,Bachelor of Technology (B.Tech.) in Electronics and Communication Engineering,fourth_year,6.19
STU000913,Bachelor of Technology (B.Tech.) in Electronics and Communication Engineering,fourth_year,7.87
STU000914,Bachelor of Technology (B.Tech.) in Electronics and Communication Engineering,fourth_year,6.91
STU000915,Bachelor of Technology (B.Tech.) in Electronics and Communication Engineering,fourth_year,7.83
STU000918,Bachelor of Technology (B.Tech.) in Electronics and Communication Engineering,fourth_year,7.82
STU000919,Bachelor of Technology (B.Tech.) in Electronics and Communication Engineering,fourth_year,7.57
STU000920,Bachelor of Technology (B.Tech.) in Electronics and Communication Engineering,fourth_year,8.37
STU000921,Bachelor of Technology (B.Tech.) in Electronics and Communication Engineering,fourth_year,7.74
STU000922,Bachelor of Technology (B.Tech.) in Electronics and Communication Engineering,fourth_year,8.21
STU000923,Bachelor of Technology (B.Tech.) in Electronics and Communication Engineering,fourth_year,7.52
STU000924,Bachelor of Technology (B.Tech.) in Electronics and Communication Engineering,fourth_year,8.12
STU000925,Bachelor of Technology (B.Tech.) in Electronics and Communication Engineering,fourth_year,7.97
STU000926,Bachelor of Technology (B.Tech.) in Electronics and Communication Engineering,fourth_year,8.0
STU000927,Bachelor of Technology (B.Tech.) in Electronics and Communication Engineering,fourth_year,7.41
STU000928,Bachelor of Technology (B.Tech.) in Electronics and Communication Engineering,fourth_year,7.69
STU000929,Bachelor of Technology (B.Tech.) in Electronics and Communication Engineering,fourth_year,7.1
STU000930,Bachelor of Technology (B.Tech.) in Electronics and Communication Engineering,fourth_year,7.21
STU000931,Bachelor of Technology (B.Tech.) in Electronics and Communication Engineering,fourth_year,6.6
STU000932,Bachelor of Technology (B.Tech.) in Electronics and Communication Engineering,fourth_year,7.91
STU000933,Bachelor of Technology (B.Tech.) in Electronics and Communication Engineering,fourth_year,7.3
STU000031,Bachelor of Technology (B.Tech.) in Electronics and Instrumentation Engineering,fourth_year,5.29
STU000032,Bachelor of Technology (B.Tech.) in Electronics and Instrumentation Engineering,fourth_year,6.19
STU000033,Bachelor of Technology (B.Tech.) in Electronics and Instrumentation Engineering,fourth_year,5.64
STU000034,Bachelor of Technology (B.Tech.) in Electronics and Instrumentation Engineering,fourth_year,6.06
STU000035,Bachelor of Technology (B.Tech.) in Electronics and Instrumentation Engineering,fourth_year,6.25
STU000147,Bachelor of Technology (B.Tech.) in Electronics and Instrumentation Engineering,fourth_year,5.86
STU000148,Bachelor of Technology (B.Tech.) in Electronics and Instrumentation Engineering,fourth_year,5.45
STU000150,Bachelor of Technology (B.Tech.) in Electronics and Instrumentation Engineering,fourth_year,6.74
STU001522,Bachelor of Technology (B.Tech.) in Electronics and Instrumentation Engineering,fourth_year,6.4
STU001523,Bachelor of Technology (B.Tech.) in Electronics and Instrumentation Engineering,fourth_year,6.59
STU001524,Bachelor of Technology (B.Tech.) in Electronics and Instrumentation Engineering,fourth_year,6.62
STU001525,Bachelor of Technology (B.Tech.) in Electronics and Instrumentation Engineering,fourth_year,6.05
STU001526,Bachelor of Technology (B.Tech.) in Electronics and Instrumentation Engineering,fourth_year,7.7
STU001527,Bachelor of Technology (B.Tech.) in Electronics and Instrumentation Engineering,fourth_year,7.48
STU001528,Bachelor of Technology (B.Tech.) in Electronics and Instrumentation Engineering,fourth_year,6.99
STU001529,Bachelor of Technology (B.Tech.) in Electronics and Instrumentation Engineering,fourth_year,7.01
STU001530,Bachelor of Technology (B.Tech.) in Electronics and Instrumentation Engineering,fourth_year,7.36
STU001531,Bachelor of Technology (B.Tech.) in Electronics and Instrumentation Engineering,fourth_year,7.69
STU001532,Bachelor of Technology (B.Tech.) in Electronics and Instrumentation Engineering,fourth_year,5.31
STU001533,Bachelor of Technology (B.Tech.) in Electronics and Instrumentation Engineering,fourth_year,6.93
STU001535,Bachelor of Technology (B.Tech.) in Electronics and Instrumentation Engineering,fourth_year,5.84
STU001536,Bachelor of Technology (B.Tech.) in Electronics and Instrumentation Engineering,fourth_year,6.87
STU001537,Bachelor of Technology (B.Tech.) in Electronics and Instrumentation Engineering,fourth_year,5.64
STU001538,Bachelor of Technology (B.Tech.) in Electronics and Instrumentation Engineering,fourth_year,7.51
STU001539,Bachelor of Technology (B.Tech.) in Electronics and Instrumentation Engineering,fourth_year,6.27
STU001540,Bachelor of Technology (B.Tech.) in Electronics and Instrumentation Engineering,fourth_year,7.77
STU001541,Bachelor of Technology (B.Tech.) in Electronics and Instrumentation Engineering,fourth_year,6.2
STU001542,Bachelor of Technology (B.Tech.) in Electronics and Instrumentation Engineering,fourth_year,7.36
STU001543,Bachelor of Technology (B.Tech.) in Electronics and Instrumentation Engineering,fourth_year,6.4
STU001544,Bachelor of Technology (B.Tech.) in Electronics and Instrumentation Engineering,fourth_year,6.17
STU001545,Bachelor of Technology (B.Tech.) in Electronics and Instrumentation Engineering,fourth_year,6.14
STU001546,Bachelor of Technology (B.Tech.) in Electronics and Instrumentation Engineering,fourth_year,5.18
STU001547,Bachelor of Technology (B.Tech.) in Electronics and Instrumentation Engineering,fourth_year,6.55
STU001548,Bachelor of Technology (B.Tech.) in Electronics and Instrumentation Engineering,fourth_year,6.78
STU001549,Bachelor of Technology (B.Tech.) in Electronics and Instrumentation Engineering,fourth_year,6.76
STU001550,Bachelor of Technology (B.Tech.) in Electronics and Instrumentation Engineering,fourth_year,6.8
STU001551,Bachelor of Technology (B.Tech.) in Electronics and Instrumentation Engineering,fourth_year,6.81
STU001552,Bachelor of Technology (B.Tech.) in Electronics and Instrumentation Engineering,fourth_year,6.11
STU001553,Bachelor of Technology (B.Tech.) in Electronics and Instrumentation Engineering,fourth_year,6.6
STU001554,Bachelor of Technology (B.Tech.) in Electronics and Instrumentation Engineering,fourth_year,5.47
STU001555,Bachelor of Technology (B.Tech.) in Electronics and Instrumentation Engineering,fourth_year,6.13
STU001556,Bachelor of Technology (B.Tech.) in Electronics and Instrumentation Engineering,fourth_year,6.5
STU001557,Bachelor of Technology (B.Tech.) in Electronics and Instrumentation Engineering,fourth_year,7.18
STU001558,Bachelor of Technology (B.Tech.) in Electronics and Instrumentation Engineering,fourth_year,5.76
STU001559,Bachelor of Technology (B.Tech.) in Electronics and Instrumentation Engineering,fourth_year,8.17
STU001560,Bachelor of Technology (B.Tech.) in Electronics and Instrumentation Engineering,fourth_year,6.98
STU001561,Bachelor of Technology (B.Tech.) in Electronics and Instrumentation Engineering,fourth_year,4.81
STU001562,Bachelor of Technology (B.Tech.) in Electronics and Instrumentation Engineering,fourth_year,5.98
STU001564,Bachelor of Technology (B.Tech.) in Electronics and Instrumentation Engineering,fourth_year,7.07
STU001565,Bachelor of Technology (B.Tech.) in Electronics and Instrumentation Engineering,fourth_year,5.95
STU001566,Bachelor of Technology (B.Tech.) in Electronics and Instrumentation Engineering,fourth_year,5.48
STU001567,Bachelor of Technology (B.Tech.) in Electronics and Instrumentation Engineering,fourth_year,7.01
STU001568,Bachelor of Technology (B.Tech.) in Electronics and Instrumentation Engineering,fourth_year,7.27
STU001569,Bachelor of Technology (B.Tech.) in Electronics and Instrumentation Engineering,fourth_year,7.69
STU001570,Bachelor of Technology (B.Tech.) in Electronics and Instrumentation Engineering,fourth_year,5.88
STU001571,Bachelor of Technology (B.Tech.) in Electronics and Instrumentation Engineering,fourth_year,6.39
STU001572,Bachelor of Technology (B.Tech.) in Electronics and Instrumentation Engineering,fourth_year,6.58
STU001573,Bachelor of Technology (B.Tech.) in Electronics and Instrumentation Engineering,fourth_year,6.36
STU001574,Bachelor of Technology (B.Tech.) in Electronics and Instrumentation Engineering,fourth_year,5.96
STU001575,Bachelor of Technology (B.Tech.) in Electronics and Instrumentation Engineering,fourth_year,7.29
STU001576,Bachelor of Technology (B.Tech.) in Electronics and Instrumentation Engineering,fourth_year,7.57
STU001577,Bachelor of Technology (B.Tech.) in Electronics and Instrumentation Engineering,fourth_year,6.87
STU001578,Bachelor of Technology (B.Tech.) in Electronics and Instrumentation Engineering,fourth_year,5.31
STU001579,Bachelor of Technology (B.Tech.) in Electronics and Instrumentation Engineering,fourth_year,7.37
STU001580,Bachelor of Technology (B.Tech.) in Electronics and Instrumentation Engineering,fourth_year,6.36
STU001581,Bachelor of Technology (B.Tech.) in Electronics and Instrumentation Engineering,fourth_year,5.87
STU001582,Bachelor of Technology (B.Tech.) in Electronics and Instrumentation Engineering,fourth_year,7.2
STU001583,Bachelor of Technology (B.Tech.) in Electronics and Instrumentation Engineering,fourth_year,6.73
STU001584,Bachelor of Technology (B.Tech.) in Electronics and Instrumentation Engineering,fourth_year,7.23
STU001586,Bachelor of Technology (B.Tech.) in Electronics and Instrumentation Engineering,fourth_year,7.5
STU001587,Bachelor of Technology (B.Tech.) in Electronics and Instrumentation Engineering,fourth_year,7.27
STU001588,Bachelor of Technology (B.Tech.) in Electronics and Instrumentation Engineering,fourth_year,6.64
STU001589,Bachelor of Technology (B.Tech.) in Electronics and Instrumentation Engineering,fourth_year,6.55
STU001591,Bachelor of Technology (B.Tech.) in Electronics and Instrumentation Engineering,fourth_year,7.01
STU001593,Bachelor of Technology (B.Tech.) in Electronics and Instrumentation Engineering,fourth_year,6.48
STU001594,Bachelor of Technology (B.Tech.) in Electronics and Instrumentation Engineering,fourth_year,7.31
STU001595,Bachelor of Technology (B.Tech.) in Electronics and Instrumentation Engineering,fourth_year,7.3
STU000144,Bachelor of Technology (B.Tech.) in Industrial Engineering,fourth_year,6.9
STU001515,Bachelor of Technology (B.Tech.) in Industrial Engineering,fourth_year,7.69
STU001516,Bachelor of Technology (B.Tech.) in Industrial Engineering,fourth_year,7.02
STU001517,Bachelor of Technology (B.Tech.) in Industrial Engineering,fourth_year,6.88
STU001518,Bachelor of Technology (B.Tech.) in Industrial Engineering,fourth_year,6.86
STU001519,Bachelor of Technology (B.Tech.) in Industrial Engineering,fourth_year,8.63
STU001520,Bachelor of Technology (B.Tech.) in Industrial Engineering,fourth_year,8.05
STU001521,Bachelor of Technology (B.Tech.) in Industrial Engineering,fourth_year,5.71
STU001919,Bachelor of Technology (B.Tech.) in Mathematics and Computing,fourth_year,6.31
STU001920,Bachelor of Technology (B.Tech.) in Mathematics and Computing,fourth_year,6.95
STU001921,Bachelor of Technology (B.Tech.) in Mathematics and Computing,fourth_year,6.12
STU001922,Bachelor of Technology (B.Tech.) in Mathematics and Computing,fourth_year,8.78
STU001923,Bachelor of Technology (B.Tech.) in Mathematics and Computing,fourth_year,7.47
STU001924,Bachelor of Technology (B.Tech.) in Mathematics and Computing,fourth_year,8.33
STU001925,Bachelor of Technology (B.Tech.) in Mathematics and Computing,fourth_year,7.89
STU001926,Bachelor of Technology (B.Tech.) in Mathematics and Computing,fourth_year,7.6
STU001927,Bachelor of Technology (B.Tech.) in Mathematics and Computing,fourth_year,7.69
STU001928,Bachelor of Technology (B.Tech.) in Mathematics and Computing,fourth_year,8.74
STU001929,Bachelor of Technology (B.Tech.) in Mathematics and Computing,fourth_year,8.44
STU001930,Bachelor of Technology (B.Tech.) in Mathematics and Computing,fourth_year,8.15
STU001932,Bachelor of Technology (B.Tech.) in Mathematics and Computing,fourth_year,7.99
STU001933,Bachelor of Technology (B.Tech.) in Mathematics and Computing,fourth_year,7.19
STU001934,Bachelor of Technology (B.Tech.) in Mathematics and Computing,fourth_year,9.48
STU001935,Bachelor of Technology (B.Tech.) in Mathematics and Computing,fourth_year,7.95
STU001936,Bachelor of Technology (B.Tech.) in Mathematics and Computing,fourth_year,7.96
STU001937,Bachelor of Technology (B.Tech.) in Mathematics and Computing,fourth_year,8.98
STU001938,Bachelor of Technology (B.Tech.) in Mathematics and Computing,fourth_year,8.45
STU001939,Bachelor of Technology (B.Tech.) in Mathematics and Computing,fourth_year,7.24
STU001940,Bachelor of Technology (B.Tech.) in Mathematics and Computing,fourth_year,6.58
STU001941,Bachelor of Technology (B.Tech.) in Mathematics and Computing,fourth_year,7.79
STU001942,Bachelor of Technology (B.Tech.) in Mathematics and Computing,fourth_year,7.51
STU001943,Bachelor of Technology (B.Tech.) in Mathematics and Computing,fourth_year,8.05
STU001944,Bachelor of Technology (B.Tech.) in Mathematics and Computing,fourth_year,7.96
STU001945,Bachelor of Technology (B.Tech.) in Mathematics and Computing,fourth_year,7.81
STU001946,Bachelor of Technology (B.Tech.) in Mathematics and Computing,fourth_year,5.39
STU001947,Bachelor of Technology (B.Tech.) in Mathematics and Computing,fourth_year,5.35
STU001948,Bachelor of Technology (B.Tech.) in Mathematics and Computing,fourth_year,6.89
STU001949,Bachelor of Technology (B.Tech.) in Mathematics and Computing,fourth_year,7.99
STU001950,Bachelor of Technology (B.Tech.) in Mathematics and Computing,fourth_year,7.81
STU001951,Bachelor of Technology (B.Tech.) in Mathematics and Computing,fourth_year,6.71
STU001952,Bachelor of Technology (B.Tech.) in Mathematics and Computing,fourth_year,6.33
STU001953,Bachelor of Technology (B.Tech.) in Mathematics and Computing,fourth_year,6.8
STU001954,Bachelor of Technology (B.Tech.) in Mathematics and Computing,fourth_year,7.25
STU001955,Bachelor of Technology (B.Tech.) in Mathematics and Computing,fourth_year,8.47
STU001956,Bachelor of Technology (B.Tech.) in Mathematics and Computing,fourth_year,6.64
STU001957,Bachelor of Technology (B.Tech.) in Mathematics and Computing,fourth_year,6.04
STU001958,Bachelor of Technology (B.Tech.) in Mathematics and Computing,fourth_year,7.38
STU001959,Bachelor of Technology (B.Tech.) in Mathematics and Computing,fourth_year,7.12
STU001960,Bachelor of Technology (B.Tech.) in Mathematics and Computing,fourth_year,6.47
STU001961,Bachelor of Technology (B.Tech.) in Mathematics and Computing,fourth_year,6.93
STU001962,Bachelor of Technology (B.Tech.) in Mathematics and Computing,fourth_year,7.65
STU001963,Bachelor of Technology (B.Tech.) in Mathematics and Computing,fourth_year,7.9
STU001964,Bachelor of Technology (B.Tech.) in Mathematics and Computing,fourth_year,6.56
STU001965,Bachelor of Technology (B.Tech.) in Mathematics and Computing,fourth_year,7.89
STU001966,Bachelor of Technology (B.Tech.) in Mathematics and Computing,fourth_year,8.77
STU001967,Bachelor of Technology (B.Tech.) in Mathematics and Computing,fourth_year,8.04
STU001968,Bachelor of Technology (B.Tech.) in Mathematics and Computing,fourth_year,8.68
STU001969,Bachelor of Technology (B.Tech.) in Mathematics and Computing,fourth_year,8.37
STU001970,Bachelor of Technology (B.Tech.) in Mathematics and Computing,fourth_year,7.12
STU001971,Bachelor of Technology (B.Tech.) in Mathematics and Computing,fourth_year,7.09
STU001972,Bachelor of Technology (B.Tech.) in Mathematics and Computing,fourth_year,6.63
STU001973,Bachelor of Technology (B.Tech.) in Mathematics and Computing,fourth_year,7.58
STU001974,Bachelor of Technology (B.Tech.) in Mathematics and Computing,fourth_year,6.4
STU001975,Bachelor of Technology (B.Tech.) in Mathematics and Computing,fourth_year,8.07
STU001976,Bachelor of Technology (B.Tech.) in Mathematics and Computing,fourth_year,6.86
STU001977,Bachelor of Technology (B.Tech.) in Mathematics and Computing,fourth_year,7.11
STU001978,Bachelor of Technology (B.Tech.) in Mathematics and Computing,fourth_year,7.15
STU001979,Bachelor of Technology (B.Tech.) in Mathematics and Computing,fourth_year,6.73
STU001980,Bachelor of Technology (B.Tech.) in Mathematics and Computing,fourth_year,7.9
STU001981,Bachelor of Technology (B.Tech.) in Mathematics and Computing,fourth_year,6.6
STU001982,Bachelor of Technology (B.Tech.) in Mathematics and Computing,fourth_year,6.74
STU001983,Bachelor of Technology (B.Tech.) in Mathematics and Computing,fourth_year,8.35
STU001984,Bachelor of Technology (B.Tech.) in Mathematics and Computing,fourth_year,8.34
STU001985,Bachelor of Technology (B.Tech.) in Mathematics and Computing,fourth_year,7.98
STU001986,Bachelor of Technology (B.Tech.) in Mathematics and Computing,fourth_year,7.39
STU000002,Bachelor of Technology (B.Tech.) in Mechanical Engineering,fourth_year,6.57
STU000021,Bachelor of Technology (B.Tech.) in Mechanical Engineering,fourth_year,5.39
STU000022,Bachelor of Technology (B.Tech.) in Mechanical Engineering,fourth_year,5.52
STU000023,Bachelor of Technology (B.Tech.) in Mechanical Engineering,fourth_year,5.23
STU000024,Bachelor of Technology (B.Tech.) in Mechanical Engineering,fourth_year,5.33
STU000097,Bachelor of Technology (B.Tech.) in Mechanical Engineering,fourth_year,5.74
STU000099,Bachelor of Technology (B.Tech.) in Mechanical Engineering,fourth_year,6.3
STU000100,Bachelor of Technology (B.Tech.) in Mechanical Engineering,fourth_year,5.19
STU000101,Bachelor of Technology (B.Tech.) in Mechanical Engineering,fourth_year,5.55
STU000102,Bachelor of Technology (B.Tech.) in Mechanical Engineering,fourth_year,5.07
STU000103,Bachelor of Technology (B.Tech.) in Mechanical Engineering,fourth_year,5.69
STU000104,Bachelor of Technology (B.Tech.) in Mechanical Engineering,fourth_year,5.9
STU000105,Bachelor of Technology (B.Tech.) in Mechanical Engineering,fourth_year,5.18
STU000106,Bachelor of Technology (B.Tech.) in Mechanical Engineering,fourth_year,6.41
STU000107,Bachelor of Technology (B.Tech.) in Mechanical Engineering,fourth_year,5.43
STU000108,Bachelor of Technology (B.Tech.) in Mechanical Engineering,fourth_year,4.79
STU000109,Bachelor of Technology (B.Tech.) in Mechanical Engineering,fourth_year,5.95
STU000110,Bachelor of Technology (B.Tech.) in Mechanical Engineering,fourth_year,5.91
STU000111,Bachelor of Technology (B.Tech.) in Mechanical Engineering,fourth_year,5.74
STU000113,Bachelor of Technology (B.Tech.) in Mechanical Engineering,fourth_year,5.93
STU000114,Bachelor of Technology (B.Tech.) in Mechanical Engineering,fourth_year,5.74
STU000115,Bachelor of Technology (B.Tech.) in Mechanical Engineering,fourth_year,6.66
STU000116,Bachelor of Technology (B.Tech.) in Mechanical Engineering,fourth_year,5.77
STU000119,Bachelor of Technology (B.Tech.) in Mechanical Engineering,fourth_year,5.65
STU000121,Bachelor of Technology (B.Tech.) in Mechanical Engineering,fourth_year,4.95
STU000122,Bachelor of Technology (B.Tech.) in Mechanical Engineering,fourth_year,5.83
STU000934,Bachelor of Technology (B.Tech.) in Mechanical Engineering,fourth_year,8.4
STU000935,Bachelor of Technology (B.Tech.) in Mechanical Engineering,fourth_year,6.86
STU000937,Bachelor of Technology (B.Tech.) in Mechanical Engineering,fourth_year,7.77
STU000938,Bachelor of Technology (B.Tech.) in Mechanical Engineering,fourth_year,6.08
STU000939,Bachelor of Technology (B.Tech.) in Mechanical Engineering,fourth_year,7.08
STU000940,Bachelor of Technology (B.Tech.) in Mechanical Engineering,fourth_year,8.27
STU000941,Bachelor of Technology (B.Tech.) in Mechanical Engineering,fourth_year,8.06
STU000942,Bachelor of Technology (B.Tech.) in Mechanical Engineering,fourth_year,8.5
STU000943,Bachelor of Technology (B.Tech.) in Mechanical Engineering,fourth_year,7.7
STU000944,Bachelor of Technology (B.Tech.) in Mechanical Engineering,fourth_year,6.65
STU000945,Bachelor of Technology (B.Tech.) in Mechanical Engineering,fourth_year,9.39
STU000946,Bachelor of Technology (B.Tech.) in Mechanical Engineering,fourth_year,7.89
STU000947,Bachelor of Technology (B.Tech.) in Mechanical Engineering,fourth_year,8.06
STU000948,Bachelor of Technology (B.Tech.) in Mechanical Engineering,fourth_year,6.31
STU000949,Bachelor of Technology (B.Tech.) in Mechanical Engineering,fourth_year,7.63
STU000950,Bachelor of Technology (B.Tech.) in Mechanical Engineering,fourth_year,7.06
STU000951,Bachelor of Technology (B.Tech.) in Mechanical Engineering,fourth_year,7.45
STU000952,Bachelor of Technology (B.Tech.) in Mechanical Engineering,fourth_year,7.05
STU000953,Bachelor of Technology (B.Tech.) in Mechanical Engineering,fourth_year,5.0
STU000955,Bachelor of Technology (B.Tech.) in Mechanical Engineering,fourth_year,6.24
STU000956,Bachelor of Technology (B.Tech.) in Mechanical Engineering,fourth_year,6.02
STU000957,Bachelor of Technology (B.Tech.) in Mechanical Engineering,fourth_year,7.55
STU000958,Bachelor of Technology (B.Tech.) in Mechanical Engineering,fourth_year,6.05
STU000959,Bachelor of Technology (B.Tech.) in Mechanical Engineering,fourth_year,7.91
STU000961,Bachelor of Technology (B.Tech.) in Mechanical Engineering,fourth_year,7.91
STU000962,Bachelor of Technology (B.Tech.) in Mechanical Engineering,fourth_year,7.27
STU000963,Bachelor of Technology (B.Tech.) in Mechanical Engineering,fourth_year,9.28
STU000964,Bachelor of Technology (B.Tech.) in Mechanical Engineering,fourth_year,9.07
STU000965,Bachelor of Technology (B.Tech.) in Mechanical Engineering,fourth_year,8.01
STU000966,Bachelor of Technology (B.Tech.) in Mechanical Engineering,fourth_year,9.58
STU000967,Bachelor of Technology (B.Tech.) in Mechanical Engineering,fourth_year,5.23
STU000968,Bachelor of Technology (B.Tech.) in Mechanical Engineering,fourth_year,8.81
STU000969,Bachelor of Technology (B.Tech.) in Mechanical Engineering,fourth_year,7.69
STU000971,Bachelor of Technology (B.Tech.) in Mechanical Engineering,fourth_year,7.44
STU000972,Bachelor of Technology (B.Tech.) in Mechanical Engineering,fourth_year,6.4
STU000973,Bachelor of Technology (B.Tech.) in Mechanical Engineering,fourth_year,8.01
STU000974,Bachelor of Technology (B.Tech.) in Mechanical Engineering,fourth_year,9.64
STU000975,Bachelor of Technology (B.Tech.) in Mechanical Engineering,fourth_year,6.41
STU000976,Bachelor of Technology (B.Tech.) in Mechanical Engineering,fourth_year,8.79
STU000977,Bachelor of Technology (B.Tech.) in Mechanical Engineering,fourth_year,7.6
STU000978,Bachelor of Technology (B.Tech.) in Mechanical Engineering,fourth_year,8.2
STU000979,Bachelor of Technology (B.Tech.) in Mechanical Engineering,fourth_year,7.02
STU000980,Bachelor of Technology (B.Tech.) in Mechanical Engineering,fourth_year,7.61
STU000981,Bachelor of Technology (B.Tech.) in Mechanical Engineering,fourth_year,7.6
STU000982,Bachelor of Technology (B.Tech.) in Mechanical Engineering,fourth_year,8.61
STU000983,Bachelor of Technology (B.Tech.) in Mechanical Engineering,fourth_year,6.99
STU000984,Bachelor of Technology (B.Tech.) in Mechanical Engineering,fourth_year,9.03
STU000985,Bachelor of Technology (B.Tech.) in Mechanical Engineering,fourth_year,7.15
STU000986,Bachelor of Technology (B.Tech.) in Mechanical Engineering,fourth_year,5.99
STU000987,Bachelor of Technology (B.Tech.) in Mechanical Engineering,fourth_year,6.45
STU000988,Bachelor of Technology (B.Tech.) in Mechanical Engineering,fourth_year,6.79
STU000989,Bachelor of Technology (B.Tech.) in Mechanical Engineering,fourth_year,5.62
STU000990,Bachelor of Technology (B.Tech.) in Mechanical Engineering,fourth_year,7.5
STU000991,Bachelor of Technology (B.Tech.) in Mechanical Engineering,fourth_year,8.81
STU000992,Bachelor of Technology (B.Tech.) in Mechanical Engineering,fourth_year,8.16
STU000993,Bachelor of Technology (B.Tech.) in Mechanical Engineering,fourth_year,7.24
STU000994,Bachelor of Technology (B.Tech.) in Mechanical Engineering,fourth_year,7.72
STU000995,Bachelor of Technology (B.Tech.) in Mechanical Engineering,fourth_year,6.64
STU000996,Bachelor of Technology (B.Tech.) in Mechanical Engineering,fourth_year,6.9
STU000997,Bachelor of Technology (B.Tech.) in Mechanical Engineering,fourth_year,8.81
STU000998,Bachelor of Technology (B.Tech.) in Mechanical Engineering,fourth_year,6.15
STU000999,Bachelor of Technology (B.Tech.) in Mechanical Engineering,fourth_year,8.0
STU001000,Bachelor of Technology (B.Tech.) in Mechanical Engineering,fourth_year,7.85
STU001001,Bachelor of Technology (B.Tech.) in Mechanical Engineering,fourth_year,7.74
STU001002,Bachelor of Technology (B.Tech.) in Mechanical Engineering,fourth_year,8.04
STU001003,Bachelor of Technology (B.Tech.) in Mechanical Engineering,fourth_year,8.45
STU001004,Bachelor of Technology (B.Tech.) in Mechanical Engineering,fourth_year,7.6
STU001005,Bachelor of Technology (B.Tech.) in Mechanical Engineering,fourth_year,7.35
STU001006,Bachelor of Technology (B.Tech.) in Mechanical Engineering,fourth_year,6.35
STU001007,Bachelor of Technology (B.Tech.) in Mechanical Engineering,fourth_year,8.08
STU001008,Bachelor of Technology (B.Tech.) in Mechanical Engineering,fourth_year,8.03
STU001009,Bachelor of Technology (B.Tech.) in Mechanical Engineering,fourth_year,5.72
STU001010,Bachelor of Technology (B.Tech.) in Mechanical Engineering,fourth_year,5.75
STU001011,Bachelor of Technology (B.Tech.) in Mechanical Engineering,fourth_year,6.82
STU001012,Bachelor of Technology (B.Tech.) in Mechanical Engineering,fourth_year,7.48
STU001013,Bachelor of Technology (B.Tech.) in Mechanical Engineering,fourth_year,6.16
STU001014,Bachelor of Technology (B.Tech.) in Mechanical Engineering,fourth_year,5.85
STU001015,Bachelor of Technology (B.Tech.) in Mechanical Engineering,fourth_year,8.14
STU001016,Bachelor of Technology (B.Tech.) in Mechanical Engineering,fourth_year,7.02
STU001017,Bachelor of Technology (B.Tech.) in Mechanical Engineering,fourth_year,7.88
STU001020,Bachelor of Technology (B.Tech.) in Mechanical Engineering,fourth_year,7.24
STU001021,Bachelor of Technology (B.Tech.) in Mechanical Engineering,fourth_year,6.68
STU001022,Bachelor of Technology (B.Tech.) in Mechanical Engineering,fourth_year,5.26
STU001023,Bachelor of Technology (B.Tech.) in Mechanical Engineering,fourth_year,7.36
STU001024,Bachelor of Technology (B.Tech.) in Mechanical Engineering,fourth_year,7.08
STU001025,Bachelor of Technology (B.Tech.) in Mechanical Engineering,fourth_year,7.83
STU001026,Bachelor of Technology (B.Tech.) in Mechanical Engineering,fourth_year,6.74
STU001027,Bachelor of Technology (B.Tech.) in Mechanical Engineering,fourth_year,6.89
STU001028,Bachelor of Technology (B.Tech.) in Mechanical Engineering,fourth_year,6.69
STU001029,Bachelor of Technology (B.Tech.) in Mechanical Engineering,fourth_year,6.16
STU001030,Bachelor of Technology (B.Tech.) in Mechanical Engineering,fourth_year,6.49
STU001031,Bachelor of Technology (B.Tech.) in Mechanical Engineering,fourth_year,7.08
STU001032,Bachelor of Technology (B.Tech.) in Mechanical Engineering,fourth_year,6.65
STU001033,Bachelor of Technology (B.Tech.) in Mechanical Engineering,fourth_year,6.26
STU001034,Bachelor of Technology (B.Tech.) in Mechanical Engineering,fourth_year,6.77
STU001035,Bachelor of Technology (B.Tech.) in Mechanical Engineering,fourth_year,6.48
STU001036,Bachelor of Technology (B.Tech.) in Mechanical Engineering,fourth_year,5.91
STU001037,Bachelor of Technology (B.Tech.) in Mechanical Engineering,fourth_year,8.21
STU001039,Bachelor of Technology (B.Tech.) in Mechanical Engineering,fourth_year,6.5
STU001040,Bachelor of Technology (B.Tech.) in Mechanical Engineering,fourth_year,6.53
STU001041,Bachelor of Technology (B.Tech.) in Mechanical Engineering,fourth_year,7.56
STU001042,Bachelor of Technology (B.Tech.) in Mechanical Engineering,fourth_year,7.14
STU001043,Bachelor of Technology (B.Tech.) in Mechanical Engineering,fourth_year,6.78
STU001044,Bachelor of Technology (B.Tech.) in Mechanical Engineering,fourth_year,6.94
STU001045,Bachelor of Technology (B.Tech.) in Mechanical Engineering,fourth_year,5.71
STU001046,Bachelor of Technology (B.Tech.) in Mechanical Engineering,fourth_year,5.63
STU001047,Bachelor of Technology (B.Tech.) in Mechanical Engineering,fourth_year,6.36
STU001048,Bachelor of Technology (B.Tech.) in Mechanical Engineering,fourth_year,7.33
STU001049,Bachelor of Technology (B.Tech.) in Mechanical Engineering,fourth_year,6.45
STU001050,Bachelor of Technology (B.Tech.) in Mechanical Engineering,fourth_year,8.05
STU001051,Bachelor of Technology (B.Tech.) in Mechanical Engineering,fourth_year,5.04
STU001052,Bachelor of Technology (B.Tech.) in Mechanical Engineering,fourth_year,6.35
STU001053,Bachelor of Technology (B.Tech.) in Mechanical Engineering,fourth_year,5.5
STU001054,Bachelor of Technology (B.Tech.) in Mechanical Engineering,fourth_year,6.85
STU001055,Bachelor of Technology (B.Tech.) in Mechanical Engineering,fourth_year,6.93
STU001056,Bachelor of Technology (B.Tech.) in Mechanical Engineering,fourth_year,6.25
STU001057,Bachelor of Technology (B.Tech.) in Mechanical Engineering,fourth_year,6.17
STU001058,Bachelor of Technology (B.Tech.) in Mechanical Engineering,fourth_year,5.7
STU001059,Bachelor of Technology (B.Tech.) in Mechanical Engineering,fourth_year,6.31
STU001060,Bachelor of Technology (B.Tech.) in Mechanical Engineering,fourth_year,5.71
STU001061,Bachelor of Technology (B.Tech.) in Mechanical Engineering,fourth_year,7.17
STU001062,Bachelor of Technology (B.Tech.) in Mechanical Engineering,fourth_year,6.42
STU001063,Bachelor of Technology (B.Tech.) in Mechanical Engineering,fourth_year,6.03
STU001064,Bachelor of Technology (B.Tech.) in Mechanical Engineering,fourth_year,7.35
STU001065,Bachelor of Technology (B.Tech.) in Mechanical Engineering,fourth_year,5.64
STU001067,Bachelor of Technology (B.Tech.) in Mechanical Engineering,fourth_year,5.87
STU001070,Bachelor of Technology (B.Tech.) in Mechanical Engineering,fourth_year,6.45
STU001071,Bachelor of Technology (B.Tech.) in Mechanical Engineering,fourth_year,7.4
STU001072,Bachelor of Technology (B.Tech.) in Mechanical Engineering,fourth_year,7.14
STU001073,Bachelor of Technology (B.Tech.) in Mechanical Engineering,fourth_year,6.69
STU001074,Bachelor of Technology (B.Tech.) in Mechanical Engineering,fourth_year,7.62
STU001075,Bachelor of Technology (B.Tech.) in Mechanical Engineering,fourth_year,7.17
STU001076,Bachelor of Technology (B.Tech.) in Mechanical Engineering,fourth_year,6.87
STU001077,Bachelor of Technology (B.Tech.) in Mechanical Engineering,fourth_year,6.34
STU001078,Bachelor of Technology (B.Tech.) in Mechanical Engineering,fourth_year,5.88
STU001080,Bachelor of Technology (B.Tech.) in Mechanical Engineering,fourth_year,5.88
STU001081,Bachelor of Technology (B.Tech.) in Mechanical Engineering,fourth_year,5.42
STU001083,Bachelor of Technology (B.Tech.) in Mechanical Engineering,fourth_year,6.7
STU001084,Bachelor of Technology (B.Tech.) in Mechanical Engineering,fourth_year,5.82
STU001085,Bachelor of Technology (B.Tech.) in Mechanical Engineering,fourth_year,8.35
STU001086,Bachelor of Technology (B.Tech.) in Mechanical Engineering,fourth_year,7.34
STU001087,Bachelor of Technology (B.Tech.) in Mechanical Engineering,fourth_year,6.95
STU000028,Bachelor of Technology (B.Tech.) in Mechatronics,fourth_year,5.11
STU000029,Bachelor of Technology (B.Tech.) in Mechatronics,fourth_year,5.38
STU000030,Bachelor of Technology (B.Tech.) in Mechatronics,fourth_year,6.04
STU000139,Bachelor of Technology (B.Tech.) in Mechatronics,fourth_year,6.66
STU000140,Bachelor of Technology (B.Tech.) in Mechatronics,fourth_year,5.62
STU000141,Bachelor of Technology (B.Tech.) in Mechatronics,fourth_year,5.29
STU000143,Bachelor of Technology (B.Tech.) in Mechatronics,fourth_year,5.7
STU001382,Bachelor of Technology (B.Tech.) in Mechatronics,fourth_year,6.74
STU001383,Bachelor of Technology (B.Tech.) in Mechatronics,fourth_year,7.93
STU001384,Bachelor of Technology (B.Tech.) in Mechatronics,fourth_year,5.7
STU001385,Bachelor of Technology (B.Tech.) in Mechatronics,fourth_year,6.74
STU001386,Bachelor of Technology (B.Tech.) in Mechatronics,fourth_year,6.84
STU001387,Bachelor of Technology (B.Tech.) in Mechatronics,fourth_year,7.39
STU001388,Bachelor of Technology (B.Tech.) in Mechatronics,fourth_year,6.24
STU001389,Bachelor of Technology (B.Tech.) in Mechatronics,fourth_year,7.88
STU001390,Bachelor of Technology (B.Tech.) in Mechatronics,fourth_year,7.05
STU001391,Bachelor of Technology (B.Tech.) in Mechatronics,fourth_year,6.74
STU001392,Bachelor of Technology (B.Tech.) in Mechatronics,fourth_year,7.62
STU001393,Bachelor of Technology (B.Tech.) in Mechatronics,fourth_year,7.74
STU001394,Bachelor of Technology (B.Tech.) in Mechatronics,fourth_year,6.84
STU001395,Bachelor of Technology (B.Tech.) in Mechatronics,fourth_year,8.19
STU001396,Bachelor of Technology (B.Tech.) in Mechatronics,fourth_year,8.03
STU001397,Bachelor of Technology (B.Tech.) in Mechatronics,fourth_year,8.54
STU001398,Bachelor of Technology (B.Tech.) in Mechatronics,fourth_year,6.36
STU001399,Bachelor of Technology (B.Tech.) in Mechatronics,fourth_year,8.6
STU001400,Bachelor of Technology (B.Tech.) in Mechatronics,fourth_year,7.79
STU001401,Bachelor of Technology (B.Tech.) in Mechatronics,fourth_year,6.47
STU001402,Bachelor of Technology (B.Tech.) in Mechatronics,fourth_year,6.34
STU001403,Bachelor of Technology (B.Tech.) in Mechatronics,fourth_year,6.39
STU001404,Bachelor of Technology (B.Tech.) in Mechatronics,fourth_year,7.45
STU001405,Bachelor of Technology (B.Tech.) in Mechatronics,fourth_year,7.38
STU001406,Bachelor of Technology (B.Tech.) in Mechatronics,fourth_year,8.17
STU001407,Bachelor of Technology (B.Tech.) in Mechatronics,fourth_year,7.32
STU001408,Bachelor of Technology (B.Tech.) in Mechatronics,fourth_year,5.69
STU001409,Bachelor of Technology (B.Tech.) in Mechatronics,fourth_year,6.64
STU001411,Bachelor of Technology (B.Tech.) in Mechatronics,fourth_year,8.87
STU001412,Bachelor of Technology (B.Tech.) in Mechatronics,fourth_year,8.6
STU001413,Bachelor of Technology (B.Tech.) in Mechatronics,fourth_year,8.63
STU001414,Bachelor of Technology (B.Tech.) in Mechatronics,fourth_year,8.21
STU001415,Bachelor of Technology (B.Tech.) in Mechatronics,fourth_year,8.02
STU001416,Bachelor of Technology (B.Tech.) in Mechatronics,fourth_year,7.4
STU001417,Bachelor of Technology (B.Tech.) in Mechatronics,fourth_year,6.28
STU001418,Bachelor of Technology (B.Tech.) in Mechatronics,fourth_year,6.52
STU001419,Bachelor of Technology (B.Tech.) in Mechatronics,fourth_year,7.65
STU001420,Bachelor of Technology (B.Tech.) in Mechatronics,fourth_year,7.35
STU001421,Bachelor of Technology (B.Tech.) in Mechatronics,fourth_year,9.3
STU001422,Bachelor of Technology (B.Tech.) in Mechatronics,fourth_year,7.87
STU001423,Bachelor of Technology (B.Tech.) in Mechatronics,fourth_year,8.12
STU001424,Bachelor of Technology (B.Tech.) in Mechatronics,fourth_year,7.3
STU001425,Bachelor of Technology (B.Tech.) in Mechatronics,fourth_year,8.02
STU001426,Bachelor of Technology (B.Tech.) in Mechatronics,fourth_year,6.74
STU001427,Bachelor of Technology (B.Tech.) in Mechatronics,fourth_year,5.88
STU001428,Bachelor of Technology (B.Tech.) in Mechatronics,fourth_year,8.81
STU001429,Bachelor of Technology (B.Tech.) in Mechatronics,fourth_year,7.49
STU001430,Bachelor of Technology (B.Tech.) in Mechatronics,fourth_year,7.55
STU001431,Bachelor of Technology (B.Tech.) in Mechatronics,fourth_year,7.4
STU001432,Bachelor of Technology (B.Tech.) in Mechatronics,fourth_year,5.61
STU001433,Bachelor of Technology (B.Tech.) in Mechatronics,fourth_year,8.23
STU001434,Bachelor of Technology (B.Tech.) in Mechatronics,fourth_year,6.52
STU001435,Bachelor of Technology (B.Tech.) in Mechatronics,fourth_year,7.58
STU001436,Bachelor of Technology (B.Tech.) in Mechatronics,fourth_year,7.89
STU001437,Bachelor of Technology (B.Tech.) in Mechatronics,fourth_year,6.8
STU001438,Bachelor of Technology (B.Tech.) in Mechatronics,fourth_year,6.38
STU001439,Bachelor of Technology (B.Tech.) in Mechatronics,fourth_year,7.6
STU001440,Bachelor of Technology (B.Tech.) in Mechatronics,fourth_year,7.16
STU001441,Bachelor of Technology (B.Tech.) in Mechatronics,fourth_year,9.56
STU001442,Bachelor of Technology (B.Tech.) in Mechatronics,fourth_year,7.6
STU001443,Bachelor of Technology (B.Tech.) in Mechatronics,fourth_year,7.23
STU001444,Bachelor of Technology (B.Tech.) in Mechatronics,fourth_year,6.55
STU001445,Bachelor of Technology (B.Tech.) in Mechatronics,fourth_year,6.73
STU001446,Bachelor of Technology (B.Tech.) in Mechatronics,fourth_year,6.06
STU001447,Bachelor of Technology (B.Tech.) in Mechatronics,fourth_year,5.97
STU001448,Bachelor of Technology (B.Tech.) in Mechatronics,fourth_year,7.47
STU001449,Bachelor of Technology (B.Tech.) in Mechatronics,fourth_year,6.62
STU001450,Bachelor of Technology (B.Tech.) in Mechatronics,fourth_year,5.67
STU001451,Bachelor of Technology (B.Tech.) in Mechatronics,fourth_year,6.94
STU001452,Bachelor of Technology (B.Tech.) in Mechatronics,fourth_year,5.88
STU001453,Bachelor of Technology (B.Tech.) in Mechatronics,fourth_year,5.69
STU001454,Bachelor of Technology (B.Tech.) in Mechatronics,fourth_year,5.39
STU001455,Bachelor of Technology (B.Tech.) in Mechatronics,fourth_year,6.74
STU001456,Bachelor of Technology (B.Tech.) in Mechatronics,fourth_year,7.83
STU001457,Bachelor of Technology (B.Tech.) in Mechatronics,fourth_year,6.57
STU001458,Bachelor of Technology (B.Tech.) in Mechatronics,fourth_year,7.64
STU001459,Bachelor of Technology (B.Tech.) in Mechatronics,fourth_year,8.23
STU001460,Bachelor of Technology (B.Tech.) in Mechatronics,fourth_year,7.12
STU001461,Bachelor of Technology (B.Tech.) in Mechatronics,fourth_year,7.16
STU001462,Bachelor of Technology (B.Tech.) in Mechatronics,fourth_year,6.67
STU001463,Bachelor of Technology (B.Tech.) in Mechatronics,fourth_year,8.02
STU001464,Bachelor of Technology (B.Tech.) in Mechatronics,fourth_year,8.34
STU001465,Bachelor of Technology (B.Tech.) in Mechatronics,fourth_year,6.93
STU001466,Bachelor of Technology (B.Tech.) in Mechatronics,fourth_year,6.47
STU001467,Bachelor of Technology (B.Tech.) in Mechatronics,fourth_year,5.68
STU001469,Bachelor of Technology (B.Tech.) in Mechatronics,fourth_year,6.15
STU001470,Bachelor of Technology (B.Tech.) in Mechatronics,fourth_year,7.62
STU001471,Bachelor of Technology (B.Tech.) in Mechatronics,fourth_year,7.83
STU001472,Bachelor of Technology (B.Tech.) in Mechatronics,fourth_year,7.17
STU001473,Bachelor of Technology (B.Tech.) in Mechatronics,fourth_year,6.8
STU001474,Bachelor of Technology (B.Tech.) in Mechatronics,fourth_year,5.93
STU001475,Bachelor of Technology (B.Tech.) in Mechatronics,fourth_year,6.66
STU001476,Bachelor of Technology (B.Tech.) in Mechatronics,fourth_year,6.35
STU001477,Bachelor of Technology (B.Tech.) in Mechatronics,fourth_year,6.32
STU001478,Bachelor of Technology (B.Tech.) in Mechatronics,fourth_year,5.97
STU001479,Bachelor of Technology (B.Tech.) in Mechatronics,fourth_year,7.46
STU001480,Bachelor of Technology (B.Tech.) in Mechatronics,fourth_year,4.7
STU001481,Bachelor of Technology (B.Tech.) in Mechatronics,fourth_year,6.94
STU001482,Bachelor of Technology (B.Tech.) in Mechatronics,fourth_year,5.85
STU001483,Bachelor of Technology (B.Tech.) in Mechatronics,fourth_year,7.41
STU001484,Bachelor of Technology (B.Tech.) in Mechatronics,fourth_year,7.08
STU001485,Bachelor of Technology (B.Tech.) in Mechatronics,fourth_year,7.09
STU001486,Bachelor of Technology (B.Tech.) in Mechatronics,fourth_year,6.6
STU001487,Bachelor of Technology (B.Tech.) in Mechatronics,fourth_year,7.07
STU001488,Bachelor of Technology (B.Tech.) in Mechatronics,fourth_year,6.93
STU001489,Bachelor of Technology (B.Tech.) in Mechatronics,fourth_year,6.27
STU001490,Bachelor of Technology (B.Tech.) in Mechatronics,fourth_year,7.09
STU001491,Bachelor of Technology (B.Tech.) in Mechatronics,fourth_year,7.73
STU001492,Bachelor of Technology (B.Tech.) in Mechatronics,fourth_year,7.17
STU001493,Bachelor of Technology (B.Tech.) in Mechatronics,fourth_year,8.55
STU001494,Bachelor of Technology (B.Tech.) in Mechatronics,fourth_year,6.31
STU001495,Bachelor of Technology (B.Tech.) in Mechatronics,fourth_year,5.55
STU001496,Bachelor of Technology (B.Tech.) in Mechatronics,fourth_year,6.93
STU001497,Bachelor of Technology (B.Tech.) in Mechatronics,fourth_year,6.55
STU001498,Bachelor of Technology (B.Tech.) in Mechatronics,fourth_year,6.21
STU001499,Bachelor of Technology (B.Tech.) in Mechatronics,fourth_year,5.86
STU001500,Bachelor of Technology (B.Tech.) in Mechatronics,fourth_year,6.93
STU001501,Bachelor of Technology (B.Tech.) in Mechatronics,fourth_year,6.41
STU001502,Bachelor of Technology (B.Tech.) in Mechatronics,fourth_year,5.08
STU001503,Bachelor of Technology (B.Tech.) in Mechatronics,fourth_year,6.68
STU001504,Bachelor of Technology (B.Tech.) in Mechatronics,fourth_year,8.31
STU001505,Bachelor of Technology (B.Tech.) in Mechatronics,fourth_year,7.18
STU001506,Bachelor of Technology (B.Tech.) in Mechatronics,fourth_year,6.6
STU001507,Bachelor of Technology (B.Tech.) in Mechatronics,fourth_year,6.65
STU001508,Bachelor of Technology (B.Tech.) in Mechatronics,fourth_year,5.67
STU001509,Bachelor of Technology (B.Tech.) in Mechatronics,fourth_year,7.51
STU001510,Bachelor of Technology (B.Tech.) in Mechatronics,fourth_year,6.38
STU001511,Bachelor of Technology (B.Tech.) in Mechatronics,fourth_year,7.84
STU001512,Bachelor of Technology (B.Tech.) in Mechatronics,fourth_year,7.62
STU001513,Bachelor of Technology (B.Tech.) in Mechatronics,fourth_year,6.49
STU000042,Computer Science and Engineering ( Artificial Intelligence & Machine Learning ),fourth_year,5.46
STU000044,Computer Science and Engineering ( Artificial Intelligence & Machine Learning ),fourth_year,5.64
STU000045,Computer Science and Engineering ( Artificial Intelligence & Machine Learning ),fourth_year,5.42
STU000047,Computer Science and Engineering ( Artificial Intelligence & Machine Learning ),fourth_year,5.61
STU000049,Computer Science and Engineering ( Artificial Intelligence & Machine Learning ),fourth_year,5.1
STU000179,Computer Science and Engineering ( Artificial Intelligence & Machine Learning ),fourth_year,5.34
STU000180,Computer Science and Engineering ( Artificial Intelligence & Machine Learning ),fourth_year,5.48
STU000181,Computer Science and Engineering ( Artificial Intelligence & Machine Learning ),fourth_year,4.98
STU000182,Computer Science and Engineering ( Artificial Intelligence & Machine Learning ),fourth_year,4.72
STU000183,Computer Science and Engineering ( Artificial Intelligence & Machine Learning ),fourth_year,4.84
STU000184,Computer Science and Engineering ( Artificial Intelligence & Machine Learning ),fourth_year,5.41
STU000185,Computer Science and Engineering ( Artificial Intelligence & Machine Learning ),fourth_year,5.52
STU000187,Computer Science and Engineering ( Artificial Intelligence & Machine Learning ),fourth_year,5.11
STU000188,Computer Science and Engineering ( Artificial Intelligence & Machine Learning ),fourth_year,5.33
STU002189,Computer Science and Engineering ( Artificial Intelligence & Machine Learning ),fourth_year,7.81
STU002190,Computer Science and Engineering ( Artificial Intelligence & Machine Learning ),fourth_year,7.09
STU002191,Computer Science and Engineering ( Artificial Intelligence & Machine Learning ),fourth_year,6.31
STU002192,Computer Science and Engineering ( Artificial Intelligence & Machine Learning ),fourth_year,9.06
STU002193,Computer Science and Engineering ( Artificial Intelligence & Machine Learning ),fourth_year,9.45
STU002194,Computer Science and Engineering ( Artificial Intelligence & Machine Learning ),fourth_year,8.36
STU002195,Computer Science and Engineering ( Artificial Intelligence & Machine Learning ),fourth_year,8.78
STU002196,Computer Science and Engineering ( Artificial Intelligence & Machine Learning ),fourth_year,8.19
STU002197,Computer Science and Engineering ( Artificial Intelligence & Machine Learning ),fourth_year,8.85
STU002198,Computer Science and Engineering ( Artificial Intelligence & Machine Learning ),fourth_year,6.74
STU002199,Computer Science and Engineering ( Artificial Intelligence & Machine Learning ),fourth_year,8.86
STU002200,Computer Science and Engineering ( Artificial Intelligence & Machine Learning ),fourth_year,8.97
STU002201,Computer Science and Engineering ( Artificial Intelligence & Machine Learning ),fourth_year,9.37
STU002202,Computer Science and Engineering ( Artificial Intelligence & Machine Learning ),fourth_year,6.09
STU002203,Computer Science and Engineering ( Artificial Intelligence & Machine Learning ),fourth_year,7.45
STU002204,Computer Science and Engineering ( Artificial Intelligence & Machine Learning ),fourth_year,8.6
STU002205,Computer Science and Engineering ( Artificial Intelligence & Machine Learning ),fourth_year,6.51
STU002206,Computer Science and Engineering ( Artificial Intelligence & Machine Learning ),fourth_year,8.47
STU002207,Computer Science and Engineering ( Artificial Intelligence & Machine Learning ),fourth_year,7.16
STU002208,Computer Science and Engineering ( Artificial Intelligence & Machine Learning ),fourth_year,9.72
STU002209,Computer Science and Engineering ( Artificial Intelligence & Machine Learning ),fourth_year,7.02
STU002210,Computer Science and Engineering ( Artificial Intelligence & Machine Learning ),fourth_year,9.36
STU002211,Computer Science and Engineering ( Artificial Intelligence & Machine Learning ),fourth_year,9.5
STU002212,Computer Science and Engineering ( Artificial Intelligence & Machine Learning ),fourth_year,7.21
STU002213,Computer Science and Engineering ( Artificial Intelligence & Machine Learning ),fourth_year,9.4
STU002214,Computer Science and Engineering ( Artificial Intelligence & Machine Learning ),fourth_year,6.64
STU002215,Computer Science and Engineering ( Artificial Intelligence & Machine Learning ),fourth_year,8.23
STU002216,Computer Science and Engineering ( Artificial Intelligence & Machine Learning ),fourth_year,8.4
STU002217,Computer Science and Engineering ( Artificial Intelligence & Machine Learning ),fourth_year,6.66
STU002218,Computer Science and Engineering ( Artificial Intelligence & Machine Learning ),fourth_year,8.6
STU002219,Computer Science and Engineering ( Artificial Intelligence & Machine Learning ),fourth_year,7.4
STU002220,Computer Science and Engineering ( Artificial Intelligence & Machine Learning ),fourth_year,7.84
STU002221,Computer Science and Engineering ( Artificial Intelligence & Machine Learning ),fourth_year,9.17
STU002222,Computer Science and Engineering ( Artificial Intelligence & Machine Learning ),fourth_year,7.22
STU002223,Computer Science and Engineering ( Artificial Intelligence & Machine Learning ),fourth_year,6.02
STU002224,Computer Science and Engineering ( Artificial Intelligence & Machine Learning ),fourth_year,7.98
STU002225,Computer Science and Engineering ( Artificial Intelligence & Machine Learning ),fourth_year,7.29
STU002226,Computer Science and Engineering ( Artificial Intelligence & Machine Learning ),fourth_year,8.42
STU002227,Computer Science and Engineering ( Artificial Intelligence & Machine Learning ),fourth_year,8.98
STU002228,Computer Science and Engineering ( Artificial Intelligence & Machine Learning ),fourth_year,6.19
STU002229,Computer Science and Engineering ( Artificial Intelligence & Machine Learning ),fourth_year,7.02
STU002230,Computer Science and Engineering ( Artificial Intelligence & Machine Learning ),fourth_year,8.68
STU002231,Computer Science and Engineering ( Artificial Intelligence & Machine Learning ),fourth_year,8.44
STU002232,Computer Science and Engineering ( Artificial Intelligence & Machine Learning ),fourth_year,6.0
STU002233,Computer Science and Engineering ( Artificial Intelligence & Machine Learning ),fourth_year,8.92
STU002234,Computer Science and Engineering ( Artificial Intelligence & Machine Learning ),fourth_year,8.42
STU002235,Computer Science and Engineering ( Artificial Intelligence & Machine Learning ),fourth_year,8.02
STU002236,Computer Science and Engineering ( Artificial Intelligence & Machine Learning ),fourth_year,7.41
STU002237,Computer Science and Engineering ( Artificial Intelligence & Machine Learning ),fourth_year,8.81
STU002238,Computer Science and Engineering ( Artificial Intelligence & Machine Learning ),fourth_year,7.44
STU002239,Computer Science and Engineering ( Artificial Intelligence & Machine Learning ),fourth_year,7.45
STU002241,Computer Science and Engineering ( Artificial Intelligence & Machine Learning ),fourth_year,8.17
STU002242,Computer Science and Engineering ( Artificial Intelligence & Machine Learning ),fourth_year,6.32
STU002243,Computer Science and Engineering ( Artificial Intelligence & Machine Learning ),fourth_year,5.22
STU002244,Computer Science and Engineering ( Artificial Intelligence & Machine Learning ),fourth_year,6.5
STU002245,Computer Science and Engineering ( Artificial Intelligence & Machine Learning ),fourth_year,7.67
STU002246,Computer Science and Engineering ( Artificial Intelligence & Machine Learning ),fourth_year,7.21
STU002247,Computer Science and Engineering ( Artificial Intelligence & Machine Learning ),fourth_year,4.75
STU002248,Computer Science and Engineering ( Artificial Intelligence & Machine Learning ),fourth_year,5.59
STU002249,Computer Science and Engineering ( Artificial Intelligence & Machine Learning ),fourth_year,6.54
STU002250,Computer Science and Engineering ( Artificial Intelligence & Machine Learning ),fourth_year,6.17
STU002251,Computer Science and Engineering ( Artificial Intelligence & Machine Learning ),fourth_year,7.76
STU002252,Computer Science and Engineering ( Artificial Intelligence & Machine Learning ),fourth_year,5.42
STU002253,Computer Science and Engineering ( Artificial Intelligence & Machine Learning ),fourth_year,5.89
STU002254,Computer Science and Engineering ( Artificial Intelligence & Machine Learning ),fourth_year,7.54
STU002255,Computer Science and Engineering ( Artificial Intelligence & Machine Learning ),fourth_year,7.93
STU002256,Computer Science and Engineering ( Artificial Intelligence & Machine Learning ),fourth_year,7.4
STU002257,Computer Science and Engineering ( Artificial Intelligence & Machine Learning ),fourth_year,8.02
STU002258,Computer Science and Engineering ( Artificial Intelligence & Machine Learning ),fourth_year,7.83
STU002259,Computer Science and Engineering ( Artificial Intelligence & Machine Learning ),fourth_year,7.63
STU002260,Computer Science and Engineering ( Artificial Intelligence & Machine Learning ),fourth_year,5.75
STU002261,Computer Science and Engineering ( Artificial Intelligence & Machine Learning ),fourth_year,7.5
STU002262,Computer Science and Engineering ( Artificial Intelligence & Machine Learning ),fourth_year,7.31
STU002263,Computer Science and Engineering ( Artificial Intelligence & Machine Learning ),fourth_year,4.89
STU002264,Computer Science and Engineering ( Artificial Intelligence & Machine Learning ),fourth_year,6.17
STU002265,Computer Science and Engineering ( Artificial Intelligence & Machine Learning ),fourth_year,7.4
STU002266,Computer Science and Engineering ( Artificial Intelligence & Machine Learning ),fourth_year,7.52
STU002267,Computer Science and Engineering ( Artificial Intelligence & Machine Learning ),fourth_year,6.64
STU002268,Computer Science and Engineering ( Artificial Intelligence & Machine Learning ),fourth_year,7.25
STU002269,Computer Science and Engineering ( Artificial Intelligence & Machine Learning ),fourth_year,7.83
STU002270,Computer Science and Engineering ( Artificial Intelligence & Machine Learning ),fourth_year,8.79
STU002271,Computer Science and Engineering ( Artificial Intelligence & Machine Learning ),fourth_year,7.1
STU002272,Computer Science and Engineering ( Artificial Intelligence & Machine Learning ),fourth_year,8.06
STU002273,Computer Science and Engineering ( Artificial Intelligence & Machine Learning ),fourth_year,8.25
STU002274,Computer Science and Engineering ( Artificial Intelligence & Machine Learning ),fourth_year,8.17
STU002275,Computer Science and Engineering ( Artificial Intelligence & Machine Learning ),fourth_year,7.03
STU002276,Computer Science and Engineering ( Artificial Intelligence & Machine Learning ),fourth_year,7.07
STU002277,Computer Science and Engineering ( Artificial Intelligence & Machine Learning ),fourth_year,6.95
STU002278,Computer Science and Engineering ( Artificial Intelligence & Machine Learning ),fourth_year,5.86
STU002279,Computer Science and Engineering ( Artificial Intelligence & Machine Learning ),fourth_year,6.95
STU002280,Computer Science and Engineering ( Artificial Intelligence & Machine Learning ),fourth_year,7.03
STU002281,Computer Science and Engineering ( Artificial Intelligence & Machine Learning ),fourth_year,8.47
STU002283,Computer Science and Engineering ( Artificial Intelligence & Machine Learning ),fourth_year,8.42
STU002284,Computer Science and Engineering ( Artificial Intelligence & Machine Learning ),fourth_year,8.57
STU002285,Computer Science and Engineering ( Artificial Intelligence & Machine Learning ),fourth_year,8.55
STU002286,Computer Science and Engineering ( Artificial Intelligence & Machine Learning ),fourth_year,8.23
STU002287,Computer Science and Engineering ( Artificial Intelligence & Machine Learning ),fourth_year,6.21
STU002288,Computer Science and Engineering ( Artificial Intelligence & Machine Learning ),fourth_year,6.64
STU002289,Computer Science and Engineering ( Artificial Intelligence & Machine Learning ),fourth_year,6.41
STU002290,Computer Science and Engineering ( Artificial Intelligence & Machine Learning ),fourth_year,7.36
STU002291,Computer Science and Engineering ( Artificial Intelligence & Machine Learning ),fourth_year,7.4
STU002292,Computer Science and Engineering ( Artificial Intelligence & Machine Learning ),fourth_year,7.54
STU002293,Computer Science and Engineering ( Artificial Intelligence & Machine Learning ),fourth_year,8.05
STU002294,Computer Science and Engineering ( Artificial Intelligence & Machine Learning ),fourth_year,7.53
STU002295,Computer Science and Engineering ( Artificial Intelligence & Machine Learning ),fourth_year,5.75
STU002296,Computer Science and Engineering ( Artificial Intelligence & Machine Learning ),fourth_year,8.13
STU002297,Computer Science and Engineering ( Artificial Intelligence & Machine Learning ),fourth_year,8.2
STU002298,Computer Science and Engineering ( Artificial Intelligence & Machine Learning ),fourth_year,7.83
STU002299,Computer Science and Engineering ( Artificial Intelligence & Machine Learning ),fourth_year,8.5
STU002300,Computer Science and Engineering ( Artificial Intelligence & Machine Learning ),fourth_year,5.98
STU002301,Computer Science and Engineering ( Artificial Intelligence & Machine Learning ),fourth_year,7.02
STU002302,Computer Science and Engineering ( Artificial Intelligence & Machine Learning ),fourth_year,8.28
STU002303,Computer Science and Engineering ( Artificial Intelligence & Machine Learning ),fourth_year,7.27
STU002304,Computer Science and Engineering ( Artificial Intelligence & Machine Learning ),fourth_year,9.65
STU002305,Computer Science and Engineering ( Artificial Intelligence & Machine Learning ),fourth_year,7.98
STU002306,Computer Science and Engineering ( Artificial Intelligence & Machine Learning ),fourth_year,8.02
STU002307,Computer Science and Engineering ( Artificial Intelligence & Machine Learning ),fourth_year,5.77
STU002308,Computer Science and Engineering ( Artificial Intelligence & Machine Learning ),fourth_year,8.45
STU002309,Computer Science and Engineering ( Artificial Intelligence & Machine Learning ),fourth_year,7.17
STU002310,Computer Science and Engineering ( Artificial Intelligence & Machine Learning ),fourth_year,7.4
STU002311,Computer Science and Engineering ( Artificial Intelligence & Machine Learning ),fourth_year,8.02
STU002312,Computer Science and Engineering ( Artificial Intelligence & Machine Learning ),fourth_year,6.95
STU002313,Computer Science and Engineering ( Artificial Intelligence & Machine Learning ),fourth_year,8.32
STU002314,Computer Science and Engineering ( Artificial Intelligence & Machine Learning ),fourth_year,8.69
STU002315,Computer Science and Engineering ( Artificial Intelligence & Machine Learning ),fourth_year,8.31
STU002316,Computer Science and Engineering ( Artificial Intelligence & Machine Learning ),fourth_year,7.74
STU002317,Computer Science and Engineering ( Artificial Intelligence & Machine Learning ),fourth_year,6.21
STU002318,Computer Science and Engineering ( Artificial Intelligence & Machine Learning ),fourth_year,7.78
STU002319,Computer Science and Engineering ( Artificial Intelligence & Machine Learning ),fourth_year,8.03
STU002320,Computer Science and Engineering ( Artificial Intelligence & Machine Learning ),fourth_year,6.2
STU002321,Computer Science and Engineering ( Artificial Intelligence & Machine Learning ),fourth_year,8.77
STU002322,Computer Science and Engineering ( Artificial Intelligence & Machine Learning ),fourth_year,7.22
STU002323,Computer Science and Engineering ( Artificial Intelligence & Machine Learning ),fourth_year,8.45
STU002324,Computer Science and Engineering ( Artificial Intelligence & Machine Learning ),fourth_year,9.3
STU002325,Computer Science and Engineering ( Artificial Intelligence & Machine Learning ),fourth_year,8.43
STU002326,Computer Science and Engineering ( Artificial Intelligence & Machine Learning ),fourth_year,7.45
STU002327,Computer Science and Engineering ( Artificial Intelligence & Machine Learning ),fourth_year,6.7
STU002328,Computer Science and Engineering ( Artificial Intelligence & Machine Learning ),fourth_year,8.61
STU002329,Computer Science and Engineering ( Artificial Intelligence & Machine Learning ),fourth_year,8.78
STU002330,Computer Science and Engineering ( Artificial Intelligence & Machine Learning ),fourth_year,6.36
STU002331,Computer Science and Engineering ( Artificial Intelligence & Machine Learning ),fourth_year,6.62
STU002332,Computer Science and Engineering ( Artificial Intelligence & Machine Learning ),fourth_year,8.29
STU002333,Computer Science and Engineering ( Artificial Intelligence & Machine Learning ),fourth_year,6.72
STU002334,Computer Science and Engineering ( Artificial Intelligence & Machine Learning ),fourth_year,8.77
STU002336,Computer Science and Engineering ( Artificial Intelligence & Machine Learning ),fourth_year,6.46
STU002337,Computer Science and Engineering ( Artificial Intelligence & Machine Learning ),fourth_year,8.39
STU002338,Computer Science and Engineering ( Artificial Intelligence & Machine Learning ),fourth_year,8.32
STU002339,Computer Science and Engineering ( Artificial Intelligence & Machine Learning ),fourth_year,8.8
STU002340,Computer Science and Engineering ( Artificial Intelligence & Machine Learning ),fourth_year,7.65
STU002341,Computer Science and Engineering ( Artificial Intelligence & Machine Learning ),fourth_year,8.79
STU002342,Computer Science and Engineering ( Artificial Intelligence & Machine Learning ),fourth_year,7.33
STU002343,Computer Science and Engineering ( Artificial Intelligence & Machine Learning ),fourth_year,7.57
STU002344,Computer Science and Engineering ( Artificial Intelligence & Machine Learning ),fourth_year,7.67
STU002345,Computer Science and Engineering ( Artificial Intelligence & Machine Learning ),fourth_year,9.4
STU002346,Computer Science and Engineering ( Artificial Intelligence & Machine Learning ),fourth_year,9.33
STU002347,Computer Science and Engineering ( Artificial Intelligence & Machine Learning ),fourth_year,9.36
STU002348,Computer Science and Engineering ( Artificial Intelligence & Machine Learning ),fourth_year,8.97
STU002349,Computer Science and Engineering ( Artificial Intelligence & Machine Learning ),fourth_year,8.41
STU000039,Computer and Communication Engineering,fourth_year,4.82
STU000040,Computer and Communication Engineering,fourth_year,5.05
STU000041,Computer and Communication Engineering,fourth_year,3.55
STU000165,Computer and Communication Engineering,fourth_year,4.83
STU000166,Computer and Communication Engineering,fourth_year,5.23
STU000167,Computer and Communication Engineering,fourth_year,7.81
STU000168,Computer and Communication Engineering,fourth_year,5.83
STU000169,Computer and Communication Engineering,fourth_year,5.68
STU000171,Computer and Communication Engineering,fourth_year,5.9
STU000172,Computer and Communication Engineering,fourth_year,6.27
STU000173,Computer and Communication Engineering,fourth_year,5.13
STU000174,Computer and Communication Engineering,fourth_year,4.43
STU001675,Computer and Communication Engineering,fourth_year,8.78
STU001676,Computer and Communication Engineering,fourth_year,5.75
STU001677,Computer and Communication Engineering,fourth_year,7.96
STU001678,Computer and Communication Engineering,fourth_year,8.17
STU001679,Computer and Communication Engineering,fourth_year,6.08
STU001680,Computer and Communication Engineering,fourth_year,7.08
STU001681,Computer and Communication Engineering,fourth_year,8.29
STU001682,Computer and Communication Engineering,fourth_year,6.72
STU001683,Computer and Communication Engineering,fourth_year,7.98
STU001685,Computer and Communication Engineering,fourth_year,7.96
STU001686,Computer and Communication Engineering,fourth_year,6.28
STU001687,Computer and Communication Engineering,fourth_year,7.05
STU001689,Computer and Communication Engineering,fourth_year,6.51
STU001690,Computer and Communication Engineering,fourth_year,6.9
STU001691,Computer and Communication Engineering,fourth_year,8.52
STU001692,Computer and Communication Engineering,fourth_year,8.82
STU001693,Computer and Communication Engineering,fourth_year,6.17
STU001694,Computer and Communication Engineering,fourth_year,8.4
STU001695,Computer and Communication Engineering,fourth_year,8.16
STU001696,Computer and Communication Engineering,fourth_year,9.11
STU001697,Computer and Communication Engineering,fourth_year,8.79
STU001698,Computer and Communication Engineering,fourth_year,8.55
STU001699,Computer and Communication Engineering,fourth_year,8.05
STU001700,Computer and Communication Engineering,fourth_year,7.69
STU001701,Computer and Communication Engineering,fourth_year,9.38
STU001702,Computer and Communication Engineering,fourth_year,7.06
STU001703,Computer and Communication Engineering,fourth_year,7.84
STU001704,Computer and Communication Engineering,fourth_year,9.17
STU001705,Computer and Communication Engineering,fourth_year,9.13
STU001706,Computer and Communication Engineering,fourth_year,8.06
STU001707,Computer and Communication Engineering,fourth_year,8.21
STU001708,Computer and Communication Engineering,fourth_year,8.03
STU001709,Computer and Communication Engineering,fourth_year,8.22
STU001710,Computer and Communication Engineering,fourth_year,8.91
STU001711,Computer and Communication Engineering,fourth_year,6.66
STU001712,Computer and Communication Engineering,fourth_year,9.02
STU001713,Computer and Communication Engineering,fourth_year,7.53
STU001714,Computer and Communication Engineering,fourth_year,7.29
STU001715,Computer and Communication Engineering,fourth_year,6.15
STU001716,Computer and Communication Engineering,fourth_year,6.62
STU001717,Computer and Communication Engineering,fourth_year,7.05
STU001718,Computer and Communication Engineering,fourth_year,7.75
STU001719,Computer and Communication Engineering,fourth_year,6.93
STU001720,Computer and Communication Engineering,fourth_year,8.92
STU001721,Computer and Communication Engineering,fourth_year,7.61
STU001722,Computer and Communication Engineering,fourth_year,6.67
STU001723,Computer and Communication Engineering,fourth_year,7.48
STU001724,Computer and Communication Engineering,fourth_year,6.98
STU001725,Computer and Communication Engineering,fourth_year,8.28
STU001726,Computer and Communication Engineering,fourth_year,8.17
STU001727,Computer and Communication Engineering,fourth_year,6.49
STU001728,Computer and Communication Engineering,fourth_year,8.48
STU001729,Computer and Communication Engineering,fourth_year,7.71
STU001730,Computer and Communication Engineering,fourth_year,7.72
STU001731,Computer and Communication Engineering,fourth_year,6.92
STU001732,Computer and Communication Engineering,fourth_year,7.28
STU001733,Computer and Communication Engineering,fourth_year,7.71
STU001734,Computer and Communication Engineering,fourth_year,7.97
STU001735,Computer and Communication Engineering,fourth_year,8.07
STU001736,Computer and Communication Engineering,fourth_year,7.31
STU001737,Computer and Communication Engineering,fourth_year,7.76
STU001738,Computer and Communication Engineering,fourth_year,7.96
STU001739,Computer and Communication Engineering,fourth_year,7.25
STU001740,Computer and Communication Engineering,fourth_year,8.74
STU001741,Computer and Communication Engineering,fourth_year,8.46
STU001742,Computer and Communication Engineering,fourth_year,9.0
STU001743,Computer and Communication Engineering,fourth_year,8.74
STU001744,Computer and Communication Engineering,fourth_year,7.26
STU001745,Computer and Communication Engineering,fourth_year,8.08
STU001746,Computer and Communication Engineering,fourth_year,8.4
STU001747,Computer and Communication Engineering,fourth_year,6.59
STU001748,Computer and Communication Engineering,fourth_year,8.29
STU001749,Computer and Communication Engineering,fourth_year,7.62
STU001750,Computer and Communication Engineering,fourth_year,5.34
STU001751,Computer and Communication Engineering,fourth_year,8.81
STU001752,Computer and Communication Engineering,fourth_year,7.92
STU001753,Computer and Communication Engineering,fourth_year,9.29
STU001754,Computer and Communication Engineering,fourth_year,7.11
STU001755,Computer and Communication Engineering,fourth_year,7.22
STU001756,Computer and Communication Engineering,fourth_year,6.97
STU001757,Computer and Communication Engineering,fourth_year,7.77
STU001758,Computer and Communication Engineering,fourth_year,8.01
STU001759,Computer and Communication Engineering,fourth_year,8.19
STU001760,Computer and Communication Engineering,fourth_year,6.32
STU001761,Computer and Communication Engineering,fourth_year,7.76
STU001762,Computer and Communication Engineering,fourth_year,8.87
STU001763,Computer and Communication Engineering,fourth_year,6.07
STU001764,Computer and Communication Engineering,fourth_year,8.66
STU001765,Computer and Communication Engineering,fourth_year,6.52
STU001766,Computer and Communication Engineering,fourth_year,6.64
STU001767,Computer and Communication Engineering,fourth_year,6.6
STU001768,Computer and Communication Engineering,fourth_year,7.75
STU001769,Computer and Communication Engineering,fourth_year,8.21
STU001770,Computer and Communication Engineering,fourth_year,9.26
STU001771,Computer and Communication Engineering,fourth_year,8.11
STU001772,Computer and Communication Engineering,fourth_year,8.17
STU001773,Computer and Communication Engineering,fourth_year,8.82
STU001774,Computer and Communication Engineering,fourth_year,7.99
STU001775,Computer and Communication Engineering,fourth_year,7.92
STU001776,Computer and Communication Engineering,fourth_year,5.39
STU001777,Computer and Communication Engineering,fourth_year,7.29
STU001778,Computer and Communication Engineering,fourth_year,6.56
STU001779,Computer and Communication Engineering,fourth_year,7.29
STU001780,Computer and Communication Engineering,fourth_year,7.33
STU001781,Computer and Communication Engineering,fourth_year,8.22
STU001782,Computer and Communication Engineering,fourth_year,8.01
STU001783,Computer and Communication Engineering,fourth_year,8.68
STU001784,Computer and Communication Engineering,fourth_year,7.14
STU001785,Computer and Communication Engineering,fourth_year,6.79
STU001786,Computer and Communication Engineering,fourth_year,7.31
STU001787,Computer and Communication Engineering,fourth_year,6.69
STU001788,Computer and Communication Engineering,fourth_year,7.84
STU001789,Computer and Communication Engineering,fourth_year,7.03
STU001790,Computer and Communication Engineering,fourth_year,8.19
STU001791,Computer and Communication Engineering,fourth_year,7.44
STU001792,Computer and Communication Engineering,fourth_year,7.65
STU001793,Computer and Communication Engineering,fourth_year,8.63
STU001794,Computer and Communication Engineering,fourth_year,6.11
STU001795,Computer and Communication Engineering,fourth_year,7.68
STU001796,Computer and Communication Engineering,fourth_year,8.95
STU001797,Computer and Communication Engineering,fourth_year,7.45
STU001798,Computer and Communication Engineering,fourth_year,7.16
STU001799,Computer and Communication Engineering,fourth_year,8.04
STU001801,Computer and Communication Engineering,fourth_year,7.02
STU001802,Computer and Communication Engineering,fourth_year,7.48
STU001803,Computer and Communication Engineering,fourth_year,6.18
STU001804,Computer and Communication Engineering,fourth_year,6.6
STU001805,Computer and Communication Engineering,fourth_year,7.26
STU001806,Computer and Communication Engineering,fourth_year,6.77
STU001807,Computer and Communication Engineering,fourth_year,8.35
STU001808,Computer and Communication Engineering,fourth_year,8.14
STU001809,Computer and Communication Engineering,fourth_year,6.26
STU001810,Computer and Communication Engineering,fourth_year,8.83
STU001811,Computer and Communication Engineering,fourth_year,6.68
STU001812,Computer and Communication Engineering,fourth_year,7.74
STU001813,Computer and Communication Engineering,fourth_year,7.03
STU001814,Computer and Communication Engineering,fourth_year,6.98
STU001815,Computer and Communication Engineering,fourth_year,5.59
STU001816,Computer and Communication Engineering,fourth_year,7.9
STU001817,Computer and Communication Engineering,fourth_year,6.7
STU001818,Computer and Communication Engineering,fourth_year,8.25
STU001819,Computer and Communication Engineering,fourth_year,6.48
STU001820,Computer and Communication Engineering,fourth_year,7.62
STU001821,Computer and Communication Engineering,fourth_year,7.06
STU001822,Computer and Communication Engineering,fourth_year,7.71
STU001823,Computer and Communication Engineering,fourth_year,7.78
STU001824,Computer and Communication Engineering,fourth_year,8.26
STU001825,Computer and Communication Engineering,fourth_year,5.74
STU001826,Computer and Communication Engineering,fourth_year,8.4
STU001827,Computer and Communication Engineering,fourth_year,8.91
STU001828,Computer and Communication Engineering,fourth_year,7.92
STU001829,Computer and Communication Engineering,fourth_year,5.05
STU001830,Computer and Communication Engineering,fourth_year,7.93
STU001831,Computer and Communication Engineering,fourth_year,7.52
STU001833,Computer and Communication Engineering,fourth_year,7.53
STU001834,Computer and Communication Engineering,fourth_year,6.41
STU001835,Computer and Communication Engineering,fourth_year,5.21
STU001836,Computer and Communication Engineering,fourth_year,7.98
STU001837,Computer and Communication Engineering,fourth_year,7.76
STU001838,Computer and Communication Engineering,fourth_year,6.66
STU001839,Computer and Communication Engineering,fourth_year,8.45
STU001840,Computer and Communication Engineering,fourth_year,6.6
STU001841,Computer and Communication Engineering,fourth_year,7.3
STU001842,Computer and Communication Engineering,fourth_year,7.5
STU001843,Computer and Communication Engineering,fourth_year,8.07
STU001844,Computer and Communication Engineering,fourth_year,6.76
STU001845,Computer and Communication Engineering,fourth_year,5.72
STU001846,Computer and Communication Engineering,fourth_year,7.77
STU001848,Computer and Communication Engineering,fourth_year,7.69
STU001849,Computer and Communication Engineering,fourth_year,4.76
STU001850,Computer and Communication Engineering,fourth_year,6.54
STU001851,Computer and Communication Engineering,fourth_year,8.45
STU001852,Computer and Communication Engineering,fourth_year,7.72
STU001853,Computer and Communication Engineering,fourth_year,9.19
STU001854,Computer and Communication Engineering,fourth_year,7.14
STU001855,Computer and Communication Engineering,fourth_year,7.74
STU001856,Computer and Communication Engineering,fourth_year,8.07
STU001857,Computer and Communication Engineering,fourth_year,6.58
STU001858,Computer and Communication Engineering,fourth_year,6.53
STU001859,Computer and Communication Engineering,fourth_year,5.0
STU001860,Computer and Communication Engineering,fourth_year,8.08
STU001861,Computer and Communication Engineering,fourth_year,6.46
STU001862,Computer and Communication Engineering,fourth_year,8.11
STU001863,Computer and Communication Engineering,fourth_year,6.94
STU001864,Computer and Communication Engineering,fourth_year,6.45
STU001865,Computer and Communication Engineering,fourth_year,7.45
STU001866,Computer and Communication Engineering,fourth_year,7.7
STU001867,Computer and Communication Engineering,fourth_year,7.61
STU001868,Computer and Communication Engineering,fourth_year,5.83
STU001869,Computer and Communication Engineering,fourth_year,7.73
STU001870,Computer and Communication Engineering,fourth_year,6.88
STU001871,Computer and Communication Engineering,fourth_year,6.97
STU001872,Computer and Communication Engineering,fourth_year,7.54
STU001873,Computer and Communication Engineering,fourth_year,7.14
STU001874,Computer and Communication Engineering,fourth_year,7.69
STU001875,Computer and Communication Engineering,fourth_year,7.21
STU001876,Computer and Communication Engineering,fourth_year,8.42
STU001877,Computer and Communication Engineering,fourth_year,7.88
STU001878,Computer and Communication Engineering,fourth_year,8.4
STU001879,Computer and Communication Engineering,fourth_year,7.6
STU001880,Computer and Communication Engineering,fourth_year,5.98
STU001881,Computer and Communication Engineering,fourth_year,7.33
STU001882,Computer and Communication Engineering,fourth_year,7.79
STU001883,Computer and Communication Engineering,fourth_year,7.96
STU001884,Computer and Communication Engineering,fourth_year,8.26
STU001885,Computer and Communication Engineering,fourth_year,6.97
STU001886,Computer and Communication Engineering,fourth_year,7.42
STU001887,Computer and Communication Engineering,fourth_year,9.1
STU001888,Computer and Communication Engineering,fourth_year,7.72
STU001889,Computer and Communication Engineering,fourth_year,7.35
STU001891,Computer and Communication Engineering,fourth_year,8.32
STU001892,Computer and Communication Engineering,fourth_year,7.13
STU001893,Computer and Communication Engineering,fourth_year,6.77
STU001894,Computer and Communication Engineering,fourth_year,8.22
STU001895,Computer and Communication Engineering,fourth_year,6.37
STU001896,Computer and Communication Engineering,fourth_year,7.46
STU001897,Computer and Communication Engineering,fourth_year,6.91
STU001898,Computer and Communication Engineering,fourth_year,8.19
STU001899,Computer and Communication Engineering,fourth_year,6.18
STU001900,Computer and Communication Engineering,fourth_year,6.64
STU001901,Computer and Communication Engineering,fourth_year,6.17
STU001902,Computer and Communication Engineering,fourth_year,7.36
STU001903,Computer and Communication Engineering,fourth_year,7.69
STU001904,Computer and Communication Engineering,fourth_year,6.43
STU001905,Computer and Communication Engineering,fourth_year,5.41
STU001906,Computer and Communication Engineering,fourth_year,6.62
STU001907,Computer and Communication Engineering,fourth_year,8.89
STU001908,Computer and Communication Engineering,fourth_year,9.0
STU001909,Computer and Communication Engineering,fourth_year,9.1
STU001910,Computer and Communication Engineering,fourth_year,8.24
STU001911,Computer and Communication Engineering,fourth_year,8.79
STU001912,Computer and Communication Engineering,fourth_year,8.17
STU001913,Computer and Communication Engineering,fourth_year,8.3
STU001914,Computer and Communication Engineering,fourth_year,8.18
STU001915,Computer and Communication Engineering,fourth_year,8.04
STU001916,Computer and Communication Engineering,fourth_year,8.77
STU001917,Computer and Communication Engineering,fourth_year,8.41
STU001918,Computer and Communication Engineering,fourth_year,8.6
STU000050,Data Science & Engineering,fourth_year,7.36
STU000189,Data Science & Engineering,fourth_year,6.15
STU000190,Data Science & Engineering,fourth_year,5.79
STU000191,Data Science & Engineering,fourth_year,6.36
STU000192,Data Science & Engineering,fourth_year,6.81
STU000193,Data Science & Engineering,fourth_year,4.91
STU000194,Data Science & Engineering,fourth_year,5.47
STU000196,Data Science & Engineering,fourth_year,6.25
STU002350,Data Science & Engineering,fourth_year,7.55
STU002351,Data Science & Engineering,fourth_year,7.88
STU002352,Data Science & Engineering,fourth_year,8.56
STU002353,Data Science & Engineering,fourth_year,6.08
STU002354,Data Science & Engineering,fourth_year,8.48
STU002355,Data Science & Engineering,fourth_year,6.35
STU002356,Data Science & Engineering,fourth_year,7.03
STU002357,Data Science & Engineering,fourth_year,7.91
STU002358,Data Science & Engineering,fourth_year,9.6
STU002359,Data Science & Engineering,fourth_year,8.08
STU002360,Data Science & Engineering,fourth_year,6.47
STU002361,Data Science & Engineering,fourth_year,6.8
STU002362,Data Science & Engineering,fourth_year,5.95
STU002363,Data Science & Engineering,fourth_year,5.14
STU002364,Data Science & Engineering,fourth_year,7.46
STU002365,Data Science & Engineering,fourth_year,7.32
STU002366,Data Science & Engineering,fourth_year,6.26
STU002367,Data Science & Engineering,fourth_year,7.21
STU002368,Data Science & Engineering,fourth_year,5.14
STU002369,Data Science & Engineering,fourth_year,7.89
STU002370,Data Science & Engineering,fourth_year,7.25
STU002371,Data Science & Engineering,fourth_year,8.64
STU002372,Data Science & Engineering,fourth_year,8.85
STU002373,Data Science & Engineering,fourth_year,8.61
STU002374,Data Science & Engineering,fourth_year,6.51
STU002375,Data Science & Engineering,fourth_year,8.33
STU002376,Data Science & Engineering,fourth_year,5.87
STU002377,Data Science & Engineering,fourth_year,7.89
STU002378,Data Science & Engineering,fourth_year,6.5
STU002379,Data Science & Engineering,fourth_year,9.22
STU002380,Data Science & Engineering,fourth_year,6.73
STU002381,Data Science & Engineering,fourth_year,8.37
STU002382,Data Science & Engineering,fourth_year,8.62
STU002383,Data Science & Engineering,fourth_year,8.42
STU002384,Data Science & Engineering,fourth_year,7.65
STU002385,Data Science & Engineering,fourth_year,9.19
STU002386,Data Science & Engineering,fourth_year,8.2
STU002387,Data Science & Engineering,fourth_year,6.12
STU002388,Data Science & Engineering,fourth_year,7.26
STU002389,Data Science & Engineering,fourth_year,8.66
STU002390,Data Science & Engineering,fourth_year,8.93
STU002391,Data Science & Engineering,fourth_year,8.33
STU002392,Data Science & Engineering,fourth_year,8.14
STU002393,Data Science & Engineering,fourth_year,8.62
STU002394,Data Science & Engineering,fourth_year,8.6
STU002395,Data Science & Engineering,fourth_year,8.74
STU002396,Data Science & Engineering,fourth_year,8.53
STU002397,Data Science & Engineering,fourth_year,6.82
STU002398,Data Science & Engineering,fourth_year,7.34
STU002399,Data Science & Engineering,fourth_year,5.97
STU002400,Data Science & Engineering,fourth_year,9.12
STU002401,Data Science & Engineering,fourth_year,7.99
STU002402,Data Science & Engineering,fourth_year,6.98
STU002403,Data Science & Engineering,fourth_year,8.68
STU002404,Data Science & Engineering,fourth_year,9.1
STU002405,Data Science & Engineering,fourth_year,7.59
STU002406,Data Science & Engineering,fourth_year,7.16
STU002407,Data Science & Engineering,fourth_year,7.33
STU002408,Data Science & Engineering,fourth_year,8.07
STU002409,Data Science & Engineering,fourth_year,5.78
STU002410,Data Science & Engineering,fourth_year,6.12
STU002411,Data Science & Engineering,fourth_year,7.27
STU002412,Data Science & Engineering,fourth_year,7.37
STU002413,Data Science & Engineering,fourth_year,7.17
STU002414,Data Science & Engineering,fourth_year,8.58
STU002415,Data Science & Engineering,fourth_year,8.02
STU002416,Data Science & Engineering,fourth_year,6.5
STU002417,Data Science & Engineering,fourth_year,8.14
STU002418,Data Science & Engineering,fourth_year,8.55
STU002419,Data Science & Engineering,fourth_year,8.37
STU002420,Data Science & Engineering,fourth_year,6.35
STU002421,Data Science & Engineering,fourth_year,8.93
STU002422,Data Science & Engineering,fourth_year,8.09
STU002423,Data Science & Engineering,fourth_year,7.6
STU002424,Data Science & Engineering,fourth_year,7.04
STU002425,Data Science & Engineering,fourth_year,7.64
STU002426,Data Science & Engineering,fourth_year,7.72
STU002427,Data Science & Engineering,fourth_year,6.49
STU002428,Data Science & Engineering,fourth_year,8.08
STU002429,Data Science & Engineering,fourth_year,8.79
STU002430,Data Science & Engineering,fourth_year,5.67
STU002431,Data Science & Engineering,fourth_year,8.45
STU002432,Data Science & Engineering,fourth_year,8.43
STU002433,Data Science & Engineering,fourth_year,8.22
STU002434,Data Science & Engineering,fourth_year,5.68
STU002435,Data Science & Engineering,fourth_year,6.89
STU002436,Data Science & Engineering,fourth_year,7.12
STU002437,Data Science & Engineering,fourth_year,7.31
STU002438,Data Science & Engineering,fourth_year,7.98
STU002439,Data Science & Engineering,fourth_year,6.12
STU002440,Data Science & Engineering,fourth_year,7.9
STU002442,Data Science & Engineering,fourth_year,8.25
STU002443,Data Science & Engineering,fourth_year,6.27
STU002445,Data Science & Engineering,fourth_year,8.48
STU002446,Data Science & Engineering,fourth_year,7.87
STU002447,Data Science & Engineering,fourth_year,8.08
STU002448,Data Science & Engineering,fourth_year,6.89
STU002449,Data Science & Engineering,fourth_year,7.65
STU002450,Data Science & Engineering,fourth_year,6.93
STU002451,Data Science & Engineering,fourth_year,6.18
STU002452,Data Science & Engineering,fourth_year,7.85
STU002453,Data Science & Engineering,fourth_year,8.62
STU002454,Data Science & Engineering,fourth_year,6.16
STU002455,Data Science & Engineering,fourth_year,7.55
STU002456,Data Science & Engineering,fourth_year,6.9
STU002457,Data Science & Engineering,fourth_year,7.14
STU002458,Data Science & Engineering,fourth_year,7.05
STU002459,Data Science & Engineering,fourth_year,7.81
STU002460,Data Science & Engineering,fourth_year,7.52
STU002461,Data Science & Engineering,fourth_year,8.28
STU002462,Data Science & Engineering,fourth_year,7.5
STU002463,Data Science & Engineering,fourth_year,7.0
STU002464,Data Science & Engineering,fourth_year,8.68
STU002465,Data Science & Engineering,fourth_year,7.66
STU002466,Data Science & Engineering,fourth_year,8.57
STU002467,Data Science & Engineering,fourth_year,6.56
STU002468,Data Science & Engineering,fourth_year,6.19
STU002469,Data Science & Engineering,fourth_year,8.57
STU002470,Data Science & Engineering,fourth_year,8.53
STU002471,Data Science & Engineering,fourth_year,7.54
STU002472,Data Science & Engineering,fourth_year,7.79
STU002473,Data Science & Engineering,fourth_year,8.67
STU002474,Data Science & Engineering,fourth_year,7.31
STU002475,Data Science & Engineering,fourth_year,8.88
STU002476,Data Science & Engineering,fourth_year,7.83
STU002477,Data Science & Engineering,fourth_year,8.41
STU002478,Data Science & Engineering,fourth_year,6.75
STU002479,Data Science & Engineering,fourth_year,8.54
STU002480,Data Science & Engineering,fourth_year,6.14
STU002481,Data Science & Engineering,fourth_year,7.65
STU002482,Data Science & Engineering,fourth_year,8.73
STU002483,Data Science & Engineering,fourth_year,8.21
STU002484,Data Science & Engineering,fourth_year,6.26
STU002485,Data Science & Engineering,fourth_year,8.28
STU002486,Data Science & Engineering,fourth_year,8.51
STU002487,Data Science & Engineering,fourth_year,8.21
STU002488,Data Science & Engineering,fourth_year,8.38
STU002489,Data Science & Engineering,fourth_year,8.73
STU002490,Data Science & Engineering,fourth_year,7.53
STU002491,Data Science & Engineering,fourth_year,8.79
STU002492,Data Science & Engineering,fourth_year,6.38
STU002493,Data Science & Engineering,fourth_year,7.71
STU002494,Data Science & Engineering,fourth_year,7.24
STU002495,Data Science & Engineering,fourth_year,7.1
STU002496,Data Science & Engineering,fourth_year,5.77
STU002497,Data Science & Engineering,fourth_year,8.14
STU002498,Data Science & Engineering,fourth_year,8.71
STU002499,Data Science & Engineering,fourth_year,8.17
STU002500,Data Science & Engineering,fourth_year,7.74
STU002501,Data Science & Engineering,fourth_year,8.41
STU002502,Data Science & Engineering,fourth_year,7.98
STU002503,Data Science & Engineering,fourth_year,8.36
STU002504,Data Science & Engineering,fourth_year,8.17
STU002505,Data Science & Engineering,fourth_year,7.88
STU002506,Data Science & Engineering,fourth_year,8.59
STU000025,Information Technology,fourth_year,4.78
STU000026,Information Technology,fourth_year,4.63
STU000123,Information Technology,fourth_year,4.85
STU000125,Information Technology,fourth_year,6.12
STU000126,Information Technology,fourth_year,5.64
STU000127,Information Technology,fourth_year,5.34
STU000128,Information Technology,fourth_year,6.02
STU000129,Information Technology,fourth_year,5.11
STU000130,Information Technology,fourth_year,5.78
STU000132,Information Technology,fourth_year,5.3
STU000133,Information Technology,fourth_year,5.99
STU001090,Information Technology,fourth_year,6.99
STU001091,Information Technology,fourth_year,6.42
STU001092,Information Technology,fourth_year,9.07
STU001093,Information Technology,fourth_year,6.79
STU001094,Information Technology,fourth_year,8.98
STU001095,Information Technology,fourth_year,6.5
STU001096,Information Technology,fourth_year,7.1
STU001097,Information Technology,fourth_year,8.4
STU001098,Information Technology,fourth_year,7.07
STU001099,Information Technology,fourth_year,6.57
STU001100,Information Technology,fourth_year,5.29
STU001101,Information Technology,fourth_year,8.87
STU001102,Information Technology,fourth_year,7.3
STU001103,Information Technology,fourth_year,7.57
STU001104,Information Technology,fourth_year,8.75
STU001105,Information Technology,fourth_year,5.82
STU001106,Information Technology,fourth_year,9.13
STU001107,Information Technology,fourth_year,6.51
STU001108,Information Technology,fourth_year,6.99
STU001109,Information Technology,fourth_year,6.18
STU001110,Information Technology,fourth_year,7.45
STU001111,Information Technology,fourth_year,8.31
STU001112,Information Technology,fourth_year,5.74
STU001113,Information Technology,fourth_year,8.34
STU001115,Information Technology,fourth_year,6.37
STU001116,Information Technology,fourth_year,8.46
STU001117,Information Technology,fourth_year,7.49
STU001118,Information Technology,fourth_year,8.81
STU001119,Information Technology,fourth_year,8.03
STU001120,Information Technology,fourth_year,6.4
STU001121,Information Technology,fourth_year,7.81
STU001122,Information Technology,fourth_year,8.88
STU001123,Information Technology,fourth_year,5.37
STU001124,Information Technology,fourth_year,7.68
STU001125,Information Technology,fourth_year,5.09
STU001126,Information Technology,fourth_year,7.15
STU001127,Information Technology,fourth_year,6.57
STU001128,Information Technology,fourth_year,9.17
STU001129,Information Technology,fourth_year,7.74
STU001130,Information Technology,fourth_year,7.6
STU001131,Information Technology,fourth_year,7.68
STU001132,Information Technology,fourth_year,7.12
STU001133,Information Technology,fourth_year,6.04
STU001134,Information Technology,fourth_year,7.8
STU001135,Information Technology,fourth_year,8.37
STU001136,Information Technology,fourth_year,8.85
STU001137,Information Technology,fourth_year,7.89
STU001138,Information Technology,fourth_year,9.1
STU001139,Information Technology,fourth_year,8.33
STU001140,Information Technology,fourth_year,7.36
STU001141,Information Technology,fourth_year,8.28
STU001142,Information Technology,fourth_year,6.18
STU001143,Information Technology,fourth_year,8.23
STU001144,Information Technology,fourth_year,9.23
STU001145,Information Technology,fourth_year,7.44
STU001146,Information Technology,fourth_year,7.33
STU001147,Information Technology,fourth_year,8.53
STU001148,Information Technology,fourth_year,8.64
STU001149,Information Technology,fourth_year,6.74
STU001150,Information Technology,fourth_year,8.56
STU001151,Information Technology,fourth_year,8.36
STU001152,Information Technology,fourth_year,5.97
STU001153,Information Technology,fourth_year,8.11
STU001154,Information Technology,fourth_year,9.29
STU001155,Information Technology,fourth_year,7.78
STU001156,Information Technology,fourth_year,9.52
STU001157,Information Technology,fourth_year,8.7
STU001158,Information Technology,fourth_year,8.25
STU001159,Information Technology,fourth_year,8.05
STU001160,Information Technology,fourth_year,8.21
STU001161,Information Technology,fourth_year,7.83
STU001162,Information Technology,fourth_year,8.71
STU001163,Information Technology,fourth_year,7.52
STU001164,Information Technology,fourth_year,7.28
STU001165,Information Technology,fourth_year,8.79
STU001166,Information Technology,fourth_year,6.23
STU001167,Information Technology,fourth_year,8.33
STU001168,Information Technology,fourth_year,7.95
STU001169,Information Technology,fourth_year,9.07
STU001170,Information Technology,fourth_year,9.05
STU001171,Information Technology,fourth_year,6.64
STU001172,Information Technology,fourth_year,8.98
STU001173,Information Technology,fourth_year,8.44
STU001174,Information Technology,fourth_year,8.0
STU001175,Information Technology,fourth_year,7.03
STU001176,Information Technology,fourth_year,4.68
STU001177,Information Technology,fourth_year,6.53
STU001178,Information Technology,fourth_year,7.18
STU001179,Information Technology,fourth_year,9.12
STU001180,Information Technology,fourth_year,7.34
STU001181,Information Technology,fourth_year,7.83
STU001182,Information Technology,fourth_year,7.36
STU001183,Information Technology,fourth_year,6.14
STU001184,Information Technology,fourth_year,8.34
STU001185,Information Technology,fourth_year,7.6
STU001186,Information Technology,fourth_year,8.6
STU001187,Information Technology,fourth_year,6.52
STU001188,Information Technology,fourth_year,8.12
STU001189,Information Technology,fourth_year,6.63
STU001190,Information Technology,fourth_year,8.34
STU001191,Information Technology,fourth_year,5.88
STU001192,Information Technology,fourth_year,8.35
STU001193,Information Technology,fourth_year,7.6
STU001194,Information Technology,fourth_year,8.26
STU001195,Information Technology,fourth_year,7.56
STU001196,Information Technology,fourth_year,7.49
STU001197,Information Technology,fourth_year,8.33
STU001198,Information Technology,fourth_year,6.74
STU001199,Information Technology,fourth_year,8.55
STU001200,Information Technology,fourth_year,7.69
STU001201,Information Technology,fourth_year,6.8
STU001202,Information Technology,fourth_year,8.13
STU001203,Information Technology,fourth_year,8.44
STU001204,Information Technology,fourth_year,7.23
STU001205,Information Technology,fourth_year,6.65
STU001206,Information Technology,fourth_year,7.82
STU001207,Information Technology,fourth_year,7.67
STU001208,Information Technology,fourth_year,8.61
STU001209,Information Technology,fourth_year,7.71
STU001210,Information Technology,fourth_year,7.69
STU001211,Information Technology,fourth_year,9.18
STU001212,Information Technology,fourth_year,6.81
STU001213,Information Technology,fourth_year,7.86
STU001214,Information Technology,fourth_year,7.15
STU001215,Information Technology,fourth_year,6.53
STU001216,Information Technology,fourth_year,8.08
STU001217,Information Technology,fourth_year,7.85
STU001218,Information Technology,fourth_year,6.89
STU001219,Information Technology,fourth_year,5.64
STU001220,Information Technology,fourth_year,8.56
STU001221,Information Technology,fourth_year,9.28
STU001222,Information Technology,fourth_year,7.01
STU001223,Information Technology,fourth_year,8.69
STU001224,Information Technology,fourth_year,8.25
STU001225,Information Technology,fourth_year,9.02
STU001226,Information Technology,fourth_year,6.27
STU001227,Information Technology,fourth_year,6.72
STU001228,Information Technology,fourth_year,8.21
STU001229,Information Technology,fourth_year,6.37
STU001230,Information Technology,fourth_year,8.01
STU001231,Information Technology,fourth_year,8.86
STU001232,Information Technology,fourth_year,6.98
STU001233,Information Technology,fourth_year,5.86
STU001234,Information Technology,fourth_year,6.06
STU001235,Information Technology,fourth_year,6.16
STU001236,Information Technology,fourth_year,7.45
STU001237,Information Technology,fourth_year,6.64
STU001238,Information Technology,fourth_year,6.99
STU001239,Information Technology,fourth_year,5.81
STU001240,Information Technology,fourth_year,7.36
STU001241,Information Technology,fourth_year,5.88
STU001242,Information Technology,fourth_year,7.46
STU001243,Information Technology,fourth_year,7.3
STU001244,Information Technology,fourth_year,7.01
STU001245,Information Technology,fourth_year,6.75
STU001247,Information Technology,fourth_year,6.55
STU001248,Information Technology,fourth_year,8.22
STU001249,Information Technology,fourth_year,7.02
STU001250,Information Technology,fourth_year,5.79
STU001251,Information Technology,fourth_year,6.55
STU001252,Information Technology,fourth_year,7.25
STU001253,Information Technology,fourth_year,8.43
STU001254,Information Technology,fourth_year,6.43
STU001255,Information Technology,fourth_year,9.21
STU001257,Information Technology,fourth_year,8.07
STU001258,Information Technology,fourth_year,7.64
STU001259,Information Technology,fourth_year,7.13
STU001260,Information Technology,fourth_year,6.26
STU001261,Information Technology,fourth_year,6.65
STU001262,Information Technology,fourth_year,8.24
STU001263,Information Technology,fourth_year,5.84
STU001264,Information Technology,fourth_year,7.73
STU001265,Information Technology,fourth_year,6.99
STU001266,Information Technology,fourth_year,8.0
STU001267,Information Technology,fourth_year,7.21
STU001268,Information Technology,fourth_year,6.69
STU001269,Information Technology,fourth_year,7.43
STU001270,Information Technology,fourth_year,5.79
STU001271,Information Technology,fourth_year,7.87
STU001272,Information Technology,fourth_year,6.5
STU001273,Information Technology,fourth_year,8.03
STU001274,Information Technology,fourth_year,7.3
STU001275,Information Technology,fourth_year,9.05
STU001276,Information Technology,fourth_year,8.25
STU001277,Information Technology,fourth_year,7.98
STU001278,Information Technology,fourth_year,7.58
STU001279,Information Technology,fourth_year,6.13
STU001280,Information Technology,fourth_year,5.79
STU001281,Information Technology,fourth_year,8.97
STU001282,Information Technology,fourth_year,7.55
STU001284,Information Technology,fourth_year,8.18
STU001285,Information Technology,fourth_year,7.25
STU001286,Information Technology,fourth_year,7.07
STU001287,Information Technology,fourth_year,7.05
STU001288,Information Technology,fourth_year,6.98
STU001289,Information Technology,fourth_year,9.51
STU001290,Information Technology,fourth_year,5.83
STU001291,Information Technology,fourth_year,7.66
STU001292,Information Technology,fourth_year,7.53
STU001293,Information Technology,fourth_year,7.45
STU001294,Information Technology,fourth_year,5.79
STU001295,Information Technology,fourth_year,7.8
STU001296,Information Technology,fourth_year,6.41
STU001297,Information Technology,fourth_year,8.47
STU001298,Information Technology,fourth_year,6.37
STU001299,Information Technology,fourth_year,7.35
STU001300,Information Technology,fourth_year,8.59
STU001301,Information Technology,fourth_year,6.77
STU001302,Information Technology,fourth_year,5.49
STU001303,Information Technology,fourth_year,8.79
STU001304,Information Technology,fourth_year,8.53
STU001305,Information Technology,fourth_year,8.4
STU001306,Information Technology,fourth_year,7.95
STU001307,Information Technology,fourth_year,8.16
STU001308,Information Technology,fourth_year,8.82
STU001309,Information Technology,fourth_year,8.68
STU001310,Information Technology,fourth_year,8.64
STU001311,Information Technology,fourth_year,7.96
STU001312,Information Technology,fourth_year,8.07
STU001313,Information Technology,fourth_year,7.93
STU007717,B.Tech Civil Engineering (Dual Degree Program with Macquarie University),second_year,7.93
STU007718,B.Tech Civil Engineering (Dual Degree Program with Macquarie University),second_year,7.69
STU007719,B.Tech Civil Engineering (Dual Degree Program with Macquarie University),second_year,5.93
STU007720,B.Tech Civil Engineering (Dual Degree Program with Macquarie University),second_year,4.43
STU007721,B.Tech Civil Engineering (Dual Degree Program with Macquarie University),second_year,6.81
STU007722,B.Tech Electrical & Electronics Engineering (Dual Degree Program with Macquarie University),second_year,6.19
STU007723,B.Tech Electrical & Electronics Engineering (Dual Degree Program with Macquarie University),second_year,7.76
STU007724,B.Tech Electrical & Electronics Engineering (Dual Degree Program with Macquarie University),second_year,3.45
STU007725,B.Tech Electrical & Electronics Engineering (Dual Degree Program with Macquarie University),second_year,5.62
STU007726,B.Tech Electrical & Electronics Engineering (Dual Degree Program with Macquarie University),second_year,6.98
STU007727,B.Tech Electrical & Electronics Engineering (Dual Degree Program with Macquarie University),second_year,4.86
STU007728,B.Tech Electrical & Electronics Engineering (Dual Degree Program with Macquarie University),second_year,6.24
STU007729,B.Tech Electrical & Electronics Engineering (Dual Degree Program with Macquarie University),second_year,4.29
STU004026,Bachelor of Technology (B.Tech.) in Aeronautical Engineering,second_year,4.36
STU004076,Bachelor of Technology (B.Tech.) in Aeronautical Engineering,second_year,4.43
STU007245,Bachelor of Technology (B.Tech.) in Aeronautical Engineering,second_year,8.67
STU007246,Bachelor of Technology (B.Tech.) in Aeronautical Engineering,second_year,6.95
STU007247,Bachelor of Technology (B.Tech.) in Aeronautical Engineering,second_year,7.0
STU007248,Bachelor of Technology (B.Tech.) in Aeronautical Engineering,second_year,8.67
STU007249,Bachelor of Technology (B.Tech.) in Aeronautical Engineering,second_year,6.81
STU007250,Bachelor of Technology (B.Tech.) in Aeronautical Engineering,second_year,6.93
STU007251,Bachelor of Technology (B.Tech.) in Aeronautical Engineering,second_year,8.98
STU007252,Bachelor of Technology (B.Tech.) in Aeronautical Engineering,second_year,8.19
STU007253,Bachelor of Technology (B.Tech.) in Aeronautical Engineering,second_year,7.43
STU007254,Bachelor of Technology (B.Tech.) in Aeronautical Engineering,second_year,9.05
STU007255,Bachelor of Technology (B.Tech.) in Aeronautical Engineering,second_year,7.21
STU007256,Bachelor of Technology (B.Tech.) in Aeronautical Engineering,second_year,7.07
STU007257,Bachelor of Technology (B.Tech.) in Aeronautical Engineering,second_year,8.43
STU007258,Bachelor of Technology (B.Tech.) in Aeronautical Engineering,second_year,7.4
STU007259,Bachelor of Technology (B.Tech.) in Aeronautical Engineering,second_year,7.81
STU007260,Bachelor of Technology (B.Tech.) in Aeronautical Engineering,second_year,6.95
STU007261,Bachelor of Technology (B.Tech.) in Aeronautical Engineering,second_year,8.24
STU007262,Bachelor of Technology (B.Tech.) in Aeronautical Engineering,second_year,6.0
STU007263,Bachelor of Technology (B.Tech.) in Aeronautical Engineering,second_year,8.45
STU007264,Bachelor of Technology (B.Tech.) in Aeronautical Engineering,second_year,7.33
STU007265,Bachelor of Technology (B.Tech.) in Aeronautical Engineering,second_year,6.69
STU007266,Bachelor of Technology (B.Tech.) in Aeronautical Engineering,second_year,8.0
STU007267,Bachelor of Technology (B.Tech.) in Aeronautical Engineering,second_year,8.48
STU007268,Bachelor of Technology (B.Tech.) in Aeronautical Engineering,second_year,6.86
STU007269,Bachelor of Technology (B.Tech.) in Aeronautical Engineering,second_year,6.62
STU007270,Bachelor of Technology (B.Tech.) in Aeronautical Engineering,second_year,8.17
STU007271,Bachelor of Technology (B.Tech.) in Aeronautical Engineering,second_year,6.83
STU007272,Bachelor of Technology (B.Tech.) in Aeronautical Engineering,second_year,8.93
STU007273,Bachelor of Technology (B.Tech.) in Aeronautical Engineering,second_year,8.55
STU007274,Bachelor of Technology (B.Tech.) in Aeronautical Engineering,second_year,8.88
STU007275,Bachelor of Technology (B.Tech.) in Aeronautical Engineering,second_year,5.88
STU007276,Bachelor of Technology (B.Tech.) in Aeronautical Engineering,second_year,6.6
STU007277,Bachelor of Technology (B.Tech.) in Aeronautical Engineering,second_year,7.29
STU007278,Bachelor of Technology (B.Tech.) in Aeronautical Engineering,second_year,8.95
STU007279,Bachelor of Technology (B.Tech.) in Aeronautical Engineering,second_year,9.05
STU007280,Bachelor of Technology (B.Tech.) in Aeronautical Engineering,second_year,7.55
STU007281,Bachelor of Technology (B.Tech.) in Aeronautical Engineering,second_year,7.6
STU007282,Bachelor of Technology (B.Tech.) in Aeronautical Engineering,second_year,7.86
STU007283,Bachelor of Technology (B.Tech.) in Aeronautical Engineering,second_year,7.24
STU007284,Bachelor of Technology (B.Tech.) in Aeronautical Engineering,second_year,8.4
STU007285,Bachelor of Technology (B.Tech.) in Aeronautical Engineering,second_year,8.81
STU007286,Bachelor of Technology (B.Tech.) in Aeronautical Engineering,second_year,8.45
STU007287,Bachelor of Technology (B.Tech.) in Aeronautical Engineering,second_year,5.67
STU007288,Bachelor of Technology (B.Tech.) in Aeronautical Engineering,second_year,4.24
STU007289,Bachelor of Technology (B.Tech.) in Aeronautical Engineering,second_year,8.19
STU007290,Bachelor of Technology (B.Tech.) in Aeronautical Engineering,second_year,8.4
STU007291,Bachelor of Technology (B.Tech.) in Aeronautical Engineering,second_year,7.55
STU007292,Bachelor of Technology (B.Tech.) in Aeronautical Engineering,second_year,6.57
STU007293,Bachelor of Technology (B.Tech.) in Aeronautical Engineering,second_year,6.79
STU007294,Bachelor of Technology (B.Tech.) in Aeronautical Engineering,second_year,5.55
STU007295,Bachelor of Technology (B.Tech.) in Aeronautical Engineering,second_year,5.74
STU007296,Bachelor of Technology (B.Tech.) in Aeronautical Engineering,second_year,8.0
STU007297,Bachelor of Technology (B.Tech.) in Aeronautical Engineering,second_year,7.9
STU007298,Bachelor of Technology (B.Tech.) in Aeronautical Engineering,second_year,8.12
STU007299,Bachelor of Technology (B.Tech.) in Aeronautical Engineering,second_year,7.64
STU007300,Bachelor of Technology (B.Tech.) in Aeronautical Engineering,second_year,9.38
STU007301,Bachelor of Technology (B.Tech.) in Aeronautical Engineering,second_year,8.93
STU007302,Bachelor of Technology (B.Tech.) in Aeronautical Engineering,second_year,7.36
STU007303,Bachelor of Technology (B.Tech.) in Aeronautical Engineering,second_year,8.33
STU007304,Bachelor of Technology (B.Tech.) in Aeronautical Engineering,second_year,7.1
STU007305,Bachelor of Technology (B.Tech.) in Aeronautical Engineering,second_year,8.76
STU007306,Bachelor of Technology (B.Tech.) in Aeronautical Engineering,second_year,7.9
STU007307,Bachelor of Technology (B.Tech.) in Aeronautical Engineering,second_year,7.38
STU007308,Bachelor of Technology (B.Tech.) in Aeronautical Engineering,second_year,8.95
STU007309,Bachelor of Technology (B.Tech.) in Aeronautical Engineering,second_year,7.52
STU007310,Bachelor of Technology (B.Tech.) in Aeronautical Engineering,second_year,6.45
STU007311,Bachelor of Technology (B.Tech.) in Aeronautical Engineering,second_year,6.81
STU007312,Bachelor of Technology (B.Tech.) in Aeronautical Engineering,second_year,7.62
STU007313,Bachelor of Technology (B.Tech.) in Aeronautical Engineering,second_year,8.6
STU007314,Bachelor of Technology (B.Tech.) in Aeronautical Engineering,second_year,6.81
STU004100,Bachelor of Technology (B.Tech.) in Automobile Engineering,second_year,8.55
STU004107,Bachelor of Technology (B.Tech.) in Automobile Engineering,second_year,4.05
STU007315,Bachelor of Technology (B.Tech.) in Automobile Engineering,second_year,6.07
STU007316,Bachelor of Technology (B.Tech.) in Automobile Engineering,second_year,7.29
STU007317,Bachelor of Technology (B.Tech.) in Automobile Engineering,second_year,3.95
STU007318,Bachelor of Technology (B.Tech.) in Automobile Engineering,second_year,8.31
STU007319,Bachelor of Technology (B.Tech.) in Automobile Engineering,second_year,4.24
STU007320,Bachelor of Technology (B.Tech.) in Automobile Engineering,second_year,4.74
STU007321,Bachelor of Technology (B.Tech.) in Automobile Engineering,second_year,7.6
STU007322,Bachelor of Technology (B.Tech.) in Automobile Engineering,second_year,7.38
STU007323,Bachelor of Technology (B.Tech.) in Automobile Engineering,second_year,7.62
STU007324,Bachelor of Technology (B.Tech.) in Automobile Engineering,second_year,7.0
STU007325,Bachelor of Technology (B.Tech.) in Automobile Engineering,second_year,6.02
STU007326,Bachelor of Technology (B.Tech.) in Automobile Engineering,second_year,6.98
STU007327,Bachelor of Technology (B.Tech.) in Automobile Engineering,second_year,6.12
STU007328,Bachelor of Technology (B.Tech.) in Automobile Engineering,second_year,8.48
STU007329,Bachelor of Technology (B.Tech.) in Automobile Engineering,second_year,5.83
STU007330,Bachelor of Technology (B.Tech.) in Automobile Engineering,second_year,7.24
STU007331,Bachelor of Technology (B.Tech.) in Automobile Engineering,second_year,5.52
STU007332,Bachelor of Technology (B.Tech.) in Automobile Engineering,second_year,7.1
STU007333,Bachelor of Technology (B.Tech.) in Automobile Engineering,second_year,5.17
STU007334,Bachelor of Technology (B.Tech.) in Automobile Engineering,second_year,4.79
STU007335,Bachelor of Technology (B.Tech.) in Automobile Engineering,second_year,6.86
STU007336,Bachelor of Technology (B.Tech.) in Automobile Engineering,second_year,5.98
STU007337,Bachelor of Technology (B.Tech.) in Automobile Engineering,second_year,5.26
STU002530,Bachelor of Technology (B.Tech.) in Bio-Medical Engineering,second_year,4.64
STU005065,Bachelor of Technology (B.Tech.) in Bio-Medical Engineering,second_year,5.19
STU005066,Bachelor of Technology (B.Tech.) in Bio-Medical Engineering,second_year,9.5
STU005067,Bachelor of Technology (B.Tech.) in Bio-Medical Engineering,second_year,5.52
STU005068,Bachelor of Technology (B.Tech.) in Bio-Medical Engineering,second_year,9.07
STU005069,Bachelor of Technology (B.Tech.) in Bio-Medical Engineering,second_year,7.64
STU005070,Bachelor of Technology (B.Tech.) in Bio-Medical Engineering,second_year,7.79
STU005071,Bachelor of Technology (B.Tech.) in Bio-Medical Engineering,second_year,6.9
STU005072,Bachelor of Technology (B.Tech.) in Bio-Medical Engineering,second_year,7.9
STU005073,Bachelor of Technology (B.Tech.) in Bio-Medical Engineering,second_year,7.64
STU005074,Bachelor of Technology (B.Tech.) in Bio-Medical Engineering,second_year,9.21
STU005075,Bachelor of Technology (B.Tech.) in Bio-Medical Engineering,second_year,7.64
STU005076,Bachelor of Technology (B.Tech.) in Bio-Medical Engineering,second_year,8.29
STU005077,Bachelor of Technology (B.Tech.) in Bio-Medical Engineering,second_year,8.1
STU005078,Bachelor of Technology (B.Tech.) in Bio-Medical Engineering,second_year,7.19
STU005079,Bachelor of Technology (B.Tech.) in Bio-Medical Engineering,second_year,5.21
STU005080,Bachelor of Technology (B.Tech.) in Bio-Medical Engineering,second_year,8.71
STU005081,Bachelor of Technology (B.Tech.) in Bio-Medical Engineering,second_year,5.45
STU005082,Bachelor of Technology (B.Tech.) in Bio-Medical Engineering,second_year,6.21
STU005083,Bachelor of Technology (B.Tech.) in Bio-Medical Engineering,second_year,6.9
STU005084,Bachelor of Technology (B.Tech.) in Bio-Medical Engineering,second_year,4.6
STU005085,Bachelor of Technology (B.Tech.) in Bio-Medical Engineering,second_year,6.21
STU005086,Bachelor of Technology (B.Tech.) in Bio-Medical Engineering,second_year,6.71
STU005087,Bachelor of Technology (B.Tech.) in Bio-Medical Engineering,second_year,8.36
STU005088,Bachelor of Technology (B.Tech.) in Bio-Medical Engineering,second_year,6.67
STU005089,Bachelor of Technology (B.Tech.) in Bio-Medical Engineering,second_year,7.45
STU005090,Bachelor of Technology (B.Tech.) in Bio-Medical Engineering,second_year,7.81
STU005091,Bachelor of Technology (B.Tech.) in Bio-Medical Engineering,second_year,6.55
STU005092,Bachelor of Technology (B.Tech.) in Bio-Medical Engineering,second_year,6.45
STU005093,Bachelor of Technology (B.Tech.) in Bio-Medical Engineering,second_year,5.95
STU005094,Bachelor of Technology (B.Tech.) in Bio-Medical Engineering,second_year,7.1
STU005095,Bachelor of Technology (B.Tech.) in Bio-Medical Engineering,second_year,6.9
STU005096,Bachelor of Technology (B.Tech.) in Bio-Medical Engineering,second_year,7.86
STU005097,Bachelor of Technology (B.Tech.) in Bio-Medical Engineering,second_year,5.43
STU005098,Bachelor of Technology (B.Tech.) in Bio-Medical Engineering,second_year,6.48
STU005099,Bachelor of Technology (B.Tech.) in Bio-Medical Engineering,second_year,7.17
STU005100,Bachelor of Technology (B.Tech.) in Bio-Medical Engineering,second_year,5.52
STU005101,Bachelor of Technology (B.Tech.) in Bio-Medical Engineering,second_year,8.67
STU003765,Bachelor of Technology (B.Tech.) in Biotechnology,second_year,2.53
STU006962,Bachelor of Technology (B.Tech.) in Biotechnology,second_year,5.14
STU006963,Bachelor of Technology (B.Tech.) in Biotechnology,second_year,6.74
STU006964,Bachelor of Technology (B.Tech.) in Biotechnology,second_year,7.6
STU006965,Bachelor of Technology (B.Tech.) in Biotechnology,second_year,9.81
STU006966,Bachelor of Technology (B.Tech.) in Biotechnology,second_year,6.36
STU006967,Bachelor of Technology (B.Tech.) in Biotechnology,second_year,4.14
STU006968,Bachelor of Technology (B.Tech.) in Biotechnology,second_year,7.71
STU006969,Bachelor of Technology (B.Tech.) in Biotechnology,second_year,5.4
STU006970,Bachelor of Technology (B.Tech.) in Biotechnology,second_year,8.71
STU006971,Bachelor of Technology (B.Tech.) in Biotechnology,second_year,6.43
STU006972,Bachelor of Technology (B.Tech.) in Biotechnology,second_year,7.88
STU006973,Bachelor of Technology (B.Tech.) in Biotechnology,second_year,8.07
STU006974,Bachelor of Technology (B.Tech.) in Biotechnology,second_year,8.1
STU006975,Bachelor of Technology (B.Tech.) in Biotechnology,second_year,8.33
STU006976,Bachelor of Technology (B.Tech.) in Biotechnology,second_year,7.05
STU006977,Bachelor of Technology (B.Tech.) in Biotechnology,second_year,8.93
STU006978,Bachelor of Technology (B.Tech.) in Biotechnology,second_year,7.1
STU006979,Bachelor of Technology (B.Tech.) in Biotechnology,second_year,8.29
STU006980,Bachelor of Technology (B.Tech.) in Biotechnology,second_year,7.81
STU006981,Bachelor of Technology (B.Tech.) in Biotechnology,second_year,8.21
STU006982,Bachelor of Technology (B.Tech.) in Biotechnology,second_year,7.9
STU006983,Bachelor of Technology (B.Tech.) in Biotechnology,second_year,8.74
STU006984,Bachelor of Technology (B.Tech.) in Biotechnology,second_year,7.07
STU006985,Bachelor of Technology (B.Tech.) in Biotechnology,second_year,9.76
STU006986,Bachelor of Technology (B.Tech.) in Biotechnology,second_year,8.71
STU006987,Bachelor of Technology (B.Tech.) in Biotechnology,second_year,7.48
STU006988,Bachelor of Technology (B.Tech.) in Biotechnology,second_year,8.17
STU006989,Bachelor of Technology (B.Tech.) in Biotechnology,second_year,7.95
STU006990,Bachelor of Technology (B.Tech.) in Biotechnology,second_year,8.17
STU006991,Bachelor of Technology (B.Tech.) in Biotechnology,second_year,8.79
STU006992,Bachelor of Technology (B.Tech.) in Biotechnology,second_year,8.9
STU006993,Bachelor of Technology (B.Tech.) in Biotechnology,second_year,8.57
STU006994,Bachelor of Technology (B.Tech.) in Biotechnology,second_year,7.62
STU006995,Bachelor of Technology (B.Tech.) in Biotechnology,second_year,9.19
STU006996,Bachelor of Technology (B.Tech.) in Biotechnology,second_year,8.52
STU006997,Bachelor of Technology (B.Tech.) in Biotechnology,second_year,7.81
STU006998,Bachelor of Technology (B.Tech.) in Biotechnology,second_year,9.21
STU006999,Bachelor of Technology (B.Tech.) in Biotechnology,second_year,7.86
STU007000,Bachelor of Technology (B.Tech.) in Biotechnology,second_year,7.1
STU007001,Bachelor of Technology (B.Tech.) in Biotechnology,second_year,8.95
STU007002,Bachelor of Technology (B.Tech.) in Biotechnology,second_year,7.52
STU007003,Bachelor of Technology (B.Tech.) in Biotechnology,second_year,8.57
STU007004,Bachelor of Technology (B.Tech.) in Biotechnology,second_year,9.33
STU007005,Bachelor of Technology (B.Tech.) in Biotechnology,second_year,6.81
STU007006,Bachelor of Technology (B.Tech.) in Biotechnology,second_year,5.79
STU007007,Bachelor of Technology (B.Tech.) in Biotechnology,second_year,8.71
STU007008,Bachelor of Technology (B.Tech.) in Biotechnology,second_year,8.26
STU007009,Bachelor of Technology (B.Tech.) in Biotechnology,second_year,8.57
STU007010,Bachelor of Technology (B.Tech.) in Biotechnology,second_year,6.52
STU007011,Bachelor of Technology (B.Tech.) in Biotechnology,second_year,8.74
STU007012,Bachelor of Technology (B.Tech.) in Biotechnology,second_year,8.48
STU007013,Bachelor of Technology (B.Tech.) in Biotechnology,second_year,7.83
STU007014,Bachelor of Technology (B.Tech.) in Biotechnology,second_year,8.14
STU007015,Bachelor of Technology (B.Tech.) in Biotechnology,second_year,7.6
STU007016,Bachelor of Technology (B.Tech.) in Biotechnology,second_year,6.95
STU007017,Bachelor of Technology (B.Tech.) in Biotechnology,second_year,5.26
STU007018,Bachelor of Technology (B.Tech.) in Biotechnology,second_year,8.71
STU007019,Bachelor of Technology (B.Tech.) in Biotechnology,second_year,7.12
STU007020,Bachelor of Technology (B.Tech.) in Biotechnology,second_year,7.0
STU007021,Bachelor of Technology (B.Tech.) in Biotechnology,second_year,9.07
STU007022,Bachelor of Technology (B.Tech.) in Biotechnology,second_year,4.29
STU007023,Bachelor of Technology (B.Tech.) in Biotechnology,second_year,7.19
STU007024,Bachelor of Technology (B.Tech.) in Biotechnology,second_year,6.1
STU007025,Bachelor of Technology (B.Tech.) in Biotechnology,second_year,6.31
STU007026,Bachelor of Technology (B.Tech.) in Biotechnology,second_year,6.81
STU002552,Bachelor of Technology (B.Tech.) in Chemical Engineering,second_year,3.55
STU002576,Bachelor of Technology (B.Tech.) in Chemical Engineering,second_year,4.52
STU002589,Bachelor of Technology (B.Tech.) in Chemical Engineering,second_year,4.74
STU005102,Bachelor of Technology (B.Tech.) in Chemical Engineering,second_year,7.79
STU005103,Bachelor of Technology (B.Tech.) in Chemical Engineering,second_year,7.19
STU005104,Bachelor of Technology (B.Tech.) in Chemical Engineering,second_year,6.67
STU005105,Bachelor of Technology (B.Tech.) in Chemical Engineering,second_year,7.52
STU005106,Bachelor of Technology (B.Tech.) in Chemical Engineering,second_year,7.74
STU005107,Bachelor of Technology (B.Tech.) in Chemical Engineering,second_year,4.86
STU005108,Bachelor of Technology (B.Tech.) in Chemical Engineering,second_year,8.86
STU005109,Bachelor of Technology (B.Tech.) in Chemical Engineering,second_year,7.33
STU005110,Bachelor of Technology (B.Tech.) in Chemical Engineering,second_year,7.07
STU005111,Bachelor of Technology (B.Tech.) in Chemical Engineering,second_year,6.81
STU005112,Bachelor of Technology (B.Tech.) in Chemical Engineering,second_year,7.17
STU005113,Bachelor of Technology (B.Tech.) in Chemical Engineering,second_year,8.43
STU005114,Bachelor of Technology (B.Tech.) in Chemical Engineering,second_year,6.67
STU005115,Bachelor of Technology (B.Tech.) in Chemical Engineering,second_year,9.07
STU005116,Bachelor of Technology (B.Tech.) in Chemical Engineering,second_year,7.98
STU005117,Bachelor of Technology (B.Tech.) in Chemical Engineering,second_year,8.36
STU005118,Bachelor of Technology (B.Tech.) in Chemical Engineering,second_year,5.38
STU005119,Bachelor of Technology (B.Tech.) in Chemical Engineering,second_year,6.83
STU005120,Bachelor of Technology (B.Tech.) in Chemical Engineering,second_year,8.19
STU005121,Bachelor of Technology (B.Tech.) in Chemical Engineering,second_year,7.48
STU005122,Bachelor of Technology (B.Tech.) in Chemical Engineering,second_year,7.1
STU005123,Bachelor of Technology (B.Tech.) in Chemical Engineering,second_year,7.93
STU005124,Bachelor of Technology (B.Tech.) in Chemical Engineering,second_year,8.64
STU005125,Bachelor of Technology (B.Tech.) in Chemical Engineering,second_year,8.81
STU005126,Bachelor of Technology (B.Tech.) in Chemical Engineering,second_year,6.0
STU005127,Bachelor of Technology (B.Tech.) in Chemical Engineering,second_year,8.9
STU005128,Bachelor of Technology (B.Tech.) in Chemical Engineering,second_year,7.24
STU005129,Bachelor of Technology (B.Tech.) in Chemical Engineering,second_year,6.52
STU005130,Bachelor of Technology (B.Tech.) in Chemical Engineering,second_year,7.14
STU005131,Bachelor of Technology (B.Tech.) in Chemical Engineering,second_year,6.45
STU005132,Bachelor of Technology (B.Tech.) in Chemical Engineering,second_year,7.36
STU005133,Bachelor of Technology (B.Tech.) in Chemical Engineering,second_year,5.6
STU005134,Bachelor of Technology (B.Tech.) in Chemical Engineering,second_year,7.05
STU005135,Bachelor of Technology (B.Tech.) in Chemical Engineering,second_year,6.76
STU005136,Bachelor of Technology (B.Tech.) in Chemical Engineering,second_year,7.36
STU005137,Bachelor of Technology (B.Tech.) in Chemical Engineering,second_year,5.05
STU005138,Bachelor of Technology (B.Tech.) in Chemical Engineering,second_year,8.64
STU005139,Bachelor of Technology (B.Tech.) in Chemical Engineering,second_year,6.98
STU005140,Bachelor of Technology (B.Tech.) in Chemical Engineering,second_year,7.38
STU005141,Bachelor of Technology (B.Tech.) in Chemical Engineering,second_year,6.52
STU005142,Bachelor of Technology (B.Tech.) in Chemical Engineering,second_year,7.36
STU005143,Bachelor of Technology (B.Tech.) in Chemical Engineering,second_year,7.43
STU005144,Bachelor of Technology (B.Tech.) in Chemical Engineering,second_year,7.1
STU005145,Bachelor of Technology (B.Tech.) in Chemical Engineering,second_year,8.33
STU005146,Bachelor of Technology (B.Tech.) in Chemical Engineering,second_year,7.52
STU005147,Bachelor of Technology (B.Tech.) in Chemical Engineering,second_year,5.83
STU005148,Bachelor of Technology (B.Tech.) in Chemical Engineering,second_year,6.02
STU005149,Bachelor of Technology (B.Tech.) in Chemical Engineering,second_year,5.45
STU005150,Bachelor of Technology (B.Tech.) in Chemical Engineering,second_year,6.88
STU005151,Bachelor of Technology (B.Tech.) in Chemical Engineering,second_year,7.69
STU005152,Bachelor of Technology (B.Tech.) in Chemical Engineering,second_year,7.12
STU005153,Bachelor of Technology (B.Tech.) in Chemical Engineering,second_year,6.24
STU005154,Bachelor of Technology (B.Tech.) in Chemical Engineering,second_year,6.33
STU002604,Bachelor of Technology (B.Tech.) in Civil Engineering,second_year,4.76
STU002619,Bachelor of Technology (B.Tech.) in Civil Engineering,second_year,6.14
STU002620,Bachelor of Technology (B.Tech.) in Civil Engineering,second_year,3.76
STU002625,Bachelor of Technology (B.Tech.) in Civil Engineering,second_year,3.93
STU005155,Bachelor of Technology (B.Tech.) in Civil Engineering,second_year,5.5
STU005156,Bachelor of Technology (B.Tech.) in Civil Engineering,second_year,5.21
STU005157,Bachelor of Technology (B.Tech.) in Civil Engineering,second_year,7.74
STU005158,Bachelor of Technology (B.Tech.) in Civil Engineering,second_year,5.36
STU005159,Bachelor of Technology (B.Tech.) in Civil Engineering,second_year,7.5
STU005160,Bachelor of Technology (B.Tech.) in Civil Engineering,second_year,8.67
STU005161,Bachelor of Technology (B.Tech.) in Civil Engineering,second_year,3.62
STU005162,Bachelor of Technology (B.Tech.) in Civil Engineering,second_year,8.55
STU005163,Bachelor of Technology (B.Tech.) in Civil Engineering,second_year,6.38
STU005164,Bachelor of Technology (B.Tech.) in Civil Engineering,second_year,4.36
STU005165,Bachelor of Technology (B.Tech.) in Civil Engineering,second_year,6.55
STU005166,Bachelor of Technology (B.Tech.) in Civil Engineering,second_year,4.05
STU005167,Bachelor of Technology (B.Tech.) in Civil Engineering,second_year,7.9
STU005168,Bachelor of Technology (B.Tech.) in Civil Engineering,second_year,5.67
STU005169,Bachelor of Technology (B.Tech.) in Civil Engineering,second_year,5.36
STU005170,Bachelor of Technology (B.Tech.) in Civil Engineering,second_year,6.71
STU005171,Bachelor of Technology (B.Tech.) in Civil Engineering,second_year,6.67
STU005172,Bachelor of Technology (B.Tech.) in Civil Engineering,second_year,6.19
STU005173,Bachelor of Technology (B.Tech.) in Civil Engineering,second_year,5.5
STU004434,Bachelor of Technology (B.Tech.) in Computer Science & Financial Technology,second_year,4.07
STU004447,Bachelor of Technology (B.Tech.) in Computer Science & Financial Technology,second_year,2.22
STU004455,Bachelor of Technology (B.Tech.) in Computer Science & Financial Technology,second_year,4.83
STU007410,Bachelor of Technology (B.Tech.) in Computer Science & Financial Technology,second_year,6.02
STU007411,Bachelor of Technology (B.Tech.) in Computer Science & Financial Technology,second_year,7.14
STU007412,Bachelor of Technology (B.Tech.) in Computer Science & Financial Technology,second_year,5.79
STU007413,Bachelor of Technology (B.Tech.) in Computer Science & Financial Technology,second_year,4.74
STU007414,Bachelor of Technology (B.Tech.) in Computer Science & Financial Technology,second_year,5.26
STU007415,Bachelor of Technology (B.Tech.) in Computer Science & Financial Technology,second_year,6.5
STU007416,Bachelor of Technology (B.Tech.) in Computer Science & Financial Technology,second_year,5.88
STU007417,Bachelor of Technology (B.Tech.) in Computer Science & Financial Technology,second_year,7.57
STU007418,Bachelor of Technology (B.Tech.) in Computer Science & Financial Technology,second_year,5.98
STU007419,Bachelor of Technology (B.Tech.) in Computer Science & Financial Technology,second_year,7.98
STU007420,Bachelor of Technology (B.Tech.) in Computer Science & Financial Technology,second_year,5.74
STU007421,Bachelor of Technology (B.Tech.) in Computer Science & Financial Technology,second_year,4.19
STU007422,Bachelor of Technology (B.Tech.) in Computer Science & Financial Technology,second_year,5.5
STU007423,Bachelor of Technology (B.Tech.) in Computer Science & Financial Technology,second_year,5.48
STU007424,Bachelor of Technology (B.Tech.) in Computer Science & Financial Technology,second_year,7.21
STU007425,Bachelor of Technology (B.Tech.) in Computer Science & Financial Technology,second_year,6.83
STU007426,Bachelor of Technology (B.Tech.) in Computer Science & Financial Technology,second_year,6.45
STU007427,Bachelor of Technology (B.Tech.) in Computer Science & Financial Technology,second_year,8.4
STU007428,Bachelor of Technology (B.Tech.) in Computer Science & Financial Technology,second_year,7.69
STU007429,Bachelor of Technology (B.Tech.) in Computer Science & Financial Technology,second_year,7.67
STU007430,Bachelor of Technology (B.Tech.) in Computer Science & Financial Technology,second_year,7.07
STU007431,Bachelor of Technology (B.Tech.) in Computer Science & Financial Technology,second_year,7.83
STU007432,Bachelor of Technology (B.Tech.) in Computer Science & Financial Technology,second_year,6.31
STU007433,Bachelor of Technology (B.Tech.) in Computer Science & Financial Technology,second_year,7.95
STU007434,Bachelor of Technology (B.Tech.) in Computer Science & Financial Technology,second_year,7.55
STU007435,Bachelor of Technology (B.Tech.) in Computer Science & Financial Technology,second_year,8.64
STU007436,Bachelor of Technology (B.Tech.) in Computer Science & Financial Technology,second_year,7.76
STU007437,Bachelor of Technology (B.Tech.) in Computer Science & Financial Technology,second_year,7.69
STU007438,Bachelor of Technology (B.Tech.) in Computer Science & Financial Technology,second_year,8.0
STU007439,Bachelor of Technology (B.Tech.) in Computer Science & Financial Technology,second_year,6.33
STU007440,Bachelor of Technology (B.Tech.) in Computer Science & Financial Technology,second_year,9.45
STU007441,Bachelor of Technology (B.Tech.) in Computer Science & Financial Technology,second_year,8.24
STU007442,Bachelor of Technology (B.Tech.) in Computer Science & Financial Technology,second_year,7.43
STU007443,Bachelor of Technology (B.Tech.) in Computer Science & Financial Technology,second_year,6.31
STU007444,Bachelor of Technology (B.Tech.) in Computer Science & Financial Technology,second_year,8.31
STU007445,Bachelor of Technology (B.Tech.) in Computer Science & Financial Technology,second_year,7.67
STU007446,Bachelor of Technology (B.Tech.) in Computer Science & Financial Technology,second_year,7.79
STU007447,Bachelor of Technology (B.Tech.) in Computer Science & Financial Technology,second_year,7.9
STU007448,Bachelor of Technology (B.Tech.) in Computer Science & Financial Technology,second_year,8.98
STU007449,Bachelor of Technology (B.Tech.) in Computer Science & Financial Technology,second_year,9.1
STU007450,Bachelor of Technology (B.Tech.) in Computer Science & Financial Technology,second_year,7.55
STU007451,Bachelor of Technology (B.Tech.) in Computer Science & Financial Technology,second_year,8.05
STU007452,Bachelor of Technology (B.Tech.) in Computer Science & Financial Technology,second_year,7.86
STU007453,Bachelor of Technology (B.Tech.) in Computer Science & Financial Technology,second_year,8.67
STU007454,Bachelor of Technology (B.Tech.) in Computer Science & Financial Technology,second_year,6.93
STU007455,Bachelor of Technology (B.Tech.) in Computer Science & Financial Technology,second_year,7.29
STU007456,Bachelor of Technology (B.Tech.) in Computer Science & Financial Technology,second_year,6.48
STU007457,Bachelor of Technology (B.Tech.) in Computer Science & Financial Technology,second_year,5.64
STU007458,Bachelor of Technology (B.Tech.) in Computer Science & Financial Technology,second_year,5.07
STU007459,Bachelor of Technology (B.Tech.) in Computer Science & Financial Technology,second_year,6.43
STU007460,Bachelor of Technology (B.Tech.) in Computer Science & Financial Technology,second_year,6.14
STU007461,Bachelor of Technology (B.Tech.) in Computer Science & Financial Technology,second_year,7.9
STU007462,Bachelor of Technology (B.Tech.) in Computer Science & Financial Technology,second_year,7.4
STU007463,Bachelor of Technology (B.Tech.) in Computer Science & Financial Technology,second_year,7.14
STU007464,Bachelor of Technology (B.Tech.) in Computer Science & Financial Technology,second_year,7.29
STU007465,Bachelor of Technology (B.Tech.) in Computer Science & Financial Technology,second_year,7.79
STU007466,Bachelor of Technology (B.Tech.) in Computer Science & Financial Technology,second_year,7.36
STU007467,Bachelor of Technology (B.Tech.) in Computer Science & Financial Technology,second_year,6.93
STU007468,Bachelor of Technology (B.Tech.) in Computer Science & Financial Technology,second_year,7.12
STU007469,Bachelor of Technology (B.Tech.) in Computer Science & Financial Technology,second_year,5.14
STU007470,Bachelor of Technology (B.Tech.) in Computer Science & Financial Technology,second_year,5.81
STU007471,Bachelor of Technology (B.Tech.) in Computer Science & Financial Technology,second_year,7.86
STU007472,Bachelor of Technology (B.Tech.) in Computer Science & Financial Technology,second_year,8.09
STU007473,Bachelor of Technology (B.Tech.) in Computer Science & Financial Technology,second_year,7.33
STU007474,Bachelor of Technology (B.Tech.) in Computer Science & Financial Technology,second_year,6.05
STU007475,Bachelor of Technology (B.Tech.) in Computer Science & Financial Technology,second_year,7.63
STU007476,Bachelor of Technology (B.Tech.) in Computer Science & Financial Technology,second_year,7.14
STU007477,Bachelor of Technology (B.Tech.) in Computer Science & Financial Technology,second_year,6.93
STU007478,Bachelor of Technology (B.Tech.) in Computer Science & Financial Technology,second_year,7.79
STU007479,Bachelor of Technology (B.Tech.) in Computer Science & Financial Technology,second_year,5.67
STU007480,Bachelor of Technology (B.Tech.) in Computer Science & Financial Technology,second_year,6.7
STU007481,Bachelor of Technology (B.Tech.) in Computer Science & Financial Technology,second_year,7.7
STU005174,Bachelor of Technology (B.Tech.) in Computer Science and Engineering,second_year,6.62
STU005175,Bachelor of Technology (B.Tech.) in Computer Science and Engineering,second_year,8.4
STU005176,Bachelor of Technology (B.Tech.) in Computer Science and Engineering,second_year,8.81
STU005177,Bachelor of Technology (B.Tech.) in Computer Science and Engineering,second_year,6.02
STU005178,Bachelor of Technology (B.Tech.) in Computer Science and Engineering,second_year,8.45
STU005179,Bachelor of Technology (B.Tech.) in Computer Science and Engineering,second_year,3.93
STU005180,Bachelor of Technology (B.Tech.) in Computer Science and Engineering,second_year,8.17
STU005181,Bachelor of Technology (B.Tech.) in Computer Science and Engineering,second_year,6.45
STU005182,Bachelor of Technology (B.Tech.) in Computer Science and Engineering,second_year,6.33
STU005183,Bachelor of Technology (B.Tech.) in Computer Science and Engineering,second_year,3.88
STU005184,Bachelor of Technology (B.Tech.) in Computer Science and Engineering,second_year,9.86
STU005185,Bachelor of Technology (B.Tech.) in Computer Science and Engineering,second_year,8.38
STU005186,Bachelor of Technology (B.Tech.) in Computer Science and Engineering,second_year,5.86
STU005187,Bachelor of Technology (B.Tech.) in Computer Science and Engineering,second_year,8.55
STU005188,Bachelor of Technology (B.Tech.) in Computer Science and Engineering,second_year,6.33
STU005189,Bachelor of Technology (B.Tech.) in Computer Science and Engineering,second_year,8.36
STU005190,Bachelor of Technology (B.Tech.) in Computer Science and Engineering,second_year,8.93
STU005191,Bachelor of Technology (B.Tech.) in Computer Science and Engineering,second_year,5.71
STU005192,Bachelor of Technology (B.Tech.) in Computer Science and Engineering,second_year,6.71
STU005193,Bachelor of Technology (B.Tech.) in Computer Science and Engineering,second_year,6.38
STU005194,Bachelor of Technology (B.Tech.) in Computer Science and Engineering,second_year,8.57
STU005195,Bachelor of Technology (B.Tech.) in Computer Science and Engineering,second_year,5.64
STU005196,Bachelor of Technology (B.Tech.) in Computer Science and Engineering,second_year,8.0
STU005197,Bachelor of Technology (B.Tech.) in Computer Science and Engineering,second_year,7.86
STU005198,Bachelor of Technology (B.Tech.) in Computer Science and Engineering,second_year,5.55
STU005199,Bachelor of Technology (B.Tech.) in Computer Science and Engineering,second_year,8.88
STU005200,Bachelor of Technology (B.Tech.) in Computer Science and Engineering,second_year,7.74
STU005201,Bachelor of Technology (B.Tech.) in Computer Science and Engineering,second_year,6.71
STU005202,Bachelor of Technology (B.Tech.) in Computer Science and Engineering,second_year,8.83
STU005203,Bachelor of Technology (B.Tech.) in Computer Science and Engineering,second_year,6.62
STU005204,Bachelor of Technology (B.Tech.) in Computer Science and Engineering,second_year,5.62
STU005205,Bachelor of Technology (B.Tech.) in Computer Science and Engineering,second_year,8.07
STU005206,Bachelor of Technology (B.Tech.) in Computer Science and Engineering,second_year,6.02
STU005207,Bachelor of Technology (B.Tech.) in Computer Science and Engineering,second_year,8.33
STU005208,Bachelor of Technology (B.Tech.) in Computer Science and Engineering,second_year,7.57
STU005209,Bachelor of Technology (B.Tech.) in Computer Science and Engineering,second_year,3.9
STU005210,Bachelor of Technology (B.Tech.) in Computer Science and Engineering,second_year,7.67
STU005211,Bachelor of Technology (B.Tech.) in Computer Science and Engineering,second_year,8.76
STU005212,Bachelor of Technology (B.Tech.) in Computer Science and Engineering,second_year,8.29
STU005213,Bachelor of Technology (B.Tech.) in Computer Science and Engineering,second_year,8.07
STU005214,Bachelor of Technology (B.Tech.) in Computer Science and Engineering,second_year,4.67
STU005215,Bachelor of Technology (B.Tech.) in Computer Science and Engineering,second_year,6.71
STU005216,Bachelor of Technology (B.Tech.) in Computer Science and Engineering,second_year,8.9
STU005217,Bachelor of Technology (B.Tech.) in Computer Science and Engineering,second_year,5.62
STU005218,Bachelor of Technology (B.Tech.) in Computer Science and Engineering,second_year,7.62
STU005219,Bachelor of Technology (B.Tech.) in Computer Science and Engineering,second_year,7.45
STU005220,Bachelor of Technology (B.Tech.) in Computer Science and Engineering,second_year,8.07
STU005221,Bachelor of Technology (B.Tech.) in Computer Science and Engineering,second_year,7.38
STU005222,Bachelor of Technology (B.Tech.) in Computer Science and Engineering,second_year,7.64
STU005223,Bachelor of Technology (B.Tech.) in Computer Science and Engineering,second_year,7.4
STU005224,Bachelor of Technology (B.Tech.) in Computer Science and Engineering,second_year,7.69
STU005225,Bachelor of Technology (B.Tech.) in Computer Science and Engineering,second_year,6.36
STU005226,Bachelor of Technology (B.Tech.) in Computer Science and Engineering,second_year,7.62
STU005227,Bachelor of Technology (B.Tech.) in Computer Science and Engineering,second_year,5.05
STU005228,Bachelor of Technology (B.Tech.) in Computer Science and Engineering,second_year,6.81
STU005229,Bachelor of Technology (B.Tech.) in Computer Science and Engineering,second_year,5.21
STU005230,Bachelor of Technology (B.Tech.) in Computer Science and Engineering,second_year,7.76
STU005231,Bachelor of Technology (B.Tech.) in Computer Science and Engineering,second_year,7.38
STU005232,Bachelor of Technology (B.Tech.) in Computer Science and Engineering,second_year,7.1
STU005233,Bachelor of Technology (B.Tech.) in Computer Science and Engineering,second_year,6.12
STU005234,Bachelor of Technology (B.Tech.) in Computer Science and Engineering,second_year,3.88
STU005235,Bachelor of Technology (B.Tech.) in Computer Science and Engineering,second_year,8.81
STU005236,Bachelor of Technology (B.Tech.) in Computer Science and Engineering,second_year,6.12
STU005237,Bachelor of Technology (B.Tech.) in Computer Science and Engineering,second_year,7.69
STU005238,Bachelor of Technology (B.Tech.) in Computer Science and Engineering,second_year,6.1
STU005239,Bachelor of Technology (B.Tech.) in Computer Science and Engineering,second_year,7.43
STU005240,Bachelor of Technology (B.Tech.) in Computer Science and Engineering,second_year,5.45
STU005241,Bachelor of Technology (B.Tech.) in Computer Science and Engineering,second_year,7.5
STU005242,Bachelor of Technology (B.Tech.) in Computer Science and Engineering,second_year,6.64
STU005243,Bachelor of Technology (B.Tech.) in Computer Science and Engineering,second_year,5.5
STU005244,Bachelor of Technology (B.Tech.) in Computer Science and Engineering,second_year,7.88
STU005245,Bachelor of Technology (B.Tech.) in Computer Science and Engineering,second_year,8.02
STU005246,Bachelor of Technology (B.Tech.) in Computer Science and Engineering,second_year,7.17
STU005247,Bachelor of Technology (B.Tech.) in Computer Science and Engineering,second_year,4.38
STU005248,Bachelor of Technology (B.Tech.) in Computer Science and Engineering,second_year,8.57
STU005249,Bachelor of Technology (B.Tech.) in Computer Science and Engineering,second_year,6.71
STU005250,Bachelor of Technology (B.Tech.) in Computer Science and Engineering,second_year,8.55
STU005251,Bachelor of Technology (B.Tech.) in Computer Science and Engineering,second_year,5.98
STU005252,Bachelor of Technology (B.Tech.) in Computer Science and Engineering,second_year,7.83
STU005253,Bachelor of Technology (B.Tech.) in Computer Science and Engineering,second_year,8.14
STU005254,Bachelor of Technology (B.Tech.) in Computer Science and Engineering,second_year,7.52
STU005255,Bachelor of Technology (B.Tech.) in Computer Science and Engineering,second_year,6.95
STU005256,Bachelor of Technology (B.Tech.) in Computer Science and Engineering,second_year,6.26
STU005257,Bachelor of Technology (B.Tech.) in Computer Science and Engineering,second_year,7.79
STU005258,Bachelor of Technology (B.Tech.) in Computer Science and Engineering,second_year,5.83
STU005259,Bachelor of Technology (B.Tech.) in Computer Science and Engineering,second_year,8.07
STU005260,Bachelor of Technology (B.Tech.) in Computer Science and Engineering,second_year,5.5
STU005261,Bachelor of Technology (B.Tech.) in Computer Science and Engineering,second_year,6.93
STU005262,Bachelor of Technology (B.Tech.) in Computer Science and Engineering,second_year,6.45
STU005263,Bachelor of Technology (B.Tech.) in Computer Science and Engineering,second_year,7.62
STU005264,Bachelor of Technology (B.Tech.) in Computer Science and Engineering,second_year,5.86
STU005265,Bachelor of Technology (B.Tech.) in Computer Science and Engineering,second_year,7.5
STU005266,Bachelor of Technology (B.Tech.) in Computer Science and Engineering,second_year,5.71
STU005267,Bachelor of Technology (B.Tech.) in Computer Science and Engineering,second_year,8.21
STU005268,Bachelor of Technology (B.Tech.) in Computer Science and Engineering,second_year,9.36
STU005269,Bachelor of Technology (B.Tech.) in Computer Science and Engineering,second_year,5.88
STU005270,Bachelor of Technology (B.Tech.) in Computer Science and Engineering,second_year,8.83
STU005271,Bachelor of Technology (B.Tech.) in Computer Science and Engineering,second_year,6.12
STU005272,Bachelor of Technology (B.Tech.) in Computer Science and Engineering,second_year,7.98
STU005273,Bachelor of Technology (B.Tech.) in Computer Science and Engineering,second_year,5.9
STU005274,Bachelor of Technology (B.Tech.) in Computer Science and Engineering,second_year,6.62
STU005275,Bachelor of Technology (B.Tech.) in Computer Science and Engineering,second_year,8.74
STU005276,Bachelor of Technology (B.Tech.) in Computer Science and Engineering,second_year,7.0
STU005277,Bachelor of Technology (B.Tech.) in Computer Science and Engineering,second_year,5.62
STU005278,Bachelor of Technology (B.Tech.) in Computer Science and Engineering,second_year,6.29
STU005279,Bachelor of Technology (B.Tech.) in Computer Science and Engineering,second_year,5.81
STU005280,Bachelor of Technology (B.Tech.) in Computer Science and Engineering,second_year,8.38
STU005281,Bachelor of Technology (B.Tech.) in Computer Science and Engineering,second_year,5.74
STU005282,Bachelor of Technology (B.Tech.) in Computer Science and Engineering,second_year,6.21
STU005283,Bachelor of Technology (B.Tech.) in Computer Science and Engineering,second_year,7.86
STU005284,Bachelor of Technology (B.Tech.) in Computer Science and Engineering,second_year,5.6
STU005285,Bachelor of Technology (B.Tech.) in Computer Science and Engineering,second_year,7.81
STU005286,Bachelor of Technology (B.Tech.) in Computer Science and Engineering,second_year,6.74
STU005287,Bachelor of Technology (B.Tech.) in Computer Science and Engineering,second_year,9.07
STU005288,Bachelor of Technology (B.Tech.) in Computer Science and Engineering,second_year,6.67
STU005289,Bachelor of Technology (B.Tech.) in Computer Science and Engineering,second_year,9.05
STU005290,Bachelor of Technology (B.Tech.) in Computer Science and Engineering,second_year,8.9
STU005291,Bachelor of Technology (B.Tech.) in Computer Science and Engineering,second_year,4.05
STU005292,Bachelor of Technology (B.Tech.) in Computer Science and Engineering,second_year,5.95
STU005293,Bachelor of Technology (B.Tech.) in Computer Science and Engineering,second_year,8.5
STU005294,Bachelor of Technology (B.Tech.) in Computer Science and Engineering,second_year,8.64
STU005295,Bachelor of Technology (B.Tech.) in Computer Science and Engineering,second_year,7.36
STU005296,Bachelor of Technology (B.Tech.) in Computer Science and Engineering,second_year,8.67
STU005297,Bachelor of Technology (B.Tech.) in Computer Science and Engineering,second_year,8.33
STU005298,Bachelor of Technology (B.Tech.) in Computer Science and Engineering,second_year,6.19
STU005299,Bachelor of Technology (B.Tech.) in Computer Science and Engineering,second_year,6.57
STU005300,Bachelor of Technology (B.Tech.) in Computer Science and Engineering,second_year,5.83
STU005301,Bachelor of Technology (B.Tech.) in Computer Science and Engineering,second_year,6.88
STU005302,Bachelor of Technology (B.Tech.) in Computer Science and Engineering,second_year,8.21
STU005303,Bachelor of Technology (B.Tech.) in Computer Science and Engineering,second_year,6.1
STU005304,Bachelor of Technology (B.Tech.) in Computer Science and Engineering,second_year,8.19
STU005305,Bachelor of Technology (B.Tech.) in Computer Science and Engineering,second_year,9.19
STU005306,Bachelor of Technology (B.Tech.) in Computer Science and Engineering,second_year,5.98
STU005307,Bachelor of Technology (B.Tech.) in Computer Science and Engineering,second_year,5.95
STU005308,Bachelor of Technology (B.Tech.) in Computer Science and Engineering,second_year,8.07
STU005309,Bachelor of Technology (B.Tech.) in Computer Science and Engineering,second_year,6.6
STU005310,Bachelor of Technology (B.Tech.) in Computer Science and Engineering,second_year,6.86
STU005311,Bachelor of Technology (B.Tech.) in Computer Science and Engineering,second_year,8.67
STU005312,Bachelor of Technology (B.Tech.) in Computer Science and Engineering,second_year,6.24
STU005313,Bachelor of Technology (B.Tech.) in Computer Science and Engineering,second_year,5.81
STU005314,Bachelor of Technology (B.Tech.) in Computer Science and Engineering,second_year,8.93
STU005315,Bachelor of Technology (B.Tech.) in Computer Science and Engineering,second_year,4.71
STU005316,Bachelor of Technology (B.Tech.) in Computer Science and Engineering,second_year,7.1
STU005317,Bachelor of Technology (B.Tech.) in Computer Science and Engineering,second_year,9.0
STU005318,Bachelor of Technology (B.Tech.) in Computer Science and Engineering,second_year,6.86
STU005319,Bachelor of Technology (B.Tech.) in Computer Science and Engineering,second_year,8.71
STU005320,Bachelor of Technology (B.Tech.) in Computer Science and Engineering,second_year,5.81
STU005321,Bachelor of Technology (B.Tech.) in Computer Science and Engineering,second_year,7.86
STU005322,Bachelor of Technology (B.Tech.) in Computer Science and Engineering,second_year,7.02
STU005323,Bachelor of Technology (B.Tech.) in Computer Science and Engineering,second_year,8.52
STU005324,Bachelor of Technology (B.Tech.) in Computer Science and Engineering,second_year,6.19
STU005325,Bachelor of Technology (B.Tech.) in Computer Science and Engineering,second_year,8.24
STU005326,Bachelor of Technology (B.Tech.) in Computer Science and Engineering,second_year,7.83
STU005327,Bachelor of Technology (B.Tech.) in Computer Science and Engineering,second_year,9.05
STU005328,Bachelor of Technology (B.Tech.) in Computer Science and Engineering,second_year,4.5
STU005329,Bachelor of Technology (B.Tech.) in Computer Science and Engineering,second_year,7.6
STU005330,Bachelor of Technology (B.Tech.) in Computer Science and Engineering,second_year,5.76
STU005331,Bachelor of Technology (B.Tech.) in Computer Science and Engineering,second_year,8.57
STU005332,Bachelor of Technology (B.Tech.) in Computer Science and Engineering,second_year,6.45
STU005333,Bachelor of Technology (B.Tech.) in Computer Science and Engineering,second_year,8.17
STU005334,Bachelor of Technology (B.Tech.) in Computer Science and Engineering,second_year,6.83
STU005335,Bachelor of Technology (B.Tech.) in Computer Science and Engineering,second_year,8.71
STU005336,Bachelor of Technology (B.Tech.) in Computer Science and Engineering,second_year,9.31
STU005337,Bachelor of Technology (B.Tech.) in Computer Science and Engineering,second_year,6.4
STU005338,Bachelor of Technology (B.Tech.) in Computer Science and Engineering,second_year,6.19
STU005339,Bachelor of Technology (B.Tech.) in Computer Science and Engineering,second_year,9.02
STU005340,Bachelor of Technology (B.Tech.) in Computer Science and Engineering,second_year,7.05
STU005341,Bachelor of Technology (B.Tech.) in Computer Science and Engineering,second_year,9.48
STU005342,Bachelor of Technology (B.Tech.) in Computer Science and Engineering,second_year,4.21
STU005343,Bachelor of Technology (B.Tech.) in Computer Science and Engineering,second_year,8.5
STU005344,Bachelor of Technology (B.Tech.) in Computer Science and Engineering,second_year,7.26
STU005345,Bachelor of Technology (B.Tech.) in Computer Science and Engineering,second_year,5.02
STU005346,Bachelor of Technology (B.Tech.) in Computer Science and Engineering,second_year,8.38
STU005347,Bachelor of Technology (B.Tech.) in Computer Science and Engineering,second_year,7.4
STU005348,Bachelor of Technology (B.Tech.) in Computer Science and Engineering,second_year,6.45
STU005349,Bachelor of Technology (B.Tech.) in Computer Science and Engineering,second_year,7.21
STU005350,Bachelor of Technology (B.Tech.) in Computer Science and Engineering,second_year,8.64
STU005351,Bachelor of Technology (B.Tech.) in Computer Science and Engineering,second_year,6.05
STU005352,Bachelor of Technology (B.Tech.) in Computer Science and Engineering,second_year,5.31
STU005353,Bachelor of Technology (B.Tech.) in Computer Science and Engineering,second_year,8.71
STU005354,Bachelor of Technology (B.Tech.) in Computer Science and Engineering,second_year,6.5
STU005355,Bachelor of Technology (B.Tech.) in Computer Science and Engineering,second_year,9.31
STU005356,Bachelor of Technology (B.Tech.) in Computer Science and Engineering,second_year,3.93
STU005357,Bachelor of Technology (B.Tech.) in Computer Science and Engineering,second_year,7.86
STU005358,Bachelor of Technology (B.Tech.) in Computer Science and Engineering,second_year,9.14
STU005359,Bachelor of Technology (B.Tech.) in Computer Science and Engineering,second_year,5.0
STU005360,Bachelor of Technology (B.Tech.) in Computer Science and Engineering,second_year,3.81
STU005361,Bachelor of Technology (B.Tech.) in Computer Science and Engineering,second_year,8.64
STU005362,Bachelor of Technology (B.Tech.) in Computer Science and Engineering,second_year,5.64
STU005363,Bachelor of Technology (B.Tech.) in Computer Science and Engineering,second_year,8.52
STU005364,Bachelor of Technology (B.Tech.) in Computer Science and Engineering,second_year,7.45
STU005365,Bachelor of Technology (B.Tech.) in Computer Science and Engineering,second_year,6.95
STU005366,Bachelor of Technology (B.Tech.) in Computer Science and Engineering,second_year,8.07
STU005367,Bachelor of Technology (B.Tech.) in Computer Science and Engineering,second_year,4.43
STU005368,Bachelor of Technology (B.Tech.) in Computer Science and Engineering,second_year,7.64
STU005369,Bachelor of Technology (B.Tech.) in Computer Science and Engineering,second_year,7.98
STU005370,Bachelor of Technology (B.Tech.) in Computer Science and Engineering,second_year,3.6
STU005371,Bachelor of Technology (B.Tech.) in Computer Science and Engineering,second_year,8.81
STU005372,Bachelor of Technology (B.Tech.) in Computer Science and Engineering,second_year,6.45
STU005373,Bachelor of Technology (B.Tech.) in Computer Science and Engineering,second_year,7.67
STU005374,Bachelor of Technology (B.Tech.) in Computer Science and Engineering,second_year,7.52
STU005375,Bachelor of Technology (B.Tech.) in Computer Science and Engineering,second_year,9.57
STU005376,Bachelor of Technology (B.Tech.) in Computer Science and Engineering,second_year,5.88
STU005377,Bachelor of Technology (B.Tech.) in Computer Science and Engineering,second_year,3.71
STU005378,Bachelor of Technology (B.Tech.) in Computer Science and Engineering,second_year,8.0
STU005379,Bachelor of Technology (B.Tech.) in Computer Science and Engineering,second_year,9.83
STU005380,Bachelor of Technology (B.Tech.) in Computer Science and Engineering,second_year,5.81
STU005381,Bachelor of Technology (B.Tech.) in Computer Science and Engineering,second_year,8.79
STU005382,Bachelor of Technology (B.Tech.) in Computer Science and Engineering,second_year,7.52
STU005383,Bachelor of Technology (B.Tech.) in Computer Science and Engineering,second_year,8.45
STU005384,Bachelor of Technology (B.Tech.) in Computer Science and Engineering,second_year,5.62
STU005385,Bachelor of Technology (B.Tech.) in Computer Science and Engineering,second_year,6.0
STU005386,Bachelor of Technology (B.Tech.) in Computer Science and Engineering,second_year,8.67
STU005387,Bachelor of Technology (B.Tech.) in Computer Science and Engineering,second_year,6.93
STU005388,Bachelor of Technology (B.Tech.) in Computer Science and Engineering,second_year,9.07
STU005389,Bachelor of Technology (B.Tech.) in Computer Science and Engineering,second_year,6.43
STU005390,Bachelor of Technology (B.Tech.) in Computer Science and Engineering,second_year,8.76
STU005391,Bachelor of Technology (B.Tech.) in Computer Science and Engineering,second_year,6.81
STU005392,Bachelor of Technology (B.Tech.) in Computer Science and Engineering,second_year,8.12
STU005393,Bachelor of Technology (B.Tech.) in Computer Science and Engineering,second_year,8.48
STU005394,Bachelor of Technology (B.Tech.) in Computer Science and Engineering,second_year,6.76
STU005395,Bachelor of Technology (B.Tech.) in Computer Science and Engineering,second_year,6.24
STU005396,Bachelor of Technology (B.Tech.) in Computer Science and Engineering,second_year,8.24
STU005397,Bachelor of Technology (B.Tech.) in Computer Science and Engineering,second_year,8.64
STU005398,Bachelor of Technology (B.Tech.) in Computer Science and Engineering,second_year,7.98
STU005399,Bachelor of Technology (B.Tech.) in Computer Science and Engineering,second_year,8.38
STU005400,Bachelor of Technology (B.Tech.) in Computer Science and Engineering,second_year,6.14
STU005401,Bachelor of Technology (B.Tech.) in Computer Science and Engineering,second_year,9.24
STU005402,Bachelor of Technology (B.Tech.) in Computer Science and Engineering,second_year,6.9
STU005403,Bachelor of Technology (B.Tech.) in Computer Science and Engineering,second_year,7.98
STU005404,Bachelor of Technology (B.Tech.) in Computer Science and Engineering,second_year,9.67
STU005405,Bachelor of Technology (B.Tech.) in Computer Science and Engineering,second_year,6.74
STU005406,Bachelor of Technology (B.Tech.) in Computer Science and Engineering,second_year,9.19
STU005407,Bachelor of Technology (B.Tech.) in Computer Science and Engineering,second_year,6.95
STU005408,Bachelor of Technology (B.Tech.) in Computer Science and Engineering,second_year,7.64
STU005409,Bachelor of Technology (B.Tech.) in Computer Science and Engineering,second_year,5.17
STU005410,Bachelor of Technology (B.Tech.) in Computer Science and Engineering,second_year,9.6
STU005411,Bachelor of Technology (B.Tech.) in Computer Science and Engineering,second_year,6.05
STU005412,Bachelor of Technology (B.Tech.) in Computer Science and Engineering,second_year,7.86
STU005413,Bachelor of Technology (B.Tech.) in Computer Science and Engineering,second_year,5.98
STU005414,Bachelor of Technology (B.Tech.) in Computer Science and Engineering,second_year,7.67
STU005415,Bachelor of Technology (B.Tech.) in Computer Science and Engineering,second_year,7.86
STU005416,Bachelor of Technology (B.Tech.) in Computer Science and Engineering,second_year,8.93
STU005417,Bachelor of Technology (B.Tech.) in Computer Science and Engineering,second_year,8.52
STU005418,Bachelor of Technology (B.Tech.) in Computer Science and Engineering,second_year,8.31
STU005419,Bachelor of Technology (B.Tech.) in Computer Science and Engineering,second_year,9.12
STU005420,Bachelor of Technology (B.Tech.) in Computer Science and Engineering,second_year,8.9
STU005421,Bachelor of Technology (B.Tech.) in Computer Science and Engineering,second_year,7.79
STU005422,Bachelor of Technology (B.Tech.) in Computer Science and Engineering,second_year,9.88
STU005423,Bachelor of Technology (B.Tech.) in Computer Science and Engineering,second_year,8.07
STU005424,Bachelor of Technology (B.Tech.) in Computer Science and Engineering,second_year,7.98
STU005425,Bachelor of Technology (B.Tech.) in Computer Science and Engineering,second_year,8.29
STU005426,Bachelor of Technology (B.Tech.) in Computer Science and Engineering,second_year,6.6
STU005427,Bachelor of Technology (B.Tech.) in Computer Science and Engineering,second_year,8.55
STU005428,Bachelor of Technology (B.Tech.) in Computer Science and Engineering,second_year,9.64
STU005429,Bachelor of Technology (B.Tech.) in Computer Science and Engineering,second_year,7.57
STU005430,Bachelor of Technology (B.Tech.) in Computer Science and Engineering,second_year,6.95
STU005431,Bachelor of Technology (B.Tech.) in Computer Science and Engineering,second_year,8.1
STU005432,Bachelor of Technology (B.Tech.) in Computer Science and Engineering,second_year,8.45
STU005433,Bachelor of Technology (B.Tech.) in Computer Science and Engineering,second_year,6.95
STU005434,Bachelor of Technology (B.Tech.) in Computer Science and Engineering,second_year,9.24
STU005435,Bachelor of Technology (B.Tech.) in Computer Science and Engineering,second_year,7.93
STU005436,Bachelor of Technology (B.Tech.) in Computer Science and Engineering,second_year,9.21
STU005437,Bachelor of Technology (B.Tech.) in Computer Science and Engineering,second_year,8.38
STU005438,Bachelor of Technology (B.Tech.) in Computer Science and Engineering,second_year,8.69
STU005439,Bachelor of Technology (B.Tech.) in Computer Science and Engineering,second_year,7.95
STU005440,Bachelor of Technology (B.Tech.) in Computer Science and Engineering,second_year,8.24
STU005441,Bachelor of Technology (B.Tech.) in Computer Science and Engineering,second_year,8.95
STU005442,Bachelor of Technology (B.Tech.) in Computer Science and Engineering,second_year,8.31
STU005443,Bachelor of Technology (B.Tech.) in Computer Science and Engineering,second_year,5.6
STU005444,Bachelor of Technology (B.Tech.) in Computer Science and Engineering,second_year,8.36
STU005445,Bachelor of Technology (B.Tech.) in Computer Science and Engineering,second_year,8.17
STU005446,Bachelor of Technology (B.Tech.) in Computer Science and Engineering,second_year,8.76
STU005447,Bachelor of Technology (B.Tech.) in Computer Science and Engineering,second_year,9.14
STU005448,Bachelor of Technology (B.Tech.) in Computer Science and Engineering,second_year,5.93
STU005449,Bachelor of Technology (B.Tech.) in Computer Science and Engineering,second_year,9.64
STU005450,Bachelor of Technology (B.Tech.) in Computer Science and Engineering,second_year,8.83
STU005451,Bachelor of Technology (B.Tech.) in Computer Science and Engineering,second_year,8.81
STU005452,Bachelor of Technology (B.Tech.) in Computer Science and Engineering,second_year,8.43
STU005453,Bachelor of Technology (B.Tech.) in Computer Science and Engineering,second_year,8.64
STU005454,Bachelor of Technology (B.Tech.) in Computer Science and Engineering,second_year,7.9
STU005455,Bachelor of Technology (B.Tech.) in Computer Science and Engineering,second_year,8.57
STU005456,Bachelor of Technology (B.Tech.) in Computer Science and Engineering,second_year,7.02
STU005457,Bachelor of Technology (B.Tech.) in Computer Science and Engineering,second_year,9.62
STU005458,Bachelor of Technology (B.Tech.) in Computer Science and Engineering,second_year,9.36
STU005459,Bachelor of Technology (B.Tech.) in Computer Science and Engineering,second_year,9.86
STU005460,Bachelor of Technology (B.Tech.) in Computer Science and Engineering,second_year,8.76
STU005461,Bachelor of Technology (B.Tech.) in Computer Science and Engineering,second_year,8.69
STU005462,Bachelor of Technology (B.Tech.) in Computer Science and Engineering,second_year,6.67
STU005463,Bachelor of Technology (B.Tech.) in Computer Science and Engineering,second_year,8.38
STU005464,Bachelor of Technology (B.Tech.) in Computer Science and Engineering,second_year,7.52
STU005465,Bachelor of Technology (B.Tech.) in Computer Science and Engineering,second_year,8.95
STU005466,Bachelor of Technology (B.Tech.) in Computer Science and Engineering,second_year,8.67
STU005467,Bachelor of Technology (B.Tech.) in Computer Science and Engineering,second_year,9.67
STU005468,Bachelor of Technology (B.Tech.) in Computer Science and Engineering,second_year,8.79
STU005469,Bachelor of Technology (B.Tech.) in Computer Science and Engineering,second_year,9.05
STU005470,Bachelor of Technology (B.Tech.) in Computer Science and Engineering,second_year,6.24
STU005471,Bachelor of Technology (B.Tech.) in Computer Science and Engineering,second_year,7.26
STU005472,Bachelor of Technology (B.Tech.) in Computer Science and Engineering,second_year,8.88
STU005473,Bachelor of Technology (B.Tech.) in Computer Science and Engineering,second_year,9.24
STU005474,Bachelor of Technology (B.Tech.) in Computer Science and Engineering,second_year,9.0
STU005475,Bachelor of Technology (B.Tech.) in Computer Science and Engineering,second_year,8.38
STU005476,Bachelor of Technology (B.Tech.) in Computer Science and Engineering,second_year,9.14
STU005477,Bachelor of Technology (B.Tech.) in Computer Science and Engineering,second_year,7.26
STU005478,Bachelor of Technology (B.Tech.) in Computer Science and Engineering,second_year,7.71
STU005479,Bachelor of Technology (B.Tech.) in Computer Science and Engineering,second_year,9.14
STU005480,Bachelor of Technology (B.Tech.) in Computer Science and Engineering,second_year,8.19
STU005481,Bachelor of Technology (B.Tech.) in Computer Science and Engineering,second_year,8.76
STU005482,Bachelor of Technology (B.Tech.) in Computer Science and Engineering,second_year,8.9
STU005483,Bachelor of Technology (B.Tech.) in Computer Science and Engineering,second_year,7.4
STU005484,Bachelor of Technology (B.Tech.) in Computer Science and Engineering,second_year,6.5
STU005485,Bachelor of Technology (B.Tech.) in Computer Science and Engineering,second_year,8.74
STU005486,Bachelor of Technology (B.Tech.) in Computer Science and Engineering,second_year,8.83
STU005487,Bachelor of Technology (B.Tech.) in Computer Science and Engineering,second_year,8.19
STU005488,Bachelor of Technology (B.Tech.) in Computer Science and Engineering,second_year,8.19
STU005489,Bachelor of Technology (B.Tech.) in Computer Science and Engineering,second_year,9.38
STU005490,Bachelor of Technology (B.Tech.) in Computer Science and Engineering,second_year,8.76
STU005491,Bachelor of Technology (B.Tech.) in Computer Science and Engineering,second_year,3.24
STU005492,Bachelor of Technology (B.Tech.) in Computer Science and Engineering,second_year,8.26
STU005493,Bachelor of Technology (B.Tech.) in Computer Science and Engineering,second_year,8.24
STU005494,Bachelor of Technology (B.Tech.) in Computer Science and Engineering,second_year,8.43
STU005495,Bachelor of Technology (B.Tech.) in Computer Science and Engineering,second_year,9.83
STU005496,Bachelor of Technology (B.Tech.) in Computer Science and Engineering,second_year,9.5
STU005497,Bachelor of Technology (B.Tech.) in Computer Science and Engineering,second_year,8.57
STU005498,Bachelor of Technology (B.Tech.) in Computer Science and Engineering,second_year,7.83
STU005499,Bachelor of Technology (B.Tech.) in Computer Science and Engineering,second_year,8.57
STU005500,Bachelor of Technology (B.Tech.) in Computer Science and Engineering,second_year,6.95
STU005501,Bachelor of Technology (B.Tech.) in Computer Science and Engineering,second_year,6.0
STU005502,Bachelor of Technology (B.Tech.) in Computer Science and Engineering,second_year,7.81
STU005503,Bachelor of Technology (B.Tech.) in Computer Science and Engineering,second_year,9.1
STU005504,Bachelor of Technology (B.Tech.) in Computer Science and Engineering,second_year,9.24
STU005505,Bachelor of Technology (B.Tech.) in Computer Science and Engineering,second_year,8.74
STU005506,Bachelor of Technology (B.Tech.) in Computer Science and Engineering,second_year,7.52
STU005507,Bachelor of Technology (B.Tech.) in Computer Science and Engineering,second_year,8.02
STU005508,Bachelor of Technology (B.Tech.) in Computer Science and Engineering,second_year,7.55
STU005509,Bachelor of Technology (B.Tech.) in Computer Science and Engineering,second_year,8.98
STU005510,Bachelor of Technology (B.Tech.) in Computer Science and Engineering,second_year,8.05
STU005511,Bachelor of Technology (B.Tech.) in Computer Science and Engineering,second_year,8.43
STU005512,Bachelor of Technology (B.Tech.) in Computer Science and Engineering,second_year,7.76
STU005513,Bachelor of Technology (B.Tech.) in Computer Science and Engineering,second_year,6.36
STU005514,Bachelor of Technology (B.Tech.) in Computer Science and Engineering,second_year,7.38
STU005515,Bachelor of Technology (B.Tech.) in Computer Science and Engineering,second_year,8.6
STU005516,Bachelor of Technology (B.Tech.) in Computer Science and Engineering,second_year,7.79
STU005517,Bachelor of Technology (B.Tech.) in Computer Science and Engineering,second_year,8.52
STU005518,Bachelor of Technology (B.Tech.) in Computer Science and Engineering,second_year,6.88
STU005519,Bachelor of Technology (B.Tech.) in Computer Science and Engineering,second_year,8.64
STU005520,Bachelor of Technology (B.Tech.) in Computer Science and Engineering,second_year,8.48
STU005521,Bachelor of Technology (B.Tech.) in Computer Science and Engineering,second_year,8.02
STU005522,Bachelor of Technology (B.Tech.) in Computer Science and Engineering,second_year,7.79
STU005523,Bachelor of Technology (B.Tech.) in Computer Science and Engineering,second_year,8.74
STU005524,Bachelor of Technology (B.Tech.) in Computer Science and Engineering,second_year,9.76
STU005525,Bachelor of Technology (B.Tech.) in Computer Science and Engineering,second_year,6.02
STU005526,Bachelor of Technology (B.Tech.) in Computer Science and Engineering,second_year,7.98
STU005527,Bachelor of Technology (B.Tech.) in Computer Science and Engineering,second_year,7.12
STU005528,Bachelor of Technology (B.Tech.) in Computer Science and Engineering,second_year,8.48
STU005529,Bachelor of Technology (B.Tech.) in Computer Science and Engineering,second_year,7.19
STU005530,Bachelor of Technology (B.Tech.) in Computer Science and Engineering,second_year,8.98
STU005531,Bachelor of Technology (B.Tech.) in Computer Science and Engineering,second_year,6.95
STU005532,Bachelor of Technology (B.Tech.) in Computer Science and Engineering,second_year,7.26
STU005533,Bachelor of Technology (B.Tech.) in Computer Science and Engineering,second_year,9.0
STU005534,Bachelor of Technology (B.Tech.) in Computer Science and Engineering,second_year,9.17
STU005535,Bachelor of Technology (B.Tech.) in Computer Science and Engineering,second_year,8.17
STU005536,Bachelor of Technology (B.Tech.) in Computer Science and Engineering,second_year,8.12
STU005537,Bachelor of Technology (B.Tech.) in Computer Science and Engineering,second_year,6.36
STU005538,Bachelor of Technology (B.Tech.) in Computer Science and Engineering,second_year,8.67
STU005539,Bachelor of Technology (B.Tech.) in Computer Science and Engineering,second_year,9.52
STU005540,Bachelor of Technology (B.Tech.) in Computer Science and Engineering,second_year,8.71
STU005541,Bachelor of Technology (B.Tech.) in Computer Science and Engineering,second_year,9.69
STU005542,Bachelor of Technology (B.Tech.) in Computer Science and Engineering,second_year,8.6
STU005543,Bachelor of Technology (B.Tech.) in Computer Science and Engineering,second_year,7.55
STU005544,Bachelor of Technology (B.Tech.) in Computer Science and Engineering,second_year,6.93
STU005545,Bachelor of Technology (B.Tech.) in Computer Science and Engineering,second_year,9.26
STU005546,Bachelor of Technology (B.Tech.) in Computer Science and Engineering,second_year,8.29
STU005547,Bachelor of Technology (B.Tech.) in Computer Science and Engineering,second_year,8.43
STU005548,Bachelor of Technology (B.Tech.) in Computer Science and Engineering,second_year,8.17
STU005549,Bachelor of Technology (B.Tech.) in Computer Science and Engineering,second_year,9.38
STU005550,Bachelor of Technology (B.Tech.) in Computer Science and Engineering,second_year,7.21
STU005551,Bachelor of Technology (B.Tech.) in Computer Science and Engineering,second_year,7.5
STU005552,Bachelor of Technology (B.Tech.) in Computer Science and Engineering,second_year,8.4
STU005553,Bachelor of Technology (B.Tech.) in Computer Science and Engineering,second_year,8.67
STU005554,Bachelor of Technology (B.Tech.) in Computer Science and Engineering,second_year,8.02
STU005555,Bachelor of Technology (B.Tech.) in Computer Science and Engineering,second_year,8.6
STU005556,Bachelor of Technology (B.Tech.) in Computer Science and Engineering,second_year,7.26
STU005557,Bachelor of Technology (B.Tech.) in Computer Science and Engineering,second_year,8.36
STU005558,Bachelor of Technology (B.Tech.) in Computer Science and Engineering,second_year,8.38
STU005559,Bachelor of Technology (B.Tech.) in Computer Science and Engineering,second_year,7.67
STU005560,Bachelor of Technology (B.Tech.) in Computer Science and Engineering,second_year,7.17
STU005561,Bachelor of Technology (B.Tech.) in Computer Science and Engineering,second_year,8.45
STU005562,Bachelor of Technology (B.Tech.) in Computer Science and Engineering,second_year,9.14
STU005563,Bachelor of Technology (B.Tech.) in Computer Science and Engineering,second_year,8.14
STU005564,Bachelor of Technology (B.Tech.) in Computer Science and Engineering,second_year,8.83
STU005565,Bachelor of Technology (B.Tech.) in Computer Science and Engineering,second_year,6.81
STU005566,Bachelor of Technology (B.Tech.) in Computer Science and Engineering,second_year,8.57
STU005567,Bachelor of Technology (B.Tech.) in Computer Science and Engineering,second_year,7.62
STU005568,Bachelor of Technology (B.Tech.) in Computer Science and Engineering,second_year,7.4
STU005569,Bachelor of Technology (B.Tech.) in Computer Science and Engineering,second_year,8.48
STU005570,Bachelor of Technology (B.Tech.) in Computer Science and Engineering,second_year,8.45
STU005571,Bachelor of Technology (B.Tech.) in Computer Science and Engineering,second_year,5.19
STU005572,Bachelor of Technology (B.Tech.) in Computer Science and Engineering,second_year,7.1
STU005573,Bachelor of Technology (B.Tech.) in Computer Science and Engineering,second_year,7.98
STU005574,Bachelor of Technology (B.Tech.) in Computer Science and Engineering,second_year,8.83
STU005575,Bachelor of Technology (B.Tech.) in Computer Science and Engineering,second_year,9.45
STU005576,Bachelor of Technology (B.Tech.) in Computer Science and Engineering,second_year,7.67
STU005577,Bachelor of Technology (B.Tech.) in Computer Science and Engineering,second_year,8.29
STU005578,Bachelor of Technology (B.Tech.) in Computer Science and Engineering,second_year,7.67
STU005579,Bachelor of Technology (B.Tech.) in Computer Science and Engineering,second_year,8.9
STU005580,Bachelor of Technology (B.Tech.) in Computer Science and Engineering,second_year,8.05
STU005581,Bachelor of Technology (B.Tech.) in Computer Science and Engineering,second_year,7.36
STU005582,Bachelor of Technology (B.Tech.) in Computer Science and Engineering,second_year,7.31
STU005583,Bachelor of Technology (B.Tech.) in Computer Science and Engineering,second_year,9.17
STU005584,Bachelor of Technology (B.Tech.) in Computer Science and Engineering,second_year,7.12
STU005585,Bachelor of Technology (B.Tech.) in Computer Science and Engineering,second_year,7.36
STU005586,Bachelor of Technology (B.Tech.) in Computer Science and Engineering,second_year,6.48
STU005587,Bachelor of Technology (B.Tech.) in Computer Science and Engineering,second_year,8.88
STU005588,Bachelor of Technology (B.Tech.) in Computer Science and Engineering,second_year,8.02
STU005589,Bachelor of Technology (B.Tech.) in Computer Science and Engineering,second_year,7.88
STU005590,Bachelor of Technology (B.Tech.) in Computer Science and Engineering,second_year,8.67
STU005591,Bachelor of Technology (B.Tech.) in Computer Science and Engineering,second_year,7.6
STU005592,Bachelor of Technology (B.Tech.) in Computer Science and Engineering,second_year,4.86
STU005593,Bachelor of Technology (B.Tech.) in Computer Science and Engineering,second_year,8.33
STU005594,Bachelor of Technology (B.Tech.) in Computer Science and Engineering,second_year,8.81
STU005595,Bachelor of Technology (B.Tech.) in Computer Science and Engineering,second_year,8.14
STU005596,Bachelor of Technology (B.Tech.) in Computer Science and Engineering,second_year,6.5
STU005597,Bachelor of Technology (B.Tech.) in Computer Science and Engineering,second_year,8.12
STU005598,Bachelor of Technology (B.Tech.) in Computer Science and Engineering,second_year,6.98
STU005599,Bachelor of Technology (B.Tech.) in Computer Science and Engineering,second_year,8.88
STU005600,Bachelor of Technology (B.Tech.) in Computer Science and Engineering,second_year,7.95
STU005601,Bachelor of Technology (B.Tech.) in Computer Science and Engineering,second_year,7.07
STU005602,Bachelor of Technology (B.Tech.) in Computer Science and Engineering,second_year,7.02
STU005603,Bachelor of Technology (B.Tech.) in Computer Science and Engineering,second_year,7.98
STU005604,Bachelor of Technology (B.Tech.) in Computer Science and Engineering,second_year,8.5
STU005605,Bachelor of Technology (B.Tech.) in Computer Science and Engineering,second_year,8.76
STU005606,Bachelor of Technology (B.Tech.) in Computer Science and Engineering,second_year,8.86
STU005607,Bachelor of Technology (B.Tech.) in Computer Science and Engineering,second_year,7.33
STU005608,Bachelor of Technology (B.Tech.) in Computer Science and Engineering,second_year,9.71
STU005609,Bachelor of Technology (B.Tech.) in Computer Science and Engineering,second_year,6.93
STU005610,Bachelor of Technology (B.Tech.) in Computer Science and Engineering,second_year,3.48
STU005611,Bachelor of Technology (B.Tech.) in Computer Science and Engineering,second_year,7.55
STU005612,Bachelor of Technology (B.Tech.) in Computer Science and Engineering,second_year,7.1
STU005613,Bachelor of Technology (B.Tech.) in Computer Science and Engineering,second_year,7.98
STU005614,Bachelor of Technology (B.Tech.) in Computer Science and Engineering,second_year,8.31
STU005615,Bachelor of Technology (B.Tech.) in Computer Science and Engineering,second_year,8.07
STU005616,Bachelor of Technology (B.Tech.) in Computer Science and Engineering,second_year,7.64
STU005617,Bachelor of Technology (B.Tech.) in Computer Science and Engineering,second_year,8.43
STU005618,Bachelor of Technology (B.Tech.) in Computer Science and Engineering,second_year,8.52
STU005619,Bachelor of Technology (B.Tech.) in Computer Science and Engineering,second_year,8.69
STU005620,Bachelor of Technology (B.Tech.) in Computer Science and Engineering,second_year,5.4
STU005621,Bachelor of Technology (B.Tech.) in Computer Science and Engineering,second_year,9.24
STU005622,Bachelor of Technology (B.Tech.) in Computer Science and Engineering,second_year,8.38
STU005623,Bachelor of Technology (B.Tech.) in Computer Science and Engineering,second_year,8.81
STU005624,Bachelor of Technology (B.Tech.) in Computer Science and Engineering,second_year,7.33
STU005625,Bachelor of Technology (B.Tech.) in Computer Science and Engineering,second_year,7.24
STU005626,Bachelor of Technology (B.Tech.) in Computer Science and Engineering,second_year,8.29
STU005627,Bachelor of Technology (B.Tech.) in Computer Science and Engineering,second_year,6.79
STU005628,Bachelor of Technology (B.Tech.) in Computer Science and Engineering,second_year,6.93
STU005629,Bachelor of Technology (B.Tech.) in Computer Science and Engineering,second_year,7.93
STU005630,Bachelor of Technology (B.Tech.) in Computer Science and Engineering,second_year,8.14
STU005631,Bachelor of Technology (B.Tech.) in Computer Science and Engineering,second_year,9.12
STU005632,Bachelor of Technology (B.Tech.) in Computer Science and Engineering,second_year,8.45
STU005633,Bachelor of Technology (B.Tech.) in Computer Science and Engineering,second_year,8.4
STU005634,Bachelor of Technology (B.Tech.) in Computer Science and Engineering,second_year,8.6
STU005635,Bachelor of Technology (B.Tech.) in Computer Science and Engineering,second_year,7.86
STU005636,Bachelor of Technology (B.Tech.) in Computer Science and Engineering,second_year,6.93
STU005637,Bachelor of Technology (B.Tech.) in Computer Science and Engineering,second_year,7.83
STU005638,Bachelor of Technology (B.Tech.) in Computer Science and Engineering,second_year,9.14
STU005639,Bachelor of Technology (B.Tech.) in Computer Science and Engineering,second_year,7.62
STU005640,Bachelor of Technology (B.Tech.) in Computer Science and Engineering,second_year,8.6
STU005641,Bachelor of Technology (B.Tech.) in Computer Science and Engineering,second_year,7.67
STU005642,Bachelor of Technology (B.Tech.) in Computer Science and Engineering,second_year,8.19
STU005643,Bachelor of Technology (B.Tech.) in Computer Science and Engineering,second_year,7.4
STU005644,Bachelor of Technology (B.Tech.) in Computer Science and Engineering,second_year,8.6
STU005645,Bachelor of Technology (B.Tech.) in Computer Science and Engineering,second_year,8.17
STU005646,Bachelor of Technology (B.Tech.) in Computer Science and Engineering,second_year,7.17
STU005647,Bachelor of Technology (B.Tech.) in Computer Science and Engineering,second_year,8.95
STU005648,Bachelor of Technology (B.Tech.) in Computer Science and Engineering,second_year,8.55
STU005649,Bachelor of Technology (B.Tech.) in Computer Science and Engineering,second_year,7.76
STU005650,Bachelor of Technology (B.Tech.) in Computer Science and Engineering,second_year,8.05
STU005651,Bachelor of Technology (B.Tech.) in Computer Science and Engineering,second_year,7.17
STU005652,Bachelor of Technology (B.Tech.) in Computer Science and Engineering,second_year,7.9
STU005653,Bachelor of Technology (B.Tech.) in Computer Science and Engineering,second_year,7.95
STU005654,Bachelor of Technology (B.Tech.) in Computer Science and Engineering,second_year,9.02
STU005655,Bachelor of Technology (B.Tech.) in Computer Science and Engineering,second_year,7.93
STU005656,Bachelor of Technology (B.Tech.) in Computer Science and Engineering,second_year,7.98
STU005657,Bachelor of Technology (B.Tech.) in Computer Science and Engineering,second_year,6.52
STU005658,Bachelor of Technology (B.Tech.) in Computer Science and Engineering,second_year,7.79
STU005659,Bachelor of Technology (B.Tech.) in Computer Science and Engineering,second_year,7.81
STU005660,Bachelor of Technology (B.Tech.) in Computer Science and Engineering,second_year,8.86
STU005661,Bachelor of Technology (B.Tech.) in Computer Science and Engineering,second_year,8.12
STU005662,Bachelor of Technology (B.Tech.) in Computer Science and Engineering,second_year,5.45
STU005663,Bachelor of Technology (B.Tech.) in Computer Science and Engineering,second_year,6.12
STU005664,Bachelor of Technology (B.Tech.) in Computer Science and Engineering,second_year,7.43
STU005665,Bachelor of Technology (B.Tech.) in Computer Science and Engineering,second_year,9.02
STU005666,Bachelor of Technology (B.Tech.) in Computer Science and Engineering,second_year,9.21
STU005667,Bachelor of Technology (B.Tech.) in Computer Science and Engineering,second_year,7.79
STU005668,Bachelor of Technology (B.Tech.) in Computer Science and Engineering,second_year,9.14
STU005669,Bachelor of Technology (B.Tech.) in Computer Science and Engineering,second_year,6.62
STU005670,Bachelor of Technology (B.Tech.) in Computer Science and Engineering,second_year,7.86
STU005671,Bachelor of Technology (B.Tech.) in Computer Science and Engineering,second_year,9.14
STU005672,Bachelor of Technology (B.Tech.) in Computer Science and Engineering,second_year,7.55
STU005673,Bachelor of Technology (B.Tech.) in Computer Science and Engineering,second_year,7.74
STU005674,Bachelor of Technology (B.Tech.) in Computer Science and Engineering,second_year,9.14
STU005675,Bachelor of Technology (B.Tech.) in Computer Science and Engineering,second_year,7.62
STU005676,Bachelor of Technology (B.Tech.) in Computer Science and Engineering,second_year,8.57
STU005677,Bachelor of Technology (B.Tech.) in Computer Science and Engineering,second_year,8.29
STU005678,Bachelor of Technology (B.Tech.) in Computer Science and Engineering,second_year,7.67
STU005679,Bachelor of Technology (B.Tech.) in Computer Science and Engineering,second_year,7.88
STU005680,Bachelor of Technology (B.Tech.) in Computer Science and Engineering,second_year,8.14
STU005681,Bachelor of Technology (B.Tech.) in Computer Science and Engineering,second_year,7.62
STU005682,Bachelor of Technology (B.Tech.) in Computer Science and Engineering,second_year,8.6
STU005683,Bachelor of Technology (B.Tech.) in Computer Science and Engineering,second_year,7.98
STU005684,Bachelor of Technology (B.Tech.) in Computer Science and Engineering,second_year,8.26
STU005685,Bachelor of Technology (B.Tech.) in Computer Science and Engineering,second_year,6.88
STU005686,Bachelor of Technology (B.Tech.) in Computer Science and Engineering,second_year,8.64
STU005687,Bachelor of Technology (B.Tech.) in Computer Science and Engineering,second_year,7.43
STU005688,Bachelor of Technology (B.Tech.) in Computer Science and Engineering,second_year,7.31
STU005689,Bachelor of Technology (B.Tech.) in Computer Science and Engineering,second_year,8.67
STU005690,Bachelor of Technology (B.Tech.) in Computer Science and Engineering,second_year,8.14
STU005691,Bachelor of Technology (B.Tech.) in Computer Science and Engineering,second_year,7.6
STU005692,Bachelor of Technology (B.Tech.) in Computer Science and Engineering,second_year,6.62
STU005693,Bachelor of Technology (B.Tech.) in Computer Science and Engineering,second_year,7.19
STU005694,Bachelor of Technology (B.Tech.) in Computer Science and Engineering,second_year,7.6
STU005695,Bachelor of Technology (B.Tech.) in Computer Science and Engineering,second_year,8.52
STU005696,Bachelor of Technology (B.Tech.) in Computer Science and Engineering,second_year,8.83
STU005697,Bachelor of Technology (B.Tech.) in Computer Science and Engineering,second_year,7.79
STU005698,Bachelor of Technology (B.Tech.) in Computer Science and Engineering,second_year,5.07
STU005699,Bachelor of Technology (B.Tech.) in Computer Science and Engineering,second_year,8.52
STU005700,Bachelor of Technology (B.Tech.) in Computer Science and Engineering,second_year,8.88
STU005701,Bachelor of Technology (B.Tech.) in Computer Science and Engineering,second_year,6.74
STU005702,Bachelor of Technology (B.Tech.) in Computer Science and Engineering,second_year,7.98
STU005703,Bachelor of Technology (B.Tech.) in Computer Science and Engineering,second_year,9.33
STU005704,Bachelor of Technology (B.Tech.) in Computer Science and Engineering,second_year,7.83
STU005705,Bachelor of Technology (B.Tech.) in Computer Science and Engineering,second_year,6.88
STU005706,Bachelor of Technology (B.Tech.) in Computer Science and Engineering,second_year,7.5
STU005707,Bachelor of Technology (B.Tech.) in Computer Science and Engineering,second_year,8.52
STU005708,Bachelor of Technology (B.Tech.) in Computer Science and Engineering,second_year,8.5
STU005709,Bachelor of Technology (B.Tech.) in Computer Science and Engineering,second_year,5.64
STU005710,Bachelor of Technology (B.Tech.) in Computer Science and Engineering,second_year,6.57
STU005711,Bachelor of Technology (B.Tech.) in Computer Science and Engineering,second_year,6.88
STU005712,Bachelor of Technology (B.Tech.) in Computer Science and Engineering,second_year,7.14
STU005713,Bachelor of Technology (B.Tech.) in Computer Science and Engineering,second_year,8.17
STU005714,Bachelor of Technology (B.Tech.) in Computer Science and Engineering,second_year,8.33
STU005715,Bachelor of Technology (B.Tech.) in Computer Science and Engineering,second_year,8.52
STU005716,Bachelor of Technology (B.Tech.) in Computer Science and Engineering,second_year,7.93
STU005717,Bachelor of Technology (B.Tech.) in Computer Science and Engineering,second_year,6.86
STU005718,Bachelor of Technology (B.Tech.) in Computer Science and Engineering,second_year,7.05
STU005719,Bachelor of Technology (B.Tech.) in Computer Science and Engineering,second_year,8.76
STU005720,Bachelor of Technology (B.Tech.) in Computer Science and Engineering,second_year,8.86
STU005721,Bachelor of Technology (B.Tech.) in Computer Science and Engineering,second_year,7.93
STU005722,Bachelor of Technology (B.Tech.) in Computer Science and Engineering,second_year,7.31
STU005723,Bachelor of Technology (B.Tech.) in Computer Science and Engineering,second_year,7.07
STU005724,Bachelor of Technology (B.Tech.) in Computer Science and Engineering,second_year,7.81
STU005725,Bachelor of Technology (B.Tech.) in Computer Science and Engineering,second_year,8.4
STU005726,Bachelor of Technology (B.Tech.) in Computer Science and Engineering,second_year,7.33
STU005727,Bachelor of Technology (B.Tech.) in Computer Science and Engineering,second_year,7.76
STU005728,Bachelor of Technology (B.Tech.) in Computer Science and Engineering,second_year,8.6
STU005729,Bachelor of Technology (B.Tech.) in Computer Science and Engineering,second_year,9.17
STU005730,Bachelor of Technology (B.Tech.) in Computer Science and Engineering,second_year,7.24
STU005731,Bachelor of Technology (B.Tech.) in Computer Science and Engineering,second_year,8.12
STU005732,Bachelor of Technology (B.Tech.) in Computer Science and Engineering,second_year,8.31
STU005733,Bachelor of Technology (B.Tech.) in Computer Science and Engineering,second_year,8.1
STU005734,Bachelor of Technology (B.Tech.) in Computer Science and Engineering,second_year,7.81
STU005735,Bachelor of Technology (B.Tech.) in Computer Science and Engineering,second_year,7.69
STU005736,Bachelor of Technology (B.Tech.) in Computer Science and Engineering,second_year,7.43
STU005737,Bachelor of Technology (B.Tech.) in Computer Science and Engineering,second_year,8.76
STU005738,Bachelor of Technology (B.Tech.) in Computer Science and Engineering,second_year,7.55
STU005739,Bachelor of Technology (B.Tech.) in Computer Science and Engineering,second_year,6.95
STU005740,Bachelor of Technology (B.Tech.) in Computer Science and Engineering,second_year,7.83
STU005741,Bachelor of Technology (B.Tech.) in Computer Science and Engineering,second_year,7.14
STU005742,Bachelor of Technology (B.Tech.) in Computer Science and Engineering,second_year,8.76
STU005743,Bachelor of Technology (B.Tech.) in Computer Science and Engineering,second_year,7.33
STU005744,Bachelor of Technology (B.Tech.) in Computer Science and Engineering,second_year,8.4
STU005745,Bachelor of Technology (B.Tech.) in Computer Science and Engineering,second_year,9.17
STU005746,Bachelor of Technology (B.Tech.) in Computer Science and Engineering,second_year,6.67
STU005747,Bachelor of Technology (B.Tech.) in Computer Science and Engineering,second_year,4.55
STU005748,Bachelor of Technology (B.Tech.) in Computer Science and Engineering,second_year,7.74
STU005749,Bachelor of Technology (B.Tech.) in Computer Science and Engineering,second_year,9.21
STU005750,Bachelor of Technology (B.Tech.) in Computer Science and Engineering,second_year,8.1
STU005751,Bachelor of Technology (B.Tech.) in Computer Science and Engineering,second_year,8.43
STU005752,Bachelor of Technology (B.Tech.) in Computer Science and Engineering,second_year,8.45
STU005753,Bachelor of Technology (B.Tech.) in Computer Science and Engineering,second_year,8.86
STU005754,Bachelor of Technology (B.Tech.) in Computer Science and Engineering,second_year,6.05
STU005755,Bachelor of Technology (B.Tech.) in Computer Science and Engineering,second_year,7.67
STU005756,Bachelor of Technology (B.Tech.) in Computer Science and Engineering,second_year,7.64
STU005757,Bachelor of Technology (B.Tech.) in Computer Science and Engineering,second_year,8.6
STU005758,Bachelor of Technology (B.Tech.) in Computer Science and Engineering,second_year,8.43
STU005759,Bachelor of Technology (B.Tech.) in Computer Science and Engineering,second_year,8.64
STU005760,Bachelor of Technology (B.Tech.) in Computer Science and Engineering,second_year,6.86
STU005761,Bachelor of Technology (B.Tech.) in Computer Science and Engineering,second_year,7.5
STU005762,Bachelor of Technology (B.Tech.) in Computer Science and Engineering,second_year,7.74
STU005763,Bachelor of Technology (B.Tech.) in Computer Science and Engineering,second_year,7.14
STU005764,Bachelor of Technology (B.Tech.) in Computer Science and Engineering,second_year,6.21
STU005765,Bachelor of Technology (B.Tech.) in Computer Science and Engineering,second_year,8.55
STU005766,Bachelor of Technology (B.Tech.) in Computer Science and Engineering,second_year,7.14
STU005767,Bachelor of Technology (B.Tech.) in Computer Science and Engineering,second_year,5.93
STU005768,Bachelor of Technology (B.Tech.) in Computer Science and Engineering,second_year,9.76
STU005769,Bachelor of Technology (B.Tech.) in Computer Science and Engineering,second_year,8.67
STU005770,Bachelor of Technology (B.Tech.) in Computer Science and Engineering,second_year,8.24
STU005771,Bachelor of Technology (B.Tech.) in Computer Science and Engineering,second_year,7.88
STU005772,Bachelor of Technology (B.Tech.) in Computer Science and Engineering,second_year,6.19
STU005773,Bachelor of Technology (B.Tech.) in Computer Science and Engineering,second_year,7.4
STU005774,Bachelor of Technology (B.Tech.) in Computer Science and Engineering,second_year,7.6
STU005775,Bachelor of Technology (B.Tech.) in Computer Science and Engineering,second_year,8.29
STU005776,Bachelor of Technology (B.Tech.) in Computer Science and Engineering,second_year,8.36
STU005777,Bachelor of Technology (B.Tech.) in Computer Science and Engineering,second_year,7.45
STU005778,Bachelor of Technology (B.Tech.) in Computer Science and Engineering,second_year,7.67
STU005779,Bachelor of Technology (B.Tech.) in Computer Science and Engineering,second_year,8.6
STU005780,Bachelor of Technology (B.Tech.) in Computer Science and Engineering,second_year,8.74
STU005781,Bachelor of Technology (B.Tech.) in Computer Science and Engineering,second_year,8.05
STU005782,Bachelor of Technology (B.Tech.) in Computer Science and Engineering,second_year,8.52
STU005783,Bachelor of Technology (B.Tech.) in Computer Science and Engineering,second_year,6.5
STU005784,Bachelor of Technology (B.Tech.) in Computer Science and Engineering,second_year,5.98
STU005785,Bachelor of Technology (B.Tech.) in Computer Science and Engineering,second_year,8.02
STU005786,Bachelor of Technology (B.Tech.) in Computer Science and Engineering,second_year,7.86
STU005787,Bachelor of Technology (B.Tech.) in Computer Science and Engineering,second_year,7.71
STU005788,Bachelor of Technology (B.Tech.) in Computer Science and Engineering,second_year,8.76
STU005789,Bachelor of Technology (B.Tech.) in Computer Science and Engineering,second_year,8.0
STU005790,Bachelor of Technology (B.Tech.) in Computer Science and Engineering,second_year,8.0
STU005791,Bachelor of Technology (B.Tech.) in Computer Science and Engineering,second_year,8.81
STU005792,Bachelor of Technology (B.Tech.) in Computer Science and Engineering,second_year,8.36
STU005793,Bachelor of Technology (B.Tech.) in Computer Science and Engineering,second_year,6.98
STU005794,Bachelor of Technology (B.Tech.) in Computer Science and Engineering,second_year,7.88
STU005795,Bachelor of Technology (B.Tech.) in Computer Science and Engineering,second_year,7.93
STU005796,Bachelor of Technology (B.Tech.) in Computer Science and Engineering,second_year,8.31
STU005797,Bachelor of Technology (B.Tech.) in Computer Science and Engineering,second_year,7.5
STU005798,Bachelor of Technology (B.Tech.) in Computer Science and Engineering,second_year,8.67
STU005799,Bachelor of Technology (B.Tech.) in Computer Science and Engineering,second_year,7.71
STU005800,Bachelor of Technology (B.Tech.) in Computer Science and Engineering,second_year,7.43
STU005801,Bachelor of Technology (B.Tech.) in Computer Science and Engineering,second_year,6.64
STU005802,Bachelor of Technology (B.Tech.) in Computer Science and Engineering,second_year,6.6
STU005803,Bachelor of Technology (B.Tech.) in Computer Science and Engineering,second_year,5.76
STU005804,Bachelor of Technology (B.Tech.) in Computer Science and Engineering,second_year,5.76
STU005805,Bachelor of Technology (B.Tech.) in Computer Science and Engineering,second_year,5.62
STU005806,Bachelor of Technology (B.Tech.) in Computer Science and Engineering,second_year,6.79
STU005807,Bachelor of Technology (B.Tech.) in Computer Science and Engineering,second_year,7.12
STU005808,Bachelor of Technology (B.Tech.) in Computer Science and Engineering,second_year,8.0
STU005809,Bachelor of Technology (B.Tech.) in Computer Science and Engineering,second_year,8.6
STU005810,Bachelor of Technology (B.Tech.) in Computer Science and Engineering,second_year,7.45
STU005811,Bachelor of Technology (B.Tech.) in Computer Science and Engineering,second_year,8.76
STU005812,Bachelor of Technology (B.Tech.) in Computer Science and Engineering,second_year,7.69
STU005813,Bachelor of Technology (B.Tech.) in Computer Science and Engineering,second_year,9.45
STU005814,Bachelor of Technology (B.Tech.) in Computer Science and Engineering,second_year,7.4
STU005815,Bachelor of Technology (B.Tech.) in Computer Science and Engineering,second_year,5.07
STU005816,Bachelor of Technology (B.Tech.) in Computer Science and Engineering,second_year,6.6
STU005817,Bachelor of Technology (B.Tech.) in Computer Science and Engineering,second_year,6.69
STU005818,Bachelor of Technology (B.Tech.) in Computer Science and Engineering,second_year,6.9
STU005819,Bachelor of Technology (B.Tech.) in Computer Science and Engineering,second_year,7.38
STU005820,Bachelor of Technology (B.Tech.) in Computer Science and Engineering,second_year,8.57
STU005821,Bachelor of Technology (B.Tech.) in Computer Science and Engineering,second_year,8.26
STU005822,Bachelor of Technology (B.Tech.) in Computer Science and Engineering,second_year,6.6
STU005823,Bachelor of Technology (B.Tech.) in Computer Science and Engineering,second_year,3.6
STU005824,Bachelor of Technology (B.Tech.) in Computer Science and Engineering,second_year,9.38
STU005825,Bachelor of Technology (B.Tech.) in Computer Science and Engineering,second_year,6.36
STU005826,Bachelor of Technology (B.Tech.) in Computer Science and Engineering,second_year,8.48
STU005827,Bachelor of Technology (B.Tech.) in Computer Science and Engineering,second_year,6.71
STU005828,Bachelor of Technology (B.Tech.) in Computer Science and Engineering,second_year,8.43
STU005829,Bachelor of Technology (B.Tech.) in Computer Science and Engineering,second_year,7.69
STU005830,Bachelor of Technology (B.Tech.) in Computer Science and Engineering,second_year,8.31
STU005831,Bachelor of Technology (B.Tech.) in Computer Science and Engineering,second_year,8.0
STU005832,Bachelor of Technology (B.Tech.) in Computer Science and Engineering,second_year,7.79
STU005833,Bachelor of Technology (B.Tech.) in Computer Science and Engineering,second_year,8.14
STU005834,Bachelor of Technology (B.Tech.) in Computer Science and Engineering,second_year,7.81
STU005835,Bachelor of Technology (B.Tech.) in Computer Science and Engineering,second_year,7.69
STU005836,Bachelor of Technology (B.Tech.) in Computer Science and Engineering,second_year,7.43
STU005837,Bachelor of Technology (B.Tech.) in Computer Science and Engineering,second_year,7.21
STU005838,Bachelor of Technology (B.Tech.) in Computer Science and Engineering,second_year,6.95
STU005839,Bachelor of Technology (B.Tech.) in Computer Science and Engineering,second_year,7.6
STU005840,Bachelor of Technology (B.Tech.) in Computer Science and Engineering,second_year,7.88
STU005841,Bachelor of Technology (B.Tech.) in Computer Science and Engineering,second_year,7.6
STU005842,Bachelor of Technology (B.Tech.) in Computer Science and Engineering,second_year,8.71
STU005843,Bachelor of Technology (B.Tech.) in Computer Science and Engineering,second_year,8.02
STU005844,Bachelor of Technology (B.Tech.) in Computer Science and Engineering,second_year,8.6
STU005845,Bachelor of Technology (B.Tech.) in Computer Science and Engineering,second_year,6.33
STU005846,Bachelor of Technology (B.Tech.) in Computer Science and Engineering,second_year,7.26
STU005847,Bachelor of Technology (B.Tech.) in Computer Science and Engineering,second_year,7.43
STU005848,Bachelor of Technology (B.Tech.) in Computer Science and Engineering,second_year,8.14
STU005849,Bachelor of Technology (B.Tech.) in Computer Science and Engineering,second_year,8.02
STU005850,Bachelor of Technology (B.Tech.) in Computer Science and Engineering,second_year,7.83
STU005851,Bachelor of Technology (B.Tech.) in Computer Science and Engineering,second_year,7.62
STU005852,Bachelor of Technology (B.Tech.) in Computer Science and Engineering,second_year,6.88
STU005853,Bachelor of Technology (B.Tech.) in Computer Science and Engineering,second_year,7.43
STU005854,Bachelor of Technology (B.Tech.) in Computer Science and Engineering,second_year,8.24
STU005855,Bachelor of Technology (B.Tech.) in Computer Science and Engineering,second_year,9.29
STU005856,Bachelor of Technology (B.Tech.) in Computer Science and Engineering,second_year,8.1
STU005857,Bachelor of Technology (B.Tech.) in Computer Science and Engineering,second_year,8.24
STU005858,Bachelor of Technology (B.Tech.) in Computer Science and Engineering,second_year,7.29
STU005859,Bachelor of Technology (B.Tech.) in Computer Science and Engineering,second_year,8.57
STU005860,Bachelor of Technology (B.Tech.) in Computer Science and Engineering,second_year,8.69
STU005861,Bachelor of Technology (B.Tech.) in Computer Science and Engineering,second_year,6.45
STU005862,Bachelor of Technology (B.Tech.) in Computer Science and Engineering,second_year,8.19
STU005863,Bachelor of Technology (B.Tech.) in Computer Science and Engineering,second_year,8.21
STU005864,Bachelor of Technology (B.Tech.) in Computer Science and Engineering,second_year,8.88
STU005865,Bachelor of Technology (B.Tech.) in Computer Science and Engineering,second_year,6.1
STU005866,Bachelor of Technology (B.Tech.) in Computer Science and Engineering,second_year,7.76
STU005867,Bachelor of Technology (B.Tech.) in Computer Science and Engineering,second_year,8.57
STU005868,Bachelor of Technology (B.Tech.) in Computer Science and Engineering,second_year,3.38
STU005869,Bachelor of Technology (B.Tech.) in Computer Science and Engineering,second_year,8.67
STU005870,Bachelor of Technology (B.Tech.) in Computer Science and Engineering,second_year,8.57
STU005871,Bachelor of Technology (B.Tech.) in Computer Science and Engineering,second_year,7.05
STU005872,Bachelor of Technology (B.Tech.) in Computer Science and Engineering,second_year,7.02
STU005873,Bachelor of Technology (B.Tech.) in Computer Science and Engineering,second_year,6.95
STU005874,Bachelor of Technology (B.Tech.) in Computer Science and Engineering,second_year,8.71
STU005875,Bachelor of Technology (B.Tech.) in Computer Science and Engineering,second_year,7.5
STU005876,Bachelor of Technology (B.Tech.) in Computer Science and Engineering,second_year,8.29
STU005877,Bachelor of Technology (B.Tech.) in Computer Science and Engineering,second_year,7.83
STU005878,Bachelor of Technology (B.Tech.) in Computer Science and Engineering,second_year,8.52
STU005879,Bachelor of Technology (B.Tech.) in Computer Science and Engineering,second_year,8.43
STU005880,Bachelor of Technology (B.Tech.) in Computer Science and Engineering,second_year,7.93
STU005881,Bachelor of Technology (B.Tech.) in Computer Science and Engineering,second_year,9.02
STU005882,Bachelor of Technology (B.Tech.) in Computer Science and Engineering,second_year,7.83
STU005883,Bachelor of Technology (B.Tech.) in Computer Science and Engineering,second_year,5.52
STU005884,Bachelor of Technology (B.Tech.) in Computer Science and Engineering,second_year,7.29
STU005885,Bachelor of Technology (B.Tech.) in Computer Science and Engineering,second_year,7.76
STU005886,Bachelor of Technology (B.Tech.) in Computer Science and Engineering,second_year,7.88
STU005887,Bachelor of Technology (B.Tech.) in Computer Science and Engineering,second_year,7.55
STU005888,Bachelor of Technology (B.Tech.) in Computer Science and Engineering,second_year,8.4
STU005889,Bachelor of Technology (B.Tech.) in Computer Science and Engineering,second_year,8.36
STU005890,Bachelor of Technology (B.Tech.) in Computer Science and Engineering,second_year,8.71
STU005891,Bachelor of Technology (B.Tech.) in Computer Science and Engineering,second_year,8.29
STU005892,Bachelor of Technology (B.Tech.) in Computer Science and Engineering,second_year,7.57
STU005893,Bachelor of Technology (B.Tech.) in Computer Science and Engineering,second_year,8.21
STU005894,Bachelor of Technology (B.Tech.) in Computer Science and Engineering,second_year,6.29
STU005895,Bachelor of Technology (B.Tech.) in Computer Science and Engineering,second_year,9.5
STU005896,Bachelor of Technology (B.Tech.) in Computer Science and Engineering,second_year,7.31
STU005897,Bachelor of Technology (B.Tech.) in Computer Science and Engineering,second_year,9.24
STU005898,Bachelor of Technology (B.Tech.) in Computer Science and Engineering,second_year,7.0
STU005899,Bachelor of Technology (B.Tech.) in Computer Science and Engineering,second_year,6.88
STU005900,Bachelor of Technology (B.Tech.) in Computer Science and Engineering,second_year,8.9
STU005901,Bachelor of Technology (B.Tech.) in Computer Science and Engineering,second_year,7.62
STU005902,Bachelor of Technology (B.Tech.) in Computer Science and Engineering,second_year,8.71
STU005903,Bachelor of Technology (B.Tech.) in Computer Science and Engineering,second_year,6.81
STU005904,Bachelor of Technology (B.Tech.) in Computer Science and Engineering,second_year,7.6
STU005905,Bachelor of Technology (B.Tech.) in Computer Science and Engineering,second_year,7.0
STU005906,Bachelor of Technology (B.Tech.) in Computer Science and Engineering,second_year,6.29
STU005907,Bachelor of Technology (B.Tech.) in Computer Science and Engineering,second_year,8.81
STU005908,Bachelor of Technology (B.Tech.) in Computer Science and Engineering,second_year,7.98
STU005909,Bachelor of Technology (B.Tech.) in Computer Science and Engineering,second_year,7.26
STU005910,Bachelor of Technology (B.Tech.) in Computer Science and Engineering,second_year,8.98
STU005911,Bachelor of Technology (B.Tech.) in Computer Science and Engineering,second_year,8.67
STU005912,Bachelor of Technology (B.Tech.) in Computer Science and Engineering,second_year,9.0
STU005913,Bachelor of Technology (B.Tech.) in Computer Science and Engineering,second_year,6.38
STU005914,Bachelor of Technology (B.Tech.) in Computer Science and Engineering,second_year,7.55
STU005915,Bachelor of Technology (B.Tech.) in Computer Science and Engineering,second_year,8.83
STU005916,Bachelor of Technology (B.Tech.) in Computer Science and Engineering,second_year,7.83
STU005917,Bachelor of Technology (B.Tech.) in Computer Science and Engineering,second_year,7.45
STU005918,Bachelor of Technology (B.Tech.) in Computer Science and Engineering,second_year,7.21
STU005919,Bachelor of Technology (B.Tech.) in Computer Science and Engineering,second_year,6.29
STU005920,Bachelor of Technology (B.Tech.) in Computer Science and Engineering,second_year,7.26
STU005921,Bachelor of Technology (B.Tech.) in Computer Science and Engineering,second_year,7.74
STU005922,Bachelor of Technology (B.Tech.) in Computer Science and Engineering,second_year,7.24
STU005923,Bachelor of Technology (B.Tech.) in Computer Science and Engineering,second_year,8.76
STU005924,Bachelor of Technology (B.Tech.) in Computer Science and Engineering,second_year,8.67
STU005925,Bachelor of Technology (B.Tech.) in Computer Science and Engineering,second_year,7.0
STU005926,Bachelor of Technology (B.Tech.) in Computer Science and Engineering,second_year,5.88
STU005927,Bachelor of Technology (B.Tech.) in Computer Science and Engineering,second_year,6.74
STU005928,Bachelor of Technology (B.Tech.) in Computer Science and Engineering,second_year,8.14
STU005929,Bachelor of Technology (B.Tech.) in Computer Science and Engineering,second_year,7.79
STU005930,Bachelor of Technology (B.Tech.) in Computer Science and Engineering,second_year,6.1
STU005931,Bachelor of Technology (B.Tech.) in Computer Science and Engineering,second_year,8.93
STU005932,Bachelor of Technology (B.Tech.) in Computer Science and Engineering,second_year,7.98
STU005933,Bachelor of Technology (B.Tech.) in Computer Science and Engineering,second_year,8.69
STU005934,Bachelor of Technology (B.Tech.) in Computer Science and Engineering,second_year,8.9
STU005935,Bachelor of Technology (B.Tech.) in Computer Science and Engineering,second_year,7.69
STU005936,Bachelor of Technology (B.Tech.) in Computer Science and Engineering,second_year,7.26
STU005937,Bachelor of Technology (B.Tech.) in Computer Science and Engineering,second_year,7.48
STU005938,Bachelor of Technology (B.Tech.) in Computer Science and Engineering,second_year,7.6
STU005939,Bachelor of Technology (B.Tech.) in Computer Science and Engineering,second_year,8.71
STU005940,Bachelor of Technology (B.Tech.) in Computer Science and Engineering,second_year,6.83
STU005941,Bachelor of Technology (B.Tech.) in Computer Science and Engineering,second_year,7.64
STU005942,Bachelor of Technology (B.Tech.) in Computer Science and Engineering,second_year,8.86
STU005943,Bachelor of Technology (B.Tech.) in Computer Science and Engineering,second_year,7.76
STU005944,Bachelor of Technology (B.Tech.) in Computer Science and Engineering,second_year,8.26
STU005945,Bachelor of Technology (B.Tech.) in Computer Science and Engineering,second_year,7.79
STU005946,Bachelor of Technology (B.Tech.) in Computer Science and Engineering,second_year,6.52
STU005947,Bachelor of Technology (B.Tech.) in Computer Science and Engineering,second_year,7.07
STU005948,Bachelor of Technology (B.Tech.) in Computer Science and Engineering,second_year,8.1
STU005949,Bachelor of Technology (B.Tech.) in Computer Science and Engineering,second_year,7.55
STU005950,Bachelor of Technology (B.Tech.) in Computer Science and Engineering,second_year,8.98
STU005951,Bachelor of Technology (B.Tech.) in Computer Science and Engineering,second_year,8.38
STU005952,Bachelor of Technology (B.Tech.) in Computer Science and Engineering,second_year,7.98
STU005953,Bachelor of Technology (B.Tech.) in Computer Science and Engineering,second_year,7.33
STU005954,Bachelor of Technology (B.Tech.) in Computer Science and Engineering,second_year,7.83
STU005955,Bachelor of Technology (B.Tech.) in Computer Science and Engineering,second_year,8.1
STU005956,Bachelor of Technology (B.Tech.) in Computer Science and Engineering,second_year,7.74
STU005957,Bachelor of Technology (B.Tech.) in Computer Science and Engineering,second_year,6.81
STU005958,Bachelor of Technology (B.Tech.) in Computer Science and Engineering,second_year,7.98
STU005959,Bachelor of Technology (B.Tech.) in Computer Science and Engineering,second_year,7.07
STU005960,Bachelor of Technology (B.Tech.) in Computer Science and Engineering,second_year,7.33
STU005961,Bachelor of Technology (B.Tech.) in Computer Science and Engineering,second_year,6.67
STU005962,Bachelor of Technology (B.Tech.) in Computer Science and Engineering,second_year,7.6
STU005963,Bachelor of Technology (B.Tech.) in Computer Science and Engineering,second_year,6.74
STU005964,Bachelor of Technology (B.Tech.) in Computer Science and Engineering,second_year,7.81
STU005965,Bachelor of Technology (B.Tech.) in Computer Science and Engineering,second_year,6.93
STU005966,Bachelor of Technology (B.Tech.) in Computer Science and Engineering,second_year,7.24
STU005967,Bachelor of Technology (B.Tech.) in Computer Science and Engineering,second_year,7.26
STU005968,Bachelor of Technology (B.Tech.) in Computer Science and Engineering,second_year,7.81
STU005969,Bachelor of Technology (B.Tech.) in Computer Science and Engineering,second_year,8.55
STU005970,Bachelor of Technology (B.Tech.) in Computer Science and Engineering,second_year,6.95
STU005971,Bachelor of Technology (B.Tech.) in Computer Science and Engineering,second_year,8.07
STU005972,Bachelor of Technology (B.Tech.) in Computer Science and Engineering,second_year,7.52
STU005973,Bachelor of Technology (B.Tech.) in Computer Science and Engineering,second_year,7.29
STU005974,Bachelor of Technology (B.Tech.) in Computer Science and Engineering,second_year,6.76
STU005975,Bachelor of Technology (B.Tech.) in Computer Science and Engineering,second_year,8.74
STU005976,Bachelor of Technology (B.Tech.) in Computer Science and Engineering,second_year,7.43
STU005977,Bachelor of Technology (B.Tech.) in Computer Science and Engineering,second_year,6.14
STU005978,Bachelor of Technology (B.Tech.) in Computer Science and Engineering,second_year,7.07
STU005979,Bachelor of Technology (B.Tech.) in Computer Science and Engineering,second_year,7.24
STU005980,Bachelor of Technology (B.Tech.) in Computer Science and Engineering,second_year,9.0
STU005981,Bachelor of Technology (B.Tech.) in Computer Science and Engineering,second_year,6.62
STU005982,Bachelor of Technology (B.Tech.) in Computer Science and Engineering,second_year,7.67
STU005983,Bachelor of Technology (B.Tech.) in Computer Science and Engineering,second_year,7.43
STU005984,Bachelor of Technology (B.Tech.) in Computer Science and Engineering,second_year,7.19
STU005985,Bachelor of Technology (B.Tech.) in Computer Science and Engineering,second_year,6.62
STU005986,Bachelor of Technology (B.Tech.) in Computer Science and Engineering,second_year,7.21
STU005987,Bachelor of Technology (B.Tech.) in Computer Science and Engineering,second_year,6.31
STU005988,Bachelor of Technology (B.Tech.) in Computer Science and Engineering,second_year,7.62
STU005989,Bachelor of Technology (B.Tech.) in Computer Science and Engineering,second_year,8.12
STU005990,Bachelor of Technology (B.Tech.) in Computer Science and Engineering,second_year,5.98
STU005991,Bachelor of Technology (B.Tech.) in Computer Science and Engineering,second_year,8.05
STU005992,Bachelor of Technology (B.Tech.) in Computer Science and Engineering,second_year,7.48
STU005993,Bachelor of Technology (B.Tech.) in Computer Science and Engineering,second_year,7.6
STU005994,Bachelor of Technology (B.Tech.) in Computer Science and Engineering,second_year,7.48
STU005995,Bachelor of Technology (B.Tech.) in Computer Science and Engineering,second_year,8.48
STU005996,Bachelor of Technology (B.Tech.) in Computer Science and Engineering,second_year,6.62
STU005997,Bachelor of Technology (B.Tech.) in Computer Science and Engineering,second_year,7.17
STU005998,Bachelor of Technology (B.Tech.) in Computer Science and Engineering,second_year,8.5
STU005999,Bachelor of Technology (B.Tech.) in Computer Science and Engineering,second_year,7.81
STU006000,Bachelor of Technology (B.Tech.) in Computer Science and Engineering,second_year,6.43
STU006001,Bachelor of Technology (B.Tech.) in Computer Science and Engineering,second_year,8.76
STU006002,Bachelor of Technology (B.Tech.) in Computer Science and Engineering,second_year,8.24
STU006003,Bachelor of Technology (B.Tech.) in Computer Science and Engineering,second_year,8.14
STU006004,Bachelor of Technology (B.Tech.) in Computer Science and Engineering,second_year,7.05
STU006005,Bachelor of Technology (B.Tech.) in Computer Science and Engineering,second_year,7.64
STU006006,Bachelor of Technology (B.Tech.) in Computer Science and Engineering,second_year,6.71
STU006007,Bachelor of Technology (B.Tech.) in Computer Science and Engineering,second_year,7.4
STU006008,Bachelor of Technology (B.Tech.) in Computer Science and Engineering,second_year,7.86
STU006009,Bachelor of Technology (B.Tech.) in Computer Science and Engineering,second_year,7.29
STU006010,Bachelor of Technology (B.Tech.) in Computer Science and Engineering,second_year,6.62
STU006011,Bachelor of Technology (B.Tech.) in Computer Science and Engineering,second_year,7.12
STU006012,Bachelor of Technology (B.Tech.) in Computer Science and Engineering,second_year,7.81
STU006013,Bachelor of Technology (B.Tech.) in Computer Science and Engineering,second_year,7.74
STU006014,Bachelor of Technology (B.Tech.) in Computer Science and Engineering,second_year,7.05
STU006015,Bachelor of Technology (B.Tech.) in Computer Science and Engineering,second_year,7.38
STU006016,Bachelor of Technology (B.Tech.) in Computer Science and Engineering,second_year,7.31
STU006017,Bachelor of Technology (B.Tech.) in Computer Science and Engineering,second_year,5.21
STU006018,Bachelor of Technology (B.Tech.) in Computer Science and Engineering,second_year,9.43
STU006019,Bachelor of Technology (B.Tech.) in Computer Science and Engineering,second_year,8.07
STU006020,Bachelor of Technology (B.Tech.) in Computer Science and Engineering,second_year,6.55
STU006021,Bachelor of Technology (B.Tech.) in Computer Science and Engineering,second_year,7.19
STU006022,Bachelor of Technology (B.Tech.) in Computer Science and Engineering,second_year,6.62
STU006023,Bachelor of Technology (B.Tech.) in Computer Science and Engineering,second_year,8.05
STU006024,Bachelor of Technology (B.Tech.) in Computer Science and Engineering,second_year,8.55
STU006025,Bachelor of Technology (B.Tech.) in Computer Science and Engineering,second_year,8.14
STU006026,Bachelor of Technology (B.Tech.) in Computer Science and Engineering,second_year,8.83
STU006027,Bachelor of Technology (B.Tech.) in Computer Science and Engineering,second_year,8.21
STU006028,Bachelor of Technology (B.Tech.) in Computer Science and Engineering,second_year,8.57
STU006029,Bachelor of Technology (B.Tech.) in Computer Science and Engineering,second_year,5.93
STU006030,Bachelor of Technology (B.Tech.) in Computer Science and Engineering,second_year,6.07
STU006031,Bachelor of Technology (B.Tech.) in Computer Science and Engineering,second_year,8.14
STU006032,Bachelor of Technology (B.Tech.) in Computer Science and Engineering,second_year,6.1
STU006033,Bachelor of Technology (B.Tech.) in Computer Science and Engineering,second_year,7.4
STU006034,Bachelor of Technology (B.Tech.) in Computer Science and Engineering,second_year,7.14
STU006035,Bachelor of Technology (B.Tech.) in Computer Science and Engineering,second_year,8.02
STU006036,Bachelor of Technology (B.Tech.) in Computer Science and Engineering,second_year,7.52
STU006037,Bachelor of Technology (B.Tech.) in Computer Science and Engineering,second_year,8.14
STU006038,Bachelor of Technology (B.Tech.) in Computer Science and Engineering,second_year,4.95
STU006039,Bachelor of Technology (B.Tech.) in Computer Science and Engineering,second_year,9.6
STU006040,Bachelor of Technology (B.Tech.) in Computer Science and Engineering,second_year,8.88
STU006041,Bachelor of Technology (B.Tech.) in Computer Science and Engineering,second_year,7.62
STU006042,Bachelor of Technology (B.Tech.) in Computer Science and Engineering,second_year,6.98
STU006043,Bachelor of Technology (B.Tech.) in Computer Science and Engineering,second_year,7.26
STU006044,Bachelor of Technology (B.Tech.) in Computer Science and Engineering,second_year,6.93
STU006045,Bachelor of Technology (B.Tech.) in Computer Science and Engineering,second_year,7.52
STU006046,Bachelor of Technology (B.Tech.) in Computer Science and Engineering,second_year,7.57
STU006047,Bachelor of Technology (B.Tech.) in Computer Science and Engineering,second_year,6.29
STU006048,Bachelor of Technology (B.Tech.) in Computer Science and Engineering,second_year,8.31
STU006049,Bachelor of Technology (B.Tech.) in Computer Science and Engineering,second_year,8.5
STU006050,Bachelor of Technology (B.Tech.) in Computer Science and Engineering,second_year,6.6
STU006051,Bachelor of Technology (B.Tech.) in Computer Science and Engineering,second_year,8.12
STU006052,Bachelor of Technology (B.Tech.) in Computer Science and Engineering,second_year,5.62
STU006053,Bachelor of Technology (B.Tech.) in Computer Science and Engineering,second_year,6.64
STU006054,Bachelor of Technology (B.Tech.) in Computer Science and Engineering,second_year,6.76
STU006055,Bachelor of Technology (B.Tech.) in Computer Science and Engineering,second_year,7.81
STU006056,Bachelor of Technology (B.Tech.) in Computer Science and Engineering,second_year,8.24
STU006057,Bachelor of Technology (B.Tech.) in Computer Science and Engineering,second_year,6.36
STU006058,Bachelor of Technology (B.Tech.) in Computer Science and Engineering,second_year,8.05
STU006059,Bachelor of Technology (B.Tech.) in Computer Science and Engineering,second_year,7.62
STU006060,Bachelor of Technology (B.Tech.) in Computer Science and Engineering,second_year,8.31
STU006061,Bachelor of Technology (B.Tech.) in Computer Science and Engineering,second_year,8.43
STU006062,Bachelor of Technology (B.Tech.) in Computer Science and Engineering,second_year,7.76
STU006063,Bachelor of Technology (B.Tech.) in Computer Science and Engineering,second_year,8.98
STU006064,Bachelor of Technology (B.Tech.) in Computer Science and Engineering,second_year,6.33
STU006065,Bachelor of Technology (B.Tech.) in Computer Science and Engineering,second_year,8.02
STU006066,Bachelor of Technology (B.Tech.) in Computer Science and Engineering,second_year,7.0
STU006067,Bachelor of Technology (B.Tech.) in Computer Science and Engineering,second_year,8.45
STU006068,Bachelor of Technology (B.Tech.) in Computer Science and Engineering,second_year,7.36
STU006069,Bachelor of Technology (B.Tech.) in Computer Science and Engineering,second_year,7.4
STU006070,Bachelor of Technology (B.Tech.) in Computer Science and Engineering,second_year,9.45
STU006071,Bachelor of Technology (B.Tech.) in Computer Science and Engineering,second_year,8.76
STU006072,Bachelor of Technology (B.Tech.) in Computer Science and Engineering,second_year,6.71
STU006073,Bachelor of Technology (B.Tech.) in Computer Science and Engineering,second_year,8.05
STU006074,Bachelor of Technology (B.Tech.) in Computer Science and Engineering,second_year,7.93
STU006075,Bachelor of Technology (B.Tech.) in Computer Science and Engineering,second_year,7.86
STU006076,Bachelor of Technology (B.Tech.) in Computer Science and Engineering,second_year,6.74
STU006077,Bachelor of Technology (B.Tech.) in Computer Science and Engineering,second_year,7.5
STU006078,Bachelor of Technology (B.Tech.) in Computer Science and Engineering,second_year,5.02
STU006079,Bachelor of Technology (B.Tech.) in Computer Science and Engineering,second_year,7.83
STU006080,Bachelor of Technology (B.Tech.) in Computer Science and Engineering,second_year,8.17
STU006081,Bachelor of Technology (B.Tech.) in Computer Science and Engineering,second_year,7.21
STU006082,Bachelor of Technology (B.Tech.) in Computer Science and Engineering,second_year,6.5
STU006083,Bachelor of Technology (B.Tech.) in Computer Science and Engineering,second_year,6.81
STU006084,Bachelor of Technology (B.Tech.) in Computer Science and Engineering,second_year,7.64
STU006085,Bachelor of Technology (B.Tech.) in Computer Science and Engineering,second_year,7.02
STU006086,Bachelor of Technology (B.Tech.) in Computer Science and Engineering,second_year,7.93
STU006087,Bachelor of Technology (B.Tech.) in Computer Science and Engineering,second_year,6.6
STU006088,Bachelor of Technology (B.Tech.) in Computer Science and Engineering,second_year,7.81
STU006089,Bachelor of Technology (B.Tech.) in Computer Science and Engineering,second_year,7.43
STU006090,Bachelor of Technology (B.Tech.) in Computer Science and Engineering,second_year,6.67
STU006091,Bachelor of Technology (B.Tech.) in Computer Science and Engineering,second_year,7.14
STU006092,Bachelor of Technology (B.Tech.) in Computer Science and Engineering,second_year,5.14
STU006093,Bachelor of Technology (B.Tech.) in Computer Science and Engineering,second_year,7.1
STU006094,Bachelor of Technology (B.Tech.) in Computer Science and Engineering,second_year,8.0
STU006095,Bachelor of Technology (B.Tech.) in Computer Science and Engineering,second_year,7.81
STU006096,Bachelor of Technology (B.Tech.) in Computer Science and Engineering,second_year,8.21
STU006097,Bachelor of Technology (B.Tech.) in Computer Science and Engineering,second_year,7.21
STU006098,Bachelor of Technology (B.Tech.) in Computer Science and Engineering,second_year,6.79
STU006099,Bachelor of Technology (B.Tech.) in Computer Science and Engineering,second_year,7.74
STU006100,Bachelor of Technology (B.Tech.) in Computer Science and Engineering,second_year,6.93
STU006101,Bachelor of Technology (B.Tech.) in Computer Science and Engineering,second_year,7.88
STU006102,Bachelor of Technology (B.Tech.) in Computer Science and Engineering,second_year,7.6
STU006103,Bachelor of Technology (B.Tech.) in Computer Science and Engineering,second_year,5.98
STU006104,Bachelor of Technology (B.Tech.) in Computer Science and Engineering,second_year,4.71
STU006105,Bachelor of Technology (B.Tech.) in Computer Science and Engineering,second_year,7.17
STU006106,Bachelor of Technology (B.Tech.) in Computer Science and Engineering,second_year,7.79
STU006107,Bachelor of Technology (B.Tech.) in Computer Science and Engineering,second_year,8.02
STU006108,Bachelor of Technology (B.Tech.) in Computer Science and Engineering,second_year,7.62
STU006109,Bachelor of Technology (B.Tech.) in Computer Science and Engineering,second_year,6.48
STU006110,Bachelor of Technology (B.Tech.) in Computer Science and Engineering,second_year,8.07
STU006111,Bachelor of Technology (B.Tech.) in Computer Science and Engineering,second_year,4.48
STU006112,Bachelor of Technology (B.Tech.) in Computer Science and Engineering,second_year,8.0
STU006113,Bachelor of Technology (B.Tech.) in Computer Science and Engineering,second_year,5.69
STU006114,Bachelor of Technology (B.Tech.) in Computer Science and Engineering,second_year,6.24
STU006115,Bachelor of Technology (B.Tech.) in Computer Science and Engineering,second_year,8.19
STU006116,Bachelor of Technology (B.Tech.) in Computer Science and Engineering,second_year,7.43
STU006117,Bachelor of Technology (B.Tech.) in Computer Science and Engineering,second_year,6.52
STU006118,Bachelor of Technology (B.Tech.) in Computer Science and Engineering,second_year,5.57
STU006119,Bachelor of Technology (B.Tech.) in Computer Science and Engineering,second_year,5.4
STU006120,Bachelor of Technology (B.Tech.) in Computer Science and Engineering,second_year,7.38
STU006121,Bachelor of Technology (B.Tech.) in Computer Science and Engineering,second_year,9.62
STU006122,Bachelor of Technology (B.Tech.) in Computer Science and Engineering,second_year,8.02
STU006123,Bachelor of Technology (B.Tech.) in Computer Science and Engineering,second_year,8.98
STU006124,Bachelor of Technology (B.Tech.) in Computer Science and Engineering,second_year,8.1
STU006125,Bachelor of Technology (B.Tech.) in Computer Science and Engineering,second_year,6.74
STU006126,Bachelor of Technology (B.Tech.) in Computer Science and Engineering,second_year,6.55
STU006127,Bachelor of Technology (B.Tech.) in Computer Science and Engineering,second_year,8.74
STU006128,Bachelor of Technology (B.Tech.) in Computer Science and Engineering,second_year,9.14
STU006129,Bachelor of Technology (B.Tech.) in Computer Science and Engineering,second_year,6.55
STU006130,Bachelor of Technology (B.Tech.) in Computer Science and Engineering,second_year,8.21
STU006131,Bachelor of Technology (B.Tech.) in Computer Science and Engineering,second_year,7.48
STU006132,Bachelor of Technology (B.Tech.) in Computer Science and Engineering,second_year,7.45
STU006133,Bachelor of Technology (B.Tech.) in Computer Science and Engineering,second_year,7.19
STU006134,Bachelor of Technology (B.Tech.) in Computer Science and Engineering,second_year,8.1
STU006135,Bachelor of Technology (B.Tech.) in Computer Science and Engineering,second_year,7.93
STU006136,Bachelor of Technology (B.Tech.) in Computer Science and Engineering,second_year,8.48
STU006137,Bachelor of Technology (B.Tech.) in Computer Science and Engineering,second_year,7.86
STU006138,Bachelor of Technology (B.Tech.) in Computer Science and Engineering,second_year,8.05
STU006139,Bachelor of Technology (B.Tech.) in Computer Science and Engineering,second_year,6.83
STU006140,Bachelor of Technology (B.Tech.) in Computer Science and Engineering,second_year,6.62
STU006141,Bachelor of Technology (B.Tech.) in Computer Science and Engineering,second_year,7.33
STU006142,Bachelor of Technology (B.Tech.) in Computer Science and Engineering,second_year,6.52
STU006143,Bachelor of Technology (B.Tech.) in Computer Science and Engineering,second_year,7.48
STU006144,Bachelor of Technology (B.Tech.) in Computer Science and Engineering,second_year,7.33
STU006145,Bachelor of Technology (B.Tech.) in Computer Science and Engineering,second_year,6.07
STU006146,Bachelor of Technology (B.Tech.) in Computer Science and Engineering,second_year,7.24
STU006147,Bachelor of Technology (B.Tech.) in Computer Science and Engineering,second_year,7.81
STU006148,Bachelor of Technology (B.Tech.) in Computer Science and Engineering,second_year,7.9
STU006149,Bachelor of Technology (B.Tech.) in Computer Science and Engineering,second_year,6.67
STU006150,Bachelor of Technology (B.Tech.) in Computer Science and Engineering,second_year,8.38
STU006151,Bachelor of Technology (B.Tech.) in Computer Science and Engineering,second_year,7.88
STU006152,Bachelor of Technology (B.Tech.) in Computer Science and Engineering,second_year,6.55
STU006153,Bachelor of Technology (B.Tech.) in Computer Science and Engineering,second_year,8.19
STU006154,Bachelor of Technology (B.Tech.) in Computer Science and Engineering,second_year,8.26
STU006155,Bachelor of Technology (B.Tech.) in Computer Science and Engineering,second_year,7.5
STU006156,Bachelor of Technology (B.Tech.) in Computer Science and Engineering,second_year,4.86
STU006157,Bachelor of Technology (B.Tech.) in Computer Science and Engineering,second_year,7.69
STU006158,Bachelor of Technology (B.Tech.) in Computer Science and Engineering,second_year,7.95
STU006159,Bachelor of Technology (B.Tech.) in Computer Science and Engineering,second_year,9.14
STU006160,Bachelor of Technology (B.Tech.) in Computer Science and Engineering,second_year,8.57
STU006161,Bachelor of Technology (B.Tech.) in Computer Science and Engineering,second_year,8.4
STU006162,Bachelor of Technology (B.Tech.) in Computer Science and Engineering,second_year,8.1
STU006163,Bachelor of Technology (B.Tech.) in Computer Science and Engineering,second_year,7.14
STU006164,Bachelor of Technology (B.Tech.) in Computer Science and Engineering,second_year,6.55
STU006165,Bachelor of Technology (B.Tech.) in Computer Science and Engineering,second_year,7.19
STU006166,Bachelor of Technology (B.Tech.) in Computer Science and Engineering,second_year,7.55
STU006167,Bachelor of Technology (B.Tech.) in Computer Science and Engineering,second_year,6.43
STU006168,Bachelor of Technology (B.Tech.) in Computer Science and Engineering,second_year,7.24
STU006169,Bachelor of Technology (B.Tech.) in Computer Science and Engineering,second_year,8.43
STU006170,Bachelor of Technology (B.Tech.) in Computer Science and Engineering,second_year,7.31
STU006171,Bachelor of Technology (B.Tech.) in Computer Science and Engineering,second_year,7.02
STU006172,Bachelor of Technology (B.Tech.) in Computer Science and Engineering,second_year,6.17
STU006173,Bachelor of Technology (B.Tech.) in Computer Science and Engineering,second_year,8.0
STU006174,Bachelor of Technology (B.Tech.) in Computer Science and Engineering,second_year,7.69
STU006175,Bachelor of Technology (B.Tech.) in Computer Science and Engineering,second_year,7.19
STU006176,Bachelor of Technology (B.Tech.) in Computer Science and Engineering,second_year,7.38
STU006177,Bachelor of Technology (B.Tech.) in Computer Science and Engineering,second_year,8.17
STU006178,Bachelor of Technology (B.Tech.) in Computer Science and Engineering,second_year,6.83
STU006179,Bachelor of Technology (B.Tech.) in Computer Science and Engineering,second_year,6.26
STU006180,Bachelor of Technology (B.Tech.) in Computer Science and Engineering,second_year,9.71
STU006181,Bachelor of Technology (B.Tech.) in Computer Science and Engineering,second_year,7.67
STU006182,Bachelor of Technology (B.Tech.) in Computer Science and Engineering,second_year,5.83
STU006183,Bachelor of Technology (B.Tech.) in Computer Science and Engineering,second_year,7.0
STU006184,Bachelor of Technology (B.Tech.) in Computer Science and Engineering,second_year,6.5
STU006185,Bachelor of Technology (B.Tech.) in Computer Science and Engineering,second_year,8.43
STU006186,Bachelor of Technology (B.Tech.) in Computer Science and Engineering,second_year,8.6
STU006187,Bachelor of Technology (B.Tech.) in Computer Science and Engineering,second_year,6.79
STU006188,Bachelor of Technology (B.Tech.) in Computer Science and Engineering,second_year,6.93
STU006189,Bachelor of Technology (B.Tech.) in Computer Science and Engineering,second_year,8.62
STU006190,Bachelor of Technology (B.Tech.) in Computer Science and Engineering,second_year,8.1
STU006191,Bachelor of Technology (B.Tech.) in Computer Science and Engineering,second_year,7.52
STU006192,Bachelor of Technology (B.Tech.) in Computer Science and Engineering,second_year,6.33
STU006193,Bachelor of Technology (B.Tech.) in Computer Science and Engineering,second_year,7.31
STU006194,Bachelor of Technology (B.Tech.) in Computer Science and Engineering,second_year,7.81
STU006195,Bachelor of Technology (B.Tech.) in Computer Science and Engineering,second_year,8.12
STU006196,Bachelor of Technology (B.Tech.) in Computer Science and Engineering,second_year,6.48
STU006197,Bachelor of Technology (B.Tech.) in Computer Science and Engineering,second_year,7.43
STU006198,Bachelor of Technology (B.Tech.) in Computer Science and Engineering,second_year,8.14
STU006199,Bachelor of Technology (B.Tech.) in Computer Science and Engineering,second_year,8.14
STU006200,Bachelor of Technology (B.Tech.) in Computer Science and Engineering,second_year,8.24
STU006201,Bachelor of Technology (B.Tech.) in Computer Science and Engineering,second_year,7.55
STU006202,Bachelor of Technology (B.Tech.) in Computer Science and Engineering,second_year,6.17
STU006203,Bachelor of Technology (B.Tech.) in Computer Science and Engineering,second_year,8.48
STU006204,Bachelor of Technology (B.Tech.) in Computer Science and Engineering,second_year,7.9
STU006205,Bachelor of Technology (B.Tech.) in Computer Science and Engineering,second_year,9.26
STU006206,Bachelor of Technology (B.Tech.) in Computer Science and Engineering,second_year,8.02
STU006207,Bachelor of Technology (B.Tech.) in Computer Science and Engineering,second_year,7.0
STU006208,Bachelor of Technology (B.Tech.) in Computer Science and Engineering,second_year,7.64
STU006209,Bachelor of Technology (B.Tech.) in Computer Science and Engineering,second_year,6.05
STU006210,Bachelor of Technology (B.Tech.) in Computer Science and Engineering,second_year,7.62
STU006211,Bachelor of Technology (B.Tech.) in Computer Science and Engineering,second_year,9.19
STU006212,Bachelor of Technology (B.Tech.) in Computer Science and Engineering,second_year,8.07
STU006213,Bachelor of Technology (B.Tech.) in Computer Science and Engineering,second_year,6.02
STU006214,Bachelor of Technology (B.Tech.) in Computer Science and Engineering,second_year,6.17
STU006215,Bachelor of Technology (B.Tech.) in Computer Science and Engineering,second_year,4.9
STU006216,Bachelor of Technology (B.Tech.) in Computer Science and Engineering,second_year,6.83
STU006217,Bachelor of Technology (B.Tech.) in Computer Science and Engineering,second_year,8.14
STU006218,Bachelor of Technology (B.Tech.) in Computer Science and Engineering,second_year,8.74
STU006219,Bachelor of Technology (B.Tech.) in Computer Science and Engineering,second_year,7.67
STU006220,Bachelor of Technology (B.Tech.) in Computer Science and Engineering,second_year,7.55
STU006221,Bachelor of Technology (B.Tech.) in Computer Science and Engineering,second_year,7.69
STU006222,Bachelor of Technology (B.Tech.) in Computer Science and Engineering,second_year,7.14
STU006223,Bachelor of Technology (B.Tech.) in Computer Science and Engineering,second_year,7.45
STU006224,Bachelor of Technology (B.Tech.) in Computer Science and Engineering,second_year,6.4
STU006225,Bachelor of Technology (B.Tech.) in Computer Science and Engineering,second_year,7.24
STU006226,Bachelor of Technology (B.Tech.) in Computer Science and Engineering,second_year,6.29
STU006227,Bachelor of Technology (B.Tech.) in Computer Science and Engineering,second_year,5.64
STU006228,Bachelor of Technology (B.Tech.) in Computer Science and Engineering,second_year,7.05
STU006229,Bachelor of Technology (B.Tech.) in Computer Science and Engineering,second_year,8.48
STU006230,Bachelor of Technology (B.Tech.) in Computer Science and Engineering,second_year,7.62
STU006231,Bachelor of Technology (B.Tech.) in Computer Science and Engineering,second_year,8.4
STU006232,Bachelor of Technology (B.Tech.) in Computer Science and Engineering,second_year,7.26
STU006233,Bachelor of Technology (B.Tech.) in Computer Science and Engineering,second_year,7.48
STU006234,Bachelor of Technology (B.Tech.) in Computer Science and Engineering,second_year,8.55
STU006235,Bachelor of Technology (B.Tech.) in Computer Science and Engineering,second_year,7.1
STU006236,Bachelor of Technology (B.Tech.) in Computer Science and Engineering,second_year,7.71
STU006237,Bachelor of Technology (B.Tech.) in Computer Science and Engineering,second_year,7.43
STU006238,Bachelor of Technology (B.Tech.) in Computer Science and Engineering,second_year,7.45
STU006239,Bachelor of Technology (B.Tech.) in Computer Science and Engineering,second_year,6.55
STU006240,Bachelor of Technology (B.Tech.) in Computer Science and Engineering,second_year,8.26
STU006241,Bachelor of Technology (B.Tech.) in Computer Science and Engineering,second_year,6.67
STU006242,Bachelor of Technology (B.Tech.) in Computer Science and Engineering,second_year,7.5
STU006243,Bachelor of Technology (B.Tech.) in Computer Science and Engineering,second_year,6.38
STU006244,Bachelor of Technology (B.Tech.) in Computer Science and Engineering,second_year,7.19
STU006245,Bachelor of Technology (B.Tech.) in Computer Science and Engineering,second_year,7.55
STU006246,Bachelor of Technology (B.Tech.) in Computer Science and Engineering,second_year,7.07
STU006247,Bachelor of Technology (B.Tech.) in Computer Science and Engineering,second_year,7.19
STU006248,Bachelor of Technology (B.Tech.) in Computer Science and Engineering,second_year,5.57
STU006249,Bachelor of Technology (B.Tech.) in Computer Science and Engineering,second_year,6.83
STU006250,Bachelor of Technology (B.Tech.) in Computer Science and Engineering,second_year,6.93
STU006251,Bachelor of Technology (B.Tech.) in Computer Science and Engineering,second_year,5.86
STU006252,Bachelor of Technology (B.Tech.) in Computer Science and Engineering,second_year,6.86
STU006253,Bachelor of Technology (B.Tech.) in Computer Science and Engineering,second_year,6.4
STU006254,Bachelor of Technology (B.Tech.) in Computer Science and Engineering,second_year,8.81
STU006255,Bachelor of Technology (B.Tech.) in Computer Science and Engineering,second_year,8.64
STU006256,Bachelor of Technology (B.Tech.) in Computer Science and Engineering,second_year,7.9
STU006257,Bachelor of Technology (B.Tech.) in Computer Science and Engineering,second_year,8.69
STU006258,Bachelor of Technology (B.Tech.) in Computer Science and Engineering,second_year,8.62
STU006259,Bachelor of Technology (B.Tech.) in Computer Science and Engineering,second_year,7.64
STU006260,Bachelor of Technology (B.Tech.) in Computer Science and Engineering,second_year,7.57
STU006261,Bachelor of Technology (B.Tech.) in Computer Science and Engineering,second_year,8.69
STU006262,Bachelor of Technology (B.Tech.) in Computer Science and Engineering,second_year,7.55
STU006263,Bachelor of Technology (B.Tech.) in Computer Science and Engineering,second_year,7.48
STU006264,Bachelor of Technology (B.Tech.) in Computer Science and Engineering,second_year,8.1
STU006265,Bachelor of Technology (B.Tech.) in Computer Science and Engineering,second_year,6.64
STU006266,Bachelor of Technology (B.Tech.) in Computer Science and Engineering,second_year,7.76
STU006267,Bachelor of Technology (B.Tech.) in Computer Science and Engineering,second_year,8.56
STU006268,Bachelor of Technology (B.Tech.) in Computer Science and Engineering,second_year,7.02
STU006269,Bachelor of Technology (B.Tech.) in Computer Science and Engineering,second_year,6.47
STU006270,Bachelor of Technology (B.Tech.) in Computer Science and Engineering,second_year,5.36
STU006271,Bachelor of Technology (B.Tech.) in Computer Science and Engineering,second_year,6.14
STU006272,Bachelor of Technology (B.Tech.) in Computer Science and Engineering,second_year,7.95
STU006273,Bachelor of Technology (B.Tech.) in Computer Science and Engineering,second_year,5.67
STU006274,Bachelor of Technology (B.Tech.) in Computer Science and Engineering,second_year,7.05
STU006275,Bachelor of Technology (B.Tech.) in Computer Science and Engineering,second_year,8.37
STU006276,Bachelor of Technology (B.Tech.) in Computer Science and Engineering,second_year,7.33
STU006277,Bachelor of Technology (B.Tech.) in Computer Science and Engineering,second_year,7.81
STU006278,Bachelor of Technology (B.Tech.) in Computer Science and Engineering,second_year,7.83
STU006279,Bachelor of Technology (B.Tech.) in Computer Science and Engineering,second_year,6.38
STU006280,Bachelor of Technology (B.Tech.) in Computer Science and Engineering,second_year,6.67
STU006281,Bachelor of Technology (B.Tech.) in Computer Science and Engineering,second_year,8.26
STU006282,Bachelor of Technology (B.Tech.) in Computer Science and Engineering,second_year,4.28
STU006283,Bachelor of Technology (B.Tech.) in Computer Science and Engineering,second_year,8.12
STU006284,Bachelor of Technology (B.Tech.) in Computer Science and Engineering,second_year,7.37
STU006285,Bachelor of Technology (B.Tech.) in Computer Science and Engineering,second_year,7.42
STU006286,Bachelor of Technology (B.Tech.) in Computer Science and Engineering,second_year,7.28
STU006287,Bachelor of Technology (B.Tech.) in Computer Science and Engineering,second_year,7.51
STU006288,Bachelor of Technology (B.Tech.) in Computer Science and Engineering,second_year,6.28
STU006289,Bachelor of Technology (B.Tech.) in Computer Science and Engineering,second_year,8.02
STU006290,Bachelor of Technology (B.Tech.) in Computer Science and Engineering,second_year,8.49
STU006291,Bachelor of Technology (B.Tech.) in Computer Science and Engineering,second_year,8.58
STU006292,Bachelor of Technology (B.Tech.) in Computer Science and Engineering,second_year,7.58
STU006293,Bachelor of Technology (B.Tech.) in Computer Science and Engineering,second_year,7.77
STU006294,Bachelor of Technology (B.Tech.) in Computer Science and Engineering,second_year,7.72
STU006295,Bachelor of Technology (B.Tech.) in Computer Science and Engineering,second_year,7.6
STU006296,Bachelor of Technology (B.Tech.) in Computer Science and Engineering,second_year,7.91
STU006297,Bachelor of Technology (B.Tech.) in Computer Science and Engineering,second_year,9.37
STU006298,Bachelor of Technology (B.Tech.) in Computer Science and Engineering,second_year,7.37
STU006299,Bachelor of Technology (B.Tech.) in Computer Science and Engineering,second_year,6.74
STU006300,Bachelor of Technology (B.Tech.) in Computer Science and Engineering,second_year,6.42
STU006301,Bachelor of Technology (B.Tech.) in Computer Science and Engineering,second_year,7.09
STU006302,Bachelor of Technology (B.Tech.) in Computer Science and Engineering,second_year,7.19
STU006303,Bachelor of Technology (B.Tech.) in Computer Science and Engineering,second_year,7.12
STU006304,Bachelor of Technology (B.Tech.) in Computer Science and Engineering,second_year,8.21
STU006305,Bachelor of Technology (B.Tech.) in Computer Science and Engineering,second_year,7.02
STU006306,Bachelor of Technology (B.Tech.) in Computer Science and Engineering,second_year,7.4
STU006307,Bachelor of Technology (B.Tech.) in Computer Science and Engineering,second_year,7.53
STU006308,Bachelor of Technology (B.Tech.) in Computer Science and Engineering,second_year,8.72
STU006309,Bachelor of Technology (B.Tech.) in Computer Science and Engineering,second_year,5.95
STU006310,Bachelor of Technology (B.Tech.) in Computer Science and Engineering,second_year,6.86
STU006311,Bachelor of Technology (B.Tech.) in Computer Science and Engineering,second_year,8.91
STU006312,Bachelor of Technology (B.Tech.) in Computer Science and Engineering,second_year,8.49
STU006313,Bachelor of Technology (B.Tech.) in Computer Science and Engineering,second_year,7.67
STU006314,Bachelor of Technology (B.Tech.) in Computer Science and Engineering,second_year,7.26
STU006315,Bachelor of Technology (B.Tech.) in Computer Science and Engineering,second_year,8.81
STU006316,Bachelor of Technology (B.Tech.) in Computer Science and Engineering,second_year,5.14
STU006317,Bachelor of Technology (B.Tech.) in Computer Science and Engineering,second_year,8.05
STU006318,Bachelor of Technology (B.Tech.) in Computer Science and Engineering,second_year,7.42
STU006319,Bachelor of Technology (B.Tech.) in Computer Science and Engineering,second_year,7.44
STU006320,Bachelor of Technology (B.Tech.) in Computer Science and Engineering,second_year,6.77
STU006321,Bachelor of Technology (B.Tech.) in Computer Science and Engineering,second_year,8.14
STU006322,Bachelor of Technology (B.Tech.) in Computer Science and Engineering,second_year,8.37
STU006323,Bachelor of Technology (B.Tech.) in Computer Science and Engineering,second_year,6.12
STU006324,Bachelor of Technology (B.Tech.) in Computer Science and Engineering,second_year,6.86
STU006325,Bachelor of Technology (B.Tech.) in Computer Science and Engineering,second_year,7.95
STU006326,Bachelor of Technology (B.Tech.) in Computer Science and Engineering,second_year,7.65
STU006327,Bachelor of Technology (B.Tech.) in Computer Science and Engineering,second_year,7.16
STU006328,Bachelor of Technology (B.Tech.) in Computer Science and Engineering,second_year,8.63
STU006329,Bachelor of Technology (B.Tech.) in Computer Science and Engineering,second_year,7.35
STU006330,Bachelor of Technology (B.Tech.) in Computer Science and Engineering,second_year,0.0
STU006331,Bachelor of Technology (B.Tech.) in Computer Science and Engineering,second_year,8.86
STU006332,Bachelor of Technology (B.Tech.) in Computer Science and Engineering,second_year,8.88
STU006333,Bachelor of Technology (B.Tech.) in Computer Science and Engineering,second_year,8.62
STU006334,Bachelor of Technology (B.Tech.) in Computer Science and Engineering,second_year,9.36
STU006335,Bachelor of Technology (B.Tech.) in Computer Science and Engineering,second_year,8.88
STU006336,Bachelor of Technology (B.Tech.) in Computer Science and Engineering,second_year,9.64
STU006337,Bachelor of Technology (B.Tech.) in Computer Science and Engineering,second_year,9.1
STU006338,Bachelor of Technology (B.Tech.) in Computer Science and Engineering,second_year,9.29
STU006339,Bachelor of Technology (B.Tech.) in Computer Science and Engineering,second_year,8.93
STU006340,Bachelor of Technology (B.Tech.) in Computer Science and Engineering,second_year,8.76
STU006341,Bachelor of Technology (B.Tech.) in Computer Science and Engineering,second_year,9.57
STU006342,Bachelor of Technology (B.Tech.) in Computer Science and Engineering,second_year,8.83
STU007555,Bachelor of Technology (B.Tech.) in Cyber Physical Systems,second_year,8.55
STU007556,Bachelor of Technology (B.Tech.) in Cyber Physical Systems,second_year,5.74
STU007557,Bachelor of Technology (B.Tech.) in Cyber Physical Systems,second_year,5.48
STU007558,Bachelor of Technology (B.Tech.) in Cyber Physical Systems,second_year,4.1
STU007559,Bachelor of Technology (B.Tech.) in Cyber Physical Systems,second_year,6.95
STU007560,Bachelor of Technology (B.Tech.) in Cyber Physical Systems,second_year,7.93
STU007561,Bachelor of Technology (B.Tech.) in Cyber Physical Systems,second_year,8.6
STU007562,Bachelor of Technology (B.Tech.) in Cyber Physical Systems,second_year,6.86
STU007563,Bachelor of Technology (B.Tech.) in Cyber Physical Systems,second_year,7.38
STU007564,Bachelor of Technology (B.Tech.) in Cyber Physical Systems,second_year,7.57
STU007565,Bachelor of Technology (B.Tech.) in Cyber Physical Systems,second_year,6.17
STU007566,Bachelor of Technology (B.Tech.) in Cyber Physical Systems,second_year,3.9
STU007567,Bachelor of Technology (B.Tech.) in Cyber Physical Systems,second_year,6.36
STU007568,Bachelor of Technology (B.Tech.) in Cyber Physical Systems,second_year,7.79
STU007569,Bachelor of Technology (B.Tech.) in Cyber Physical Systems,second_year,7.29
STU007570,Bachelor of Technology (B.Tech.) in Cyber Physical Systems,second_year,7.31
STU007571,Bachelor of Technology (B.Tech.) in Cyber Physical Systems,second_year,7.6
STU007572,Bachelor of Technology (B.Tech.) in Cyber Physical Systems,second_year,6.57
STU007573,Bachelor of Technology (B.Tech.) in Cyber Physical Systems,second_year,7.71
STU007574,Bachelor of Technology (B.Tech.) in Cyber Physical Systems,second_year,7.33
STU007575,Bachelor of Technology (B.Tech.) in Cyber Physical Systems,second_year,7.83
STU007576,Bachelor of Technology (B.Tech.) in Cyber Physical Systems,second_year,6.6
STU007577,Bachelor of Technology (B.Tech.) in Cyber Physical Systems,second_year,8.19
STU007578,Bachelor of Technology (B.Tech.) in Cyber Physical Systems,second_year,5.24
STU007579,Bachelor of Technology (B.Tech.) in Cyber Physical Systems,second_year,7.31
STU007580,Bachelor of Technology (B.Tech.) in Cyber Physical Systems,second_year,5.74
STU007581,Bachelor of Technology (B.Tech.) in Cyber Physical Systems,second_year,7.12
STU007582,Bachelor of Technology (B.Tech.) in Cyber Physical Systems,second_year,7.02
STU007583,Bachelor of Technology (B.Tech.) in Cyber Physical Systems,second_year,5.69
STU007584,Bachelor of Technology (B.Tech.) in Cyber Physical Systems,second_year,7.88
STU007585,Bachelor of Technology (B.Tech.) in Cyber Physical Systems,second_year,6.62
STU007586,Bachelor of Technology (B.Tech.) in Cyber Physical Systems,second_year,9.21
STU007587,Bachelor of Technology (B.Tech.) in Cyber Physical Systems,second_year,7.95
STU007588,Bachelor of Technology (B.Tech.) in Cyber Physical Systems,second_year,7.45
STU007589,Bachelor of Technology (B.Tech.) in Cyber Physical Systems,second_year,6.76
STU007590,Bachelor of Technology (B.Tech.) in Cyber Physical Systems,second_year,7.83
STU007591,Bachelor of Technology (B.Tech.) in Cyber Physical Systems,second_year,7.6
STU007592,Bachelor of Technology (B.Tech.) in Cyber Physical Systems,second_year,7.6
STU007593,Bachelor of Technology (B.Tech.) in Cyber Physical Systems,second_year,7.79
STU007594,Bachelor of Technology (B.Tech.) in Cyber Physical Systems,second_year,7.02
STU007595,Bachelor of Technology (B.Tech.) in Cyber Physical Systems,second_year,7.6
STU007596,Bachelor of Technology (B.Tech.) in Cyber Physical Systems,second_year,6.02
STU007597,Bachelor of Technology (B.Tech.) in Cyber Physical Systems,second_year,7.12
STU007598,Bachelor of Technology (B.Tech.) in Cyber Physical Systems,second_year,6.79
STU007599,Bachelor of Technology (B.Tech.) in Cyber Physical Systems,second_year,6.31
STU007600,Bachelor of Technology (B.Tech.) in Cyber Physical Systems,second_year,6.98
STU007601,Bachelor of Technology (B.Tech.) in Cyber Physical Systems,second_year,7.74
STU007602,Bachelor of Technology (B.Tech.) in Cyber Physical Systems,second_year,7.98
STU007603,Bachelor of Technology (B.Tech.) in Cyber Physical Systems,second_year,7.69
STU007604,Bachelor of Technology (B.Tech.) in Cyber Physical Systems,second_year,7.05
STU007605,Bachelor of Technology (B.Tech.) in Cyber Physical Systems,second_year,7.12
STU007606,Bachelor of Technology (B.Tech.) in Cyber Physical Systems,second_year,3.79
STU007607,Bachelor of Technology (B.Tech.) in Cyber Physical Systems,second_year,4.69
STU007608,Bachelor of Technology (B.Tech.) in Cyber Physical Systems,second_year,6.05
STU007609,Bachelor of Technology (B.Tech.) in Cyber Physical Systems,second_year,6.29
STU007610,Bachelor of Technology (B.Tech.) in Cyber Physical Systems,second_year,7.93
STU007611,Bachelor of Technology (B.Tech.) in Cyber Physical Systems,second_year,7.74
STU007612,Bachelor of Technology (B.Tech.) in Cyber Physical Systems,second_year,7.95
STU007613,Bachelor of Technology (B.Tech.) in Cyber Physical Systems,second_year,6.83
STU007614,Bachelor of Technology (B.Tech.) in Cyber Physical Systems,second_year,7.57
STU007615,Bachelor of Technology (B.Tech.) in Cyber Physical Systems,second_year,5.45
STU007616,Bachelor of Technology (B.Tech.) in Cyber Physical Systems,second_year,6.67
STU007617,Bachelor of Technology (B.Tech.) in Cyber Physical Systems,second_year,5.45
STU007618,Bachelor of Technology (B.Tech.) in Cyber Physical Systems,second_year,6.81
STU007619,Bachelor of Technology (B.Tech.) in Cyber Physical Systems,second_year,6.98
STU007620,Bachelor of Technology (B.Tech.) in Cyber Physical Systems,second_year,7.21
STU007621,Bachelor of Technology (B.Tech.) in Cyber Physical Systems,second_year,8.1
STU007622,Bachelor of Technology (B.Tech.) in Cyber Physical Systems,second_year,7.95
STU007623,Bachelor of Technology (B.Tech.) in Cyber Physical Systems,second_year,9.19
STU007624,Bachelor of Technology (B.Tech.) in Cyber Physical Systems,second_year,7.86
STU007625,Bachelor of Technology (B.Tech.) in Cyber Physical Systems,second_year,9.52
STU007626,Bachelor of Technology (B.Tech.) in Cyber Physical Systems,second_year,8.79
STU007627,Bachelor of Technology (B.Tech.) in Cyber Physical Systems,second_year,8.0
STU007628,Bachelor of Technology (B.Tech.) in Cyber Physical Systems,second_year,8.1
STU007629,Bachelor of Technology (B.Tech.) in Cyber Physical Systems,second_year,8.76
STU007630,Bachelor of Technology (B.Tech.) in Cyber Physical Systems,second_year,8.43
STU007631,Bachelor of Technology (B.Tech.) in Cyber Physical Systems,second_year,7.38
STU007632,Bachelor of Technology (B.Tech.) in Cyber Physical Systems,second_year,7.55
STU007633,Bachelor of Technology (B.Tech.) in Cyber Physical Systems,second_year,8.6
STU007634,Bachelor of Technology (B.Tech.) in Cyber Physical Systems,second_year,6.83
STU007635,Bachelor of Technology (B.Tech.) in Cyber Physical Systems,second_year,6.57
STU007636,Bachelor of Technology (B.Tech.) in Cyber Physical Systems,second_year,7.05
STU007637,Bachelor of Technology (B.Tech.) in Cyber Physical Systems,second_year,6.1
STU007638,Bachelor of Technology (B.Tech.) in Cyber Physical Systems,second_year,5.83
STU007639,Bachelor of Technology (B.Tech.) in Cyber Physical Systems,second_year,6.71
STU007640,Bachelor of Technology (B.Tech.) in Cyber Physical Systems,second_year,8.36
STU007641,Bachelor of Technology (B.Tech.) in Cyber Physical Systems,second_year,7.31
STU007642,Bachelor of Technology (B.Tech.) in Cyber Physical Systems,second_year,6.9
STU007643,Bachelor of Technology (B.Tech.) in Cyber Physical Systems,second_year,7.76
STU007644,Bachelor of Technology (B.Tech.) in Cyber Physical Systems,second_year,8.38
STU007645,Bachelor of Technology (B.Tech.) in Cyber Physical Systems,second_year,6.38
STU007646,Bachelor of Technology (B.Tech.) in Cyber Physical Systems,second_year,7.71
STU007647,Bachelor of Technology (B.Tech.) in Cyber Physical Systems,second_year,7.45
STU007648,Bachelor of Technology (B.Tech.) in Cyber Physical Systems,second_year,7.74
STU007649,Bachelor of Technology (B.Tech.) in Cyber Physical Systems,second_year,6.1
STU007650,Bachelor of Technology (B.Tech.) in Cyber Physical Systems,second_year,6.36
STU007651,Bachelor of Technology (B.Tech.) in Cyber Physical Systems,second_year,7.19
STU007652,Bachelor of Technology (B.Tech.) in Cyber Physical Systems,second_year,6.52
STU007653,Bachelor of Technology (B.Tech.) in Cyber Physical Systems,second_year,6.52
STU007654,Bachelor of Technology (B.Tech.) in Cyber Physical Systems,second_year,4.57
STU007655,Bachelor of Technology (B.Tech.) in Cyber Physical Systems,second_year,6.95
STU007656,Bachelor of Technology (B.Tech.) in Cyber Physical Systems,second_year,5.55
STU007657,Bachelor of Technology (B.Tech.) in Cyber Physical Systems,second_year,6.48
STU007658,Bachelor of Technology (B.Tech.) in Cyber Physical Systems,second_year,3.12
STU007659,Bachelor of Technology (B.Tech.) in Cyber Physical Systems,second_year,7.1
STU007660,Bachelor of Technology (B.Tech.) in Cyber Physical Systems,second_year,7.52
STU007661,Bachelor of Technology (B.Tech.) in Cyber Physical Systems,second_year,6.45
STU007662,Bachelor of Technology (B.Tech.) in Cyber Physical Systems,second_year,6.71
STU007663,Bachelor of Technology (B.Tech.) in Cyber Physical Systems,second_year,7.88
STU007664,Bachelor of Technology (B.Tech.) in Cyber Physical Systems,second_year,6.33
STU007665,Bachelor of Technology (B.Tech.) in Cyber Physical Systems,second_year,6.05
STU007666,Bachelor of Technology (B.Tech.) in Cyber Physical Systems,second_year,5.14
STU007667,Bachelor of Technology (B.Tech.) in Cyber Physical Systems,second_year,6.93
STU007668,Bachelor of Technology (B.Tech.) in Cyber Physical Systems,second_year,6.57
STU007669,Bachelor of Technology (B.Tech.) in Cyber Physical Systems,second_year,7.5
STU007670,Bachelor of Technology (B.Tech.) in Cyber Physical Systems,second_year,8.36
STU007671,Bachelor of Technology (B.Tech.) in Cyber Physical Systems,second_year,8.17
STU007672,Bachelor of Technology (B.Tech.) in Cyber Physical Systems,second_year,4.31
STU007673,Bachelor of Technology (B.Tech.) in Cyber Physical Systems,second_year,6.02
STU007674,Bachelor of Technology (B.Tech.) in Cyber Physical Systems,second_year,4.29
STU007675,Bachelor of Technology (B.Tech.) in Cyber Physical Systems,second_year,7.67
STU007676,Bachelor of Technology (B.Tech.) in Cyber Physical Systems,second_year,7.9
STU007677,Bachelor of Technology (B.Tech.) in Cyber Physical Systems,second_year,6.93
STU007678,Bachelor of Technology (B.Tech.) in Cyber Physical Systems,second_year,5.6
STU007679,Bachelor of Technology (B.Tech.) in Cyber Physical Systems,second_year,7.9
STU007680,Bachelor of Technology (B.Tech.) in Cyber Physical Systems,second_year,6.14
STU007681,Bachelor of Technology (B.Tech.) in Cyber Physical Systems,second_year,6.24
STU007682,Bachelor of Technology (B.Tech.) in Cyber Physical Systems,second_year,7.76
STU007683,Bachelor of Technology (B.Tech.) in Cyber Physical Systems,second_year,7.62
STU007684,Bachelor of Technology (B.Tech.) in Cyber Physical Systems,second_year,5.98
STU007685,Bachelor of Technology (B.Tech.) in Cyber Physical Systems,second_year,5.76
STU007686,Bachelor of Technology (B.Tech.) in Cyber Physical Systems,second_year,7.17
STU007687,Bachelor of Technology (B.Tech.) in Cyber Physical Systems,second_year,8.24
STU007688,Bachelor of Technology (B.Tech.) in Cyber Physical Systems,second_year,6.6
STU007689,Bachelor of Technology (B.Tech.) in Cyber Physical Systems,second_year,8.33
STU007690,Bachelor of Technology (B.Tech.) in Cyber Physical Systems,second_year,5.9
STU007691,Bachelor of Technology (B.Tech.) in Cyber Physical Systems,second_year,7.45
STU007692,Bachelor of Technology (B.Tech.) in Cyber Physical Systems,second_year,6.29
STU007693,Bachelor of Technology (B.Tech.) in Cyber Physical Systems,second_year,7.98
STU007694,Bachelor of Technology (B.Tech.) in Cyber Physical Systems,second_year,8.52
STU007695,Bachelor of Technology (B.Tech.) in Cyber Physical Systems,second_year,6.31
STU002928,Bachelor of Technology (B.Tech.) in Electrical and Electronics Engineering,second_year,9.4
STU002959,Bachelor of Technology (B.Tech.) in Electrical and Electronics Engineering,second_year,4.29
STU006343,Bachelor of Technology (B.Tech.) in Electrical and Electronics Engineering,second_year,6.57
STU006344,Bachelor of Technology (B.Tech.) in Electrical and Electronics Engineering,second_year,4.17
STU006345,Bachelor of Technology (B.Tech.) in Electrical and Electronics Engineering,second_year,7.64
STU006346,Bachelor of Technology (B.Tech.) in Electrical and Electronics Engineering,second_year,7.5
STU006347,Bachelor of Technology (B.Tech.) in Electrical and Electronics Engineering,second_year,6.79
STU006348,Bachelor of Technology (B.Tech.) in Electrical and Electronics Engineering,second_year,7.83
STU006349,Bachelor of Technology (B.Tech.) in Electrical and Electronics Engineering,second_year,5.71
STU006350,Bachelor of Technology (B.Tech.) in Electrical and Electronics Engineering,second_year,6.83
STU006351,Bachelor of Technology (B.Tech.) in Electrical and Electronics Engineering,second_year,6.95
STU006352,Bachelor of Technology (B.Tech.) in Electrical and Electronics Engineering,second_year,6.71
STU006353,Bachelor of Technology (B.Tech.) in Electrical and Electronics Engineering,second_year,7.4
STU006354,Bachelor of Technology (B.Tech.) in Electrical and Electronics Engineering,second_year,8.17
STU006355,Bachelor of Technology (B.Tech.) in Electrical and Electronics Engineering,second_year,8.05
STU006356,Bachelor of Technology (B.Tech.) in Electrical and Electronics Engineering,second_year,6.93
STU006357,Bachelor of Technology (B.Tech.) in Electrical and Electronics Engineering,second_year,7.14
STU006358,Bachelor of Technology (B.Tech.) in Electrical and Electronics Engineering,second_year,7.48
STU006359,Bachelor of Technology (B.Tech.) in Electrical and Electronics Engineering,second_year,7.52
STU006360,Bachelor of Technology (B.Tech.) in Electrical and Electronics Engineering,second_year,8.19
STU006361,Bachelor of Technology (B.Tech.) in Electrical and Electronics Engineering,second_year,9.02
STU006362,Bachelor of Technology (B.Tech.) in Electrical and Electronics Engineering,second_year,4.88
STU006363,Bachelor of Technology (B.Tech.) in Electrical and Electronics Engineering,second_year,6.1
STU006364,Bachelor of Technology (B.Tech.) in Electrical and Electronics Engineering,second_year,5.14
STU006365,Bachelor of Technology (B.Tech.) in Electrical and Electronics Engineering,second_year,7.98
STU006366,Bachelor of Technology (B.Tech.) in Electrical and Electronics Engineering,second_year,7.4
STU006367,Bachelor of Technology (B.Tech.) in Electrical and Electronics Engineering,second_year,6.86
STU006368,Bachelor of Technology (B.Tech.) in Electrical and Electronics Engineering,second_year,8.45
STU006369,Bachelor of Technology (B.Tech.) in Electrical and Electronics Engineering,second_year,7.81
STU006370,Bachelor of Technology (B.Tech.) in Electrical and Electronics Engineering,second_year,6.62
STU006371,Bachelor of Technology (B.Tech.) in Electrical and Electronics Engineering,second_year,7.69
STU006372,Bachelor of Technology (B.Tech.) in Electrical and Electronics Engineering,second_year,3.57
STU006373,Bachelor of Technology (B.Tech.) in Electrical and Electronics Engineering,second_year,7.33
STU006374,Bachelor of Technology (B.Tech.) in Electrical and Electronics Engineering,second_year,7.33
STU006375,Bachelor of Technology (B.Tech.) in Electrical and Electronics Engineering,second_year,7.19
STU006376,Bachelor of Technology (B.Tech.) in Electrical and Electronics Engineering,second_year,8.69
STU006377,Bachelor of Technology (B.Tech.) in Electrical and Electronics Engineering,second_year,3.98
STU006378,Bachelor of Technology (B.Tech.) in Electrical and Electronics Engineering,second_year,7.4
STU006379,Bachelor of Technology (B.Tech.) in Electrical and Electronics Engineering,second_year,7.69
STU006380,Bachelor of Technology (B.Tech.) in Electrical and Electronics Engineering,second_year,7.62
STU006381,Bachelor of Technology (B.Tech.) in Electrical and Electronics Engineering,second_year,8.36
STU006382,Bachelor of Technology (B.Tech.) in Electrical and Electronics Engineering,second_year,7.14
STU006383,Bachelor of Technology (B.Tech.) in Electrical and Electronics Engineering,second_year,6.05
STU006384,Bachelor of Technology (B.Tech.) in Electrical and Electronics Engineering,second_year,8.4
STU006385,Bachelor of Technology (B.Tech.) in Electrical and Electronics Engineering,second_year,4.62
STU006386,Bachelor of Technology (B.Tech.) in Electrical and Electronics Engineering,second_year,7.67
STU006387,Bachelor of Technology (B.Tech.) in Electrical and Electronics Engineering,second_year,6.79
STU006388,Bachelor of Technology (B.Tech.) in Electrical and Electronics Engineering,second_year,6.05
STU006389,Bachelor of Technology (B.Tech.) in Electrical and Electronics Engineering,second_year,6.33
STU006390,Bachelor of Technology (B.Tech.) in Electrical and Electronics Engineering,second_year,8.52
STU006391,Bachelor of Technology (B.Tech.) in Electrical and Electronics Engineering,second_year,7.83
STU006392,Bachelor of Technology (B.Tech.) in Electrical and Electronics Engineering,second_year,7.48
STU006393,Bachelor of Technology (B.Tech.) in Electrical and Electronics Engineering,second_year,6.83
STU006394,Bachelor of Technology (B.Tech.) in Electrical and Electronics Engineering,second_year,7.19
STU006395,Bachelor of Technology (B.Tech.) in Electrical and Electronics Engineering,second_year,5.81
STU006396,Bachelor of Technology (B.Tech.) in Electrical and Electronics Engineering,second_year,7.93
STU006397,Bachelor of Technology (B.Tech.) in Electrical and Electronics Engineering,second_year,6.74
STU006398,Bachelor of Technology (B.Tech.) in Electrical and Electronics Engineering,second_year,7.74
STU006399,Bachelor of Technology (B.Tech.) in Electrical and Electronics Engineering,second_year,7.93
STU006400,Bachelor of Technology (B.Tech.) in Electrical and Electronics Engineering,second_year,7.07
STU006401,Bachelor of Technology (B.Tech.) in Electrical and Electronics Engineering,second_year,7.19
STU006402,Bachelor of Technology (B.Tech.) in Electrical and Electronics Engineering,second_year,6.79
STU006403,Bachelor of Technology (B.Tech.) in Electrical and Electronics Engineering,second_year,8.48
STU006404,Bachelor of Technology (B.Tech.) in Electrical and Electronics Engineering,second_year,5.1
STU006405,Bachelor of Technology (B.Tech.) in Electrical and Electronics Engineering,second_year,7.24
STU006406,Bachelor of Technology (B.Tech.) in Electrical and Electronics Engineering,second_year,6.88
STU006407,Bachelor of Technology (B.Tech.) in Electrical and Electronics Engineering,second_year,8.74
STU006408,Bachelor of Technology (B.Tech.) in Electrical and Electronics Engineering,second_year,8.57
STU006409,Bachelor of Technology (B.Tech.) in Electrical and Electronics Engineering,second_year,6.95
STU006410,Bachelor of Technology (B.Tech.) in Electrical and Electronics Engineering,second_year,7.62
STU006411,Bachelor of Technology (B.Tech.) in Electrical and Electronics Engineering,second_year,7.26
STU006412,Bachelor of Technology (B.Tech.) in Electrical and Electronics Engineering,second_year,8.52
STU006413,Bachelor of Technology (B.Tech.) in Electrical and Electronics Engineering,second_year,6.88
STU006414,Bachelor of Technology (B.Tech.) in Electrical and Electronics Engineering,second_year,7.5
STU006415,Bachelor of Technology (B.Tech.) in Electrical and Electronics Engineering,second_year,6.38
STU006416,Bachelor of Technology (B.Tech.) in Electrical and Electronics Engineering,second_year,8.67
STU006417,Bachelor of Technology (B.Tech.) in Electrical and Electronics Engineering,second_year,6.81
STU006418,Bachelor of Technology (B.Tech.) in Electrical and Electronics Engineering,second_year,8.12
STU006419,Bachelor of Technology (B.Tech.) in Electrical and Electronics Engineering,second_year,6.62
STU006420,Bachelor of Technology (B.Tech.) in Electrical and Electronics Engineering,second_year,7.5
STU006421,Bachelor of Technology (B.Tech.) in Electrical and Electronics Engineering,second_year,7.38
STU006422,Bachelor of Technology (B.Tech.) in Electrical and Electronics Engineering,second_year,8.71
STU006423,Bachelor of Technology (B.Tech.) in Electrical and Electronics Engineering,second_year,8.21
STU006424,Bachelor of Technology (B.Tech.) in Electrical and Electronics Engineering,second_year,5.67
STU006425,Bachelor of Technology (B.Tech.) in Electrical and Electronics Engineering,second_year,8.29
STU006426,Bachelor of Technology (B.Tech.) in Electrical and Electronics Engineering,second_year,7.93
STU006427,Bachelor of Technology (B.Tech.) in Electrical and Electronics Engineering,second_year,8.26
STU006428,Bachelor of Technology (B.Tech.) in Electrical and Electronics Engineering,second_year,7.79
STU006429,Bachelor of Technology (B.Tech.) in Electrical and Electronics Engineering,second_year,8.02
STU006430,Bachelor of Technology (B.Tech.) in Electrical and Electronics Engineering,second_year,7.79
STU006431,Bachelor of Technology (B.Tech.) in Electrical and Electronics Engineering,second_year,6.4
STU006432,Bachelor of Technology (B.Tech.) in Electrical and Electronics Engineering,second_year,7.86
STU006433,Bachelor of Technology (B.Tech.) in Electrical and Electronics Engineering,second_year,7.93
STU006434,Bachelor of Technology (B.Tech.) in Electrical and Electronics Engineering,second_year,7.62
STU006435,Bachelor of Technology (B.Tech.) in Electrical and Electronics Engineering,second_year,6.81
STU006436,Bachelor of Technology (B.Tech.) in Electrical and Electronics Engineering,second_year,6.6
STU006437,Bachelor of Technology (B.Tech.) in Electrical and Electronics Engineering,second_year,6.76
STU006438,Bachelor of Technology (B.Tech.) in Electrical and Electronics Engineering,second_year,7.9
STU006439,Bachelor of Technology (B.Tech.) in Electrical and Electronics Engineering,second_year,7.86
STU006440,Bachelor of Technology (B.Tech.) in Electrical and Electronics Engineering,second_year,7.95
STU006441,Bachelor of Technology (B.Tech.) in Electrical and Electronics Engineering,second_year,7.93
STU006442,Bachelor of Technology (B.Tech.) in Electrical and Electronics Engineering,second_year,7.31
STU006443,Bachelor of Technology (B.Tech.) in Electrical and Electronics Engineering,second_year,8.07
STU006444,Bachelor of Technology (B.Tech.) in Electrical and Electronics Engineering,second_year,7.48
STU006445,Bachelor of Technology (B.Tech.) in Electrical and Electronics Engineering,second_year,7.55
STU006446,Bachelor of Technology (B.Tech.) in Electrical and Electronics Engineering,second_year,9.93
STU006447,Bachelor of Technology (B.Tech.) in Electrical and Electronics Engineering,second_year,8.95
STU006448,Bachelor of Technology (B.Tech.) in Electrical and Electronics Engineering,second_year,8.31
STU006449,Bachelor of Technology (B.Tech.) in Electrical and Electronics Engineering,second_year,7.4
STU006450,Bachelor of Technology (B.Tech.) in Electrical and Electronics Engineering,second_year,6.86
STU006451,Bachelor of Technology (B.Tech.) in Electrical and Electronics Engineering,second_year,7.52
STU006452,Bachelor of Technology (B.Tech.) in Electrical and Electronics Engineering,second_year,7.05
STU006453,Bachelor of Technology (B.Tech.) in Electrical and Electronics Engineering,second_year,8.88
STU006454,Bachelor of Technology (B.Tech.) in Electrical and Electronics Engineering,second_year,4.24
STU006455,Bachelor of Technology (B.Tech.) in Electrical and Electronics Engineering,second_year,6.6
STU006456,Bachelor of Technology (B.Tech.) in Electrical and Electronics Engineering,second_year,6.14
STU006457,Bachelor of Technology (B.Tech.) in Electrical and Electronics Engineering,second_year,6.62
STU006458,Bachelor of Technology (B.Tech.) in Electrical and Electronics Engineering,second_year,7.57
STU006459,Bachelor of Technology (B.Tech.) in Electrical and Electronics Engineering,second_year,7.9
STU006460,Bachelor of Technology (B.Tech.) in Electrical and Electronics Engineering,second_year,8.52
STU006461,Bachelor of Technology (B.Tech.) in Electrical and Electronics Engineering,second_year,7.86
STU006462,Bachelor of Technology (B.Tech.) in Electrical and Electronics Engineering,second_year,7.81
STU006463,Bachelor of Technology (B.Tech.) in Electrical and Electronics Engineering,second_year,6.86
STU006464,Bachelor of Technology (B.Tech.) in Electrical and Electronics Engineering,second_year,7.69
STU006465,Bachelor of Technology (B.Tech.) in Electrical and Electronics Engineering,second_year,7.57
STU006466,Bachelor of Technology (B.Tech.) in Electrical and Electronics Engineering,second_year,7.36
STU006467,Bachelor of Technology (B.Tech.) in Electrical and Electronics Engineering,second_year,7.74
STU006468,Bachelor of Technology (B.Tech.) in Electrical and Electronics Engineering,second_year,6.67
STU006469,Bachelor of Technology (B.Tech.) in Electrical and Electronics Engineering,second_year,6.07
STU006470,Bachelor of Technology (B.Tech.) in Electrical and Electronics Engineering,second_year,8.1
STU006471,Bachelor of Technology (B.Tech.) in Electrical and Electronics Engineering,second_year,7.6
STU006472,Bachelor of Technology (B.Tech.) in Electrical and Electronics Engineering,second_year,4.57
STU006473,Bachelor of Technology (B.Tech.) in Electrical and Electronics Engineering,second_year,6.31
STU006474,Bachelor of Technology (B.Tech.) in Electrical and Electronics Engineering,second_year,6.88
STU006475,Bachelor of Technology (B.Tech.) in Electrical and Electronics Engineering,second_year,7.62
STU006476,Bachelor of Technology (B.Tech.) in Electrical and Electronics Engineering,second_year,6.62
STU006477,Bachelor of Technology (B.Tech.) in Electrical and Electronics Engineering,second_year,4.55
STU006478,Bachelor of Technology (B.Tech.) in Electrical and Electronics Engineering,second_year,7.45
STU006479,Bachelor of Technology (B.Tech.) in Electrical and Electronics Engineering,second_year,6.6
STU006480,Bachelor of Technology (B.Tech.) in Electrical and Electronics Engineering,second_year,3.38
STU006481,Bachelor of Technology (B.Tech.) in Electrical and Electronics Engineering,second_year,6.57
STU006482,Bachelor of Technology (B.Tech.) in Electrical and Electronics Engineering,second_year,4.43
STU006483,Bachelor of Technology (B.Tech.) in Electrical and Electronics Engineering,second_year,6.86
STU006484,Bachelor of Technology (B.Tech.) in Electrical and Electronics Engineering,second_year,8.5
STU006485,Bachelor of Technology (B.Tech.) in Electrical and Electronics Engineering,second_year,6.26
STU006486,Bachelor of Technology (B.Tech.) in Electrical and Electronics Engineering,second_year,7.1
STU006487,Bachelor of Technology (B.Tech.) in Electrical and Electronics Engineering,second_year,6.29
STU006488,Bachelor of Technology (B.Tech.) in Electrical and Electronics Engineering,second_year,7.62
STU006489,Bachelor of Technology (B.Tech.) in Electrical and Electronics Engineering,second_year,6.76
STU006490,Bachelor of Technology (B.Tech.) in Electrical and Electronics Engineering,second_year,6.74
STU006491,Bachelor of Technology (B.Tech.) in Electrical and Electronics Engineering,second_year,4.48
STU006492,Bachelor of Technology (B.Tech.) in Electrical and Electronics Engineering,second_year,5.57
STU006493,Bachelor of Technology (B.Tech.) in Electrical and Electronics Engineering,second_year,5.19
STU006494,Bachelor of Technology (B.Tech.) in Electrical and Electronics Engineering,second_year,6.57
STU006495,Bachelor of Technology (B.Tech.) in Electrical and Electronics Engineering,second_year,3.93
STU006496,Bachelor of Technology (B.Tech.) in Electrical and Electronics Engineering,second_year,6.71
STU006497,Bachelor of Technology (B.Tech.) in Electrical and Electronics Engineering,second_year,6.88
STU006498,Bachelor of Technology (B.Tech.) in Electrical and Electronics Engineering,second_year,6.48
STU006499,Bachelor of Technology (B.Tech.) in Electrical and Electronics Engineering,second_year,5.9
STU006500,Bachelor of Technology (B.Tech.) in Electrical and Electronics Engineering,second_year,6.57
STU006501,Bachelor of Technology (B.Tech.) in Electrical and Electronics Engineering,second_year,7.48
STU006502,Bachelor of Technology (B.Tech.) in Electrical and Electronics Engineering,second_year,6.74
STU006503,Bachelor of Technology (B.Tech.) in Electrical and Electronics Engineering,second_year,7.43
STU006504,Bachelor of Technology (B.Tech.) in Electrical and Electronics Engineering,second_year,8.29
STU006505,Bachelor of Technology (B.Tech.) in Electrical and Electronics Engineering,second_year,7.0
STU006506,Bachelor of Technology (B.Tech.) in Electrical and Electronics Engineering,second_year,7.21
STU006507,Bachelor of Technology (B.Tech.) in Electrical and Electronics Engineering,second_year,5.98
STU006508,Bachelor of Technology (B.Tech.) in Electrical and Electronics Engineering,second_year,7.69
STU007482,Bachelor of Technology (B.Tech.) in Electronics Engineering (VLSI Design and Technology),second_year,6.19
STU007483,Bachelor of Technology (B.Tech.) in Electronics Engineering (VLSI Design and Technology),second_year,7.81
STU007484,Bachelor of Technology (B.Tech.) in Electronics Engineering (VLSI Design and Technology),second_year,5.38
STU007485,Bachelor of Technology (B.Tech.) in Electronics Engineering (VLSI Design and Technology),second_year,7.38
STU007486,Bachelor of Technology (B.Tech.) in Electronics Engineering (VLSI Design and Technology),second_year,8.79
STU007487,Bachelor of Technology (B.Tech.) in Electronics Engineering (VLSI Design and Technology),second_year,8.67
STU007488,Bachelor of Technology (B.Tech.) in Electronics Engineering (VLSI Design and Technology),second_year,8.1
STU007489,Bachelor of Technology (B.Tech.) in Electronics Engineering (VLSI Design and Technology),second_year,6.79
STU007490,Bachelor of Technology (B.Tech.) in Electronics Engineering (VLSI Design and Technology),second_year,8.21
STU007491,Bachelor of Technology (B.Tech.) in Electronics Engineering (VLSI Design and Technology),second_year,7.43
STU007492,Bachelor of Technology (B.Tech.) in Electronics Engineering (VLSI Design and Technology),second_year,8.21
STU007493,Bachelor of Technology (B.Tech.) in Electronics Engineering (VLSI Design and Technology),second_year,9.1
STU007494,Bachelor of Technology (B.Tech.) in Electronics Engineering (VLSI Design and Technology),second_year,7.55
STU007495,Bachelor of Technology (B.Tech.) in Electronics Engineering (VLSI Design and Technology),second_year,9.45
STU007496,Bachelor of Technology (B.Tech.) in Electronics Engineering (VLSI Design and Technology),second_year,8.81
STU007497,Bachelor of Technology (B.Tech.) in Electronics Engineering (VLSI Design and Technology),second_year,7.12
STU007498,Bachelor of Technology (B.Tech.) in Electronics Engineering (VLSI Design and Technology),second_year,6.6
STU007499,Bachelor of Technology (B.Tech.) in Electronics Engineering (VLSI Design and Technology),second_year,8.71
STU007500,Bachelor of Technology (B.Tech.) in Electronics Engineering (VLSI Design and Technology),second_year,7.1
STU007501,Bachelor of Technology (B.Tech.) in Electronics Engineering (VLSI Design and Technology),second_year,7.86
STU007502,Bachelor of Technology (B.Tech.) in Electronics Engineering (VLSI Design and Technology),second_year,5.98
STU007503,Bachelor of Technology (B.Tech.) in Electronics Engineering (VLSI Design and Technology),second_year,8.19
STU007504,Bachelor of Technology (B.Tech.) in Electronics Engineering (VLSI Design and Technology),second_year,6.38
STU007505,Bachelor of Technology (B.Tech.) in Electronics Engineering (VLSI Design and Technology),second_year,7.21
STU007506,Bachelor of Technology (B.Tech.) in Electronics Engineering (VLSI Design and Technology),second_year,7.19
STU007507,Bachelor of Technology (B.Tech.) in Electronics Engineering (VLSI Design and Technology),second_year,7.74
STU007508,Bachelor of Technology (B.Tech.) in Electronics Engineering (VLSI Design and Technology),second_year,7.74
STU007509,Bachelor of Technology (B.Tech.) in Electronics Engineering (VLSI Design and Technology),second_year,8.4
STU007510,Bachelor of Technology (B.Tech.) in Electronics Engineering (VLSI Design and Technology),second_year,5.67
STU007511,Bachelor of Technology (B.Tech.) in Electronics Engineering (VLSI Design and Technology),second_year,6.19
STU007512,Bachelor of Technology (B.Tech.) in Electronics Engineering (VLSI Design and Technology),second_year,8.38
STU007513,Bachelor of Technology (B.Tech.) in Electronics Engineering (VLSI Design and Technology),second_year,6.71
STU007514,Bachelor of Technology (B.Tech.) in Electronics Engineering (VLSI Design and Technology),second_year,7.31
STU007515,Bachelor of Technology (B.Tech.) in Electronics Engineering (VLSI Design and Technology),second_year,7.81
STU007516,Bachelor of Technology (B.Tech.) in Electronics Engineering (VLSI Design and Technology),second_year,6.36
STU007517,Bachelor of Technology (B.Tech.) in Electronics Engineering (VLSI Design and Technology),second_year,7.79
STU007518,Bachelor of Technology (B.Tech.) in Electronics Engineering (VLSI Design and Technology),second_year,6.64
STU007519,Bachelor of Technology (B.Tech.) in Electronics Engineering (VLSI Design and Technology),second_year,9.1
STU007520,Bachelor of Technology (B.Tech.) in Electronics Engineering (VLSI Design and Technology),second_year,7.02
STU007521,Bachelor of Technology (B.Tech.) in Electronics Engineering (VLSI Design and Technology),second_year,7.43
STU007522,Bachelor of Technology (B.Tech.) in Electronics Engineering (VLSI Design and Technology),second_year,8.6
STU007523,Bachelor of Technology (B.Tech.) in Electronics Engineering (VLSI Design and Technology),second_year,8.24
STU007524,Bachelor of Technology (B.Tech.) in Electronics Engineering (VLSI Design and Technology),second_year,8.62
STU007525,Bachelor of Technology (B.Tech.) in Electronics Engineering (VLSI Design and Technology),second_year,7.9
STU007526,Bachelor of Technology (B.Tech.) in Electronics Engineering (VLSI Design and Technology),second_year,6.64
STU007527,Bachelor of Technology (B.Tech.) in Electronics Engineering (VLSI Design and Technology),second_year,7.48
STU007528,Bachelor of Technology (B.Tech.) in Electronics Engineering (VLSI Design and Technology),second_year,7.95
STU007529,Bachelor of Technology (B.Tech.) in Electronics Engineering (VLSI Design and Technology),second_year,6.71
STU007530,Bachelor of Technology (B.Tech.) in Electronics Engineering (VLSI Design and Technology),second_year,7.14
STU007531,Bachelor of Technology (B.Tech.) in Electronics Engineering (VLSI Design and Technology),second_year,7.9
STU007532,Bachelor of Technology (B.Tech.) in Electronics Engineering (VLSI Design and Technology),second_year,8.31
STU007533,Bachelor of Technology (B.Tech.) in Electronics Engineering (VLSI Design and Technology),second_year,8.29
STU007534,Bachelor of Technology (B.Tech.) in Electronics Engineering (VLSI Design and Technology),second_year,7.88
STU007535,Bachelor of Technology (B.Tech.) in Electronics Engineering (VLSI Design and Technology),second_year,8.6
STU007536,Bachelor of Technology (B.Tech.) in Electronics Engineering (VLSI Design and Technology),second_year,7.71
STU007537,Bachelor of Technology (B.Tech.) in Electronics Engineering (VLSI Design and Technology),second_year,6.6
STU007538,Bachelor of Technology (B.Tech.) in Electronics Engineering (VLSI Design and Technology),second_year,8.64
STU007539,Bachelor of Technology (B.Tech.) in Electronics Engineering (VLSI Design and Technology),second_year,8.19
STU007540,Bachelor of Technology (B.Tech.) in Electronics Engineering (VLSI Design and Technology),second_year,8.33
STU007541,Bachelor of Technology (B.Tech.) in Electronics Engineering (VLSI Design and Technology),second_year,7.71
STU007542,Bachelor of Technology (B.Tech.) in Electronics Engineering (VLSI Design and Technology),second_year,6.98
STU007543,Bachelor of Technology (B.Tech.) in Electronics Engineering (VLSI Design and Technology),second_year,7.31
STU007544,Bachelor of Technology (B.Tech.) in Electronics Engineering (VLSI Design and Technology),second_year,6.86
STU007545,Bachelor of Technology (B.Tech.) in Electronics Engineering (VLSI Design and Technology),second_year,8.07
STU007546,Bachelor of Technology (B.Tech.) in Electronics Engineering (VLSI Design and Technology),second_year,7.07
STU007547,Bachelor of Technology (B.Tech.) in Electronics Engineering (VLSI Design and Technology),second_year,8.29
STU007548,Bachelor of Technology (B.Tech.) in Electronics Engineering (VLSI Design and Technology),second_year,8.45
STU007549,Bachelor of Technology (B.Tech.) in Electronics Engineering (VLSI Design and Technology),second_year,8.64
STU007550,Bachelor of Technology (B.Tech.) in Electronics Engineering (VLSI Design and Technology),second_year,8.17
STU007551,Bachelor of Technology (B.Tech.) in Electronics Engineering (VLSI Design and Technology),second_year,8.17
STU007552,Bachelor of Technology (B.Tech.) in Electronics Engineering (VLSI Design and Technology),second_year,8.81
STU007553,Bachelor of Technology (B.Tech.) in Electronics Engineering (VLSI Design and Technology),second_year,8.5
STU007554,Bachelor of Technology (B.Tech.) in Electronics Engineering (VLSI Design and Technology),second_year,8.17
STU006509,Bachelor of Technology (B.Tech.) in Electronics and Communication Engineering,second_year,8.6
STU006510,Bachelor of Technology (B.Tech.) in Electronics and Communication Engineering,second_year,5.79
STU006511,Bachelor of Technology (B.Tech.) in Electronics and Communication Engineering,second_year,5.14
STU006512,Bachelor of Technology (B.Tech.) in Electronics and Communication Engineering,second_year,7.31
STU006513,Bachelor of Technology (B.Tech.) in Electronics and Communication Engineering,second_year,4.81
STU006514,Bachelor of Technology (B.Tech.) in Electronics and Communication Engineering,second_year,8.14
STU006515,Bachelor of Technology (B.Tech.) in Electronics and Communication Engineering,second_year,7.62
STU006516,Bachelor of Technology (B.Tech.) in Electronics and Communication Engineering,second_year,8.48
STU006517,Bachelor of Technology (B.Tech.) in Electronics and Communication Engineering,second_year,9.74
STU006518,Bachelor of Technology (B.Tech.) in Electronics and Communication Engineering,second_year,7.43
STU006519,Bachelor of Technology (B.Tech.) in Electronics and Communication Engineering,second_year,4.79
STU006520,Bachelor of Technology (B.Tech.) in Electronics and Communication Engineering,second_year,7.62
STU006521,Bachelor of Technology (B.Tech.) in Electronics and Communication Engineering,second_year,9.9
STU006522,Bachelor of Technology (B.Tech.) in Electronics and Communication Engineering,second_year,6.05
STU006523,Bachelor of Technology (B.Tech.) in Electronics and Communication Engineering,second_year,9.29
STU006524,Bachelor of Technology (B.Tech.) in Electronics and Communication Engineering,second_year,6.6
STU006525,Bachelor of Technology (B.Tech.) in Electronics and Communication Engineering,second_year,8.24
STU006526,Bachelor of Technology (B.Tech.) in Electronics and Communication Engineering,second_year,4.0
STU006527,Bachelor of Technology (B.Tech.) in Electronics and Communication Engineering,second_year,6.55
STU006528,Bachelor of Technology (B.Tech.) in Electronics and Communication Engineering,second_year,7.55
STU006529,Bachelor of Technology (B.Tech.) in Electronics and Communication Engineering,second_year,8.05
STU006530,Bachelor of Technology (B.Tech.) in Electronics and Communication Engineering,second_year,7.14
STU006531,Bachelor of Technology (B.Tech.) in Electronics and Communication Engineering,second_year,7.43
STU006532,Bachelor of Technology (B.Tech.) in Electronics and Communication Engineering,second_year,8.88
STU006533,Bachelor of Technology (B.Tech.) in Electronics and Communication Engineering,second_year,5.62
STU006534,Bachelor of Technology (B.Tech.) in Electronics and Communication Engineering,second_year,9.29
STU006535,Bachelor of Technology (B.Tech.) in Electronics and Communication Engineering,second_year,8.55
STU006536,Bachelor of Technology (B.Tech.) in Electronics and Communication Engineering,second_year,8.9
STU006537,Bachelor of Technology (B.Tech.) in Electronics and Communication Engineering,second_year,8.67
STU006538,Bachelor of Technology (B.Tech.) in Electronics and Communication Engineering,second_year,8.29
STU006539,Bachelor of Technology (B.Tech.) in Electronics and Communication Engineering,second_year,7.81
STU006540,Bachelor of Technology (B.Tech.) in Electronics and Communication Engineering,second_year,9.29
STU006541,Bachelor of Technology (B.Tech.) in Electronics and Communication Engineering,second_year,7.43
STU006542,Bachelor of Technology (B.Tech.) in Electronics and Communication Engineering,second_year,6.19
STU006543,Bachelor of Technology (B.Tech.) in Electronics and Communication Engineering,second_year,8.14
STU006544,Bachelor of Technology (B.Tech.) in Electronics and Communication Engineering,second_year,7.55
STU006545,Bachelor of Technology (B.Tech.) in Electronics and Communication Engineering,second_year,7.38
STU006546,Bachelor of Technology (B.Tech.) in Electronics and Communication Engineering,second_year,9.07
STU006547,Bachelor of Technology (B.Tech.) in Electronics and Communication Engineering,second_year,7.86
STU006548,Bachelor of Technology (B.Tech.) in Electronics and Communication Engineering,second_year,8.81
STU006549,Bachelor of Technology (B.Tech.) in Electronics and Communication Engineering,second_year,9.31
STU006550,Bachelor of Technology (B.Tech.) in Electronics and Communication Engineering,second_year,9.29
STU006551,Bachelor of Technology (B.Tech.) in Electronics and Communication Engineering,second_year,8.69
STU006552,Bachelor of Technology (B.Tech.) in Electronics and Communication Engineering,second_year,7.93
STU006553,Bachelor of Technology (B.Tech.) in Electronics and Communication Engineering,second_year,8.33
STU006554,Bachelor of Technology (B.Tech.) in Electronics and Communication Engineering,second_year,8.76
STU006555,Bachelor of Technology (B.Tech.) in Electronics and Communication Engineering,second_year,8.74
STU006556,Bachelor of Technology (B.Tech.) in Electronics and Communication Engineering,second_year,7.88
STU006557,Bachelor of Technology (B.Tech.) in Electronics and Communication Engineering,second_year,8.33
STU006558,Bachelor of Technology (B.Tech.) in Electronics and Communication Engineering,second_year,6.45
STU006559,Bachelor of Technology (B.Tech.) in Electronics and Communication Engineering,second_year,9.1
STU006560,Bachelor of Technology (B.Tech.) in Electronics and Communication Engineering,second_year,8.86
STU006561,Bachelor of Technology (B.Tech.) in Electronics and Communication Engineering,second_year,8.31
STU006562,Bachelor of Technology (B.Tech.) in Electronics and Communication Engineering,second_year,8.76
STU006563,Bachelor of Technology (B.Tech.) in Electronics and Communication Engineering,second_year,7.29
STU006564,Bachelor of Technology (B.Tech.) in Electronics and Communication Engineering,second_year,8.31
STU006565,Bachelor of Technology (B.Tech.) in Electronics and Communication Engineering,second_year,8.38
STU006566,Bachelor of Technology (B.Tech.) in Electronics and Communication Engineering,second_year,9.33
STU006567,Bachelor of Technology (B.Tech.) in Electronics and Communication Engineering,second_year,9.86
STU006568,Bachelor of Technology (B.Tech.) in Electronics and Communication Engineering,second_year,9.1
STU006569,Bachelor of Technology (B.Tech.) in Electronics and Communication Engineering,second_year,7.76
STU006570,Bachelor of Technology (B.Tech.) in Electronics and Communication Engineering,second_year,9.02
STU006571,Bachelor of Technology (B.Tech.) in Electronics and Communication Engineering,second_year,9.1
STU006572,Bachelor of Technology (B.Tech.) in Electronics and Communication Engineering,second_year,8.86
STU006573,Bachelor of Technology (B.Tech.) in Electronics and Communication Engineering,second_year,9.48
STU006574,Bachelor of Technology (B.Tech.) in Electronics and Communication Engineering,second_year,8.76
STU006575,Bachelor of Technology (B.Tech.) in Electronics and Communication Engineering,second_year,8.55
STU006576,Bachelor of Technology (B.Tech.) in Electronics and Communication Engineering,second_year,7.67
STU006577,Bachelor of Technology (B.Tech.) in Electronics and Communication Engineering,second_year,8.64
STU006578,Bachelor of Technology (B.Tech.) in Electronics and Communication Engineering,second_year,7.4
STU006579,Bachelor of Technology (B.Tech.) in Electronics and Communication Engineering,second_year,8.62
STU006580,Bachelor of Technology (B.Tech.) in Electronics and Communication Engineering,second_year,7.12
STU006581,Bachelor of Technology (B.Tech.) in Electronics and Communication Engineering,second_year,8.45
STU006582,Bachelor of Technology (B.Tech.) in Electronics and Communication Engineering,second_year,8.5
STU006583,Bachelor of Technology (B.Tech.) in Electronics and Communication Engineering,second_year,8.95
STU006584,Bachelor of Technology (B.Tech.) in Electronics and Communication Engineering,second_year,7.6
STU006585,Bachelor of Technology (B.Tech.) in Electronics and Communication Engineering,second_year,9.17
STU006586,Bachelor of Technology (B.Tech.) in Electronics and Communication Engineering,second_year,8.4
STU006587,Bachelor of Technology (B.Tech.) in Electronics and Communication Engineering,second_year,8.5
STU006588,Bachelor of Technology (B.Tech.) in Electronics and Communication Engineering,second_year,8.88
STU006589,Bachelor of Technology (B.Tech.) in Electronics and Communication Engineering,second_year,8.67
STU006590,Bachelor of Technology (B.Tech.) in Electronics and Communication Engineering,second_year,8.64
STU006591,Bachelor of Technology (B.Tech.) in Electronics and Communication Engineering,second_year,5.33
STU006592,Bachelor of Technology (B.Tech.) in Electronics and Communication Engineering,second_year,9.76
STU006593,Bachelor of Technology (B.Tech.) in Electronics and Communication Engineering,second_year,8.33
STU006594,Bachelor of Technology (B.Tech.) in Electronics and Communication Engineering,second_year,9.26
STU006595,Bachelor of Technology (B.Tech.) in Electronics and Communication Engineering,second_year,8.88
STU006596,Bachelor of Technology (B.Tech.) in Electronics and Communication Engineering,second_year,8.74
STU006597,Bachelor of Technology (B.Tech.) in Electronics and Communication Engineering,second_year,8.02
STU006598,Bachelor of Technology (B.Tech.) in Electronics and Communication Engineering,second_year,8.4
STU006599,Bachelor of Technology (B.Tech.) in Electronics and Communication Engineering,second_year,10.0
STU006600,Bachelor of Technology (B.Tech.) in Electronics and Communication Engineering,second_year,8.1
STU006601,Bachelor of Technology (B.Tech.) in Electronics and Communication Engineering,second_year,7.45
STU006602,Bachelor of Technology (B.Tech.) in Electronics and Communication Engineering,second_year,8.67
STU006603,Bachelor of Technology (B.Tech.) in Electronics and Communication Engineering,second_year,6.74
STU006604,Bachelor of Technology (B.Tech.) in Electronics and Communication Engineering,second_year,7.83
STU006605,Bachelor of Technology (B.Tech.) in Electronics and Communication Engineering,second_year,8.64
STU006606,Bachelor of Technology (B.Tech.) in Electronics and Communication Engineering,second_year,8.62
STU006607,Bachelor of Technology (B.Tech.) in Electronics and Communication Engineering,second_year,8.57
STU006608,Bachelor of Technology (B.Tech.) in Electronics and Communication Engineering,second_year,8.07
STU006609,Bachelor of Technology (B.Tech.) in Electronics and Communication Engineering,second_year,9.05
STU006610,Bachelor of Technology (B.Tech.) in Electronics and Communication Engineering,second_year,9.0
STU006611,Bachelor of Technology (B.Tech.) in Electronics and Communication Engineering,second_year,7.62
STU006612,Bachelor of Technology (B.Tech.) in Electronics and Communication Engineering,second_year,7.12
STU006613,Bachelor of Technology (B.Tech.) in Electronics and Communication Engineering,second_year,8.19
STU006614,Bachelor of Technology (B.Tech.) in Electronics and Communication Engineering,second_year,8.64
STU006615,Bachelor of Technology (B.Tech.) in Electronics and Communication Engineering,second_year,9.14
STU006616,Bachelor of Technology (B.Tech.) in Electronics and Communication Engineering,second_year,8.9
STU006617,Bachelor of Technology (B.Tech.) in Electronics and Communication Engineering,second_year,8.55
STU006618,Bachelor of Technology (B.Tech.) in Electronics and Communication Engineering,second_year,8.07
STU006619,Bachelor of Technology (B.Tech.) in Electronics and Communication Engineering,second_year,8.0
STU006620,Bachelor of Technology (B.Tech.) in Electronics and Communication Engineering,second_year,9.17
STU006621,Bachelor of Technology (B.Tech.) in Electronics and Communication Engineering,second_year,7.67
STU006622,Bachelor of Technology (B.Tech.) in Electronics and Communication Engineering,second_year,5.17
STU006623,Bachelor of Technology (B.Tech.) in Electronics and Communication Engineering,second_year,8.79
STU006624,Bachelor of Technology (B.Tech.) in Electronics and Communication Engineering,second_year,4.02
STU006625,Bachelor of Technology (B.Tech.) in Electronics and Communication Engineering,second_year,8.76
STU006626,Bachelor of Technology (B.Tech.) in Electronics and Communication Engineering,second_year,6.79
STU006627,Bachelor of Technology (B.Tech.) in Electronics and Communication Engineering,second_year,8.29
STU006628,Bachelor of Technology (B.Tech.) in Electronics and Communication Engineering,second_year,8.88
STU006629,Bachelor of Technology (B.Tech.) in Electronics and Communication Engineering,second_year,6.31
STU006630,Bachelor of Technology (B.Tech.) in Electronics and Communication Engineering,second_year,7.36
STU006631,Bachelor of Technology (B.Tech.) in Electronics and Communication Engineering,second_year,7.64
STU006632,Bachelor of Technology (B.Tech.) in Electronics and Communication Engineering,second_year,8.36
STU006633,Bachelor of Technology (B.Tech.) in Electronics and Communication Engineering,second_year,6.69
STU006634,Bachelor of Technology (B.Tech.) in Electronics and Communication Engineering,second_year,8.26
STU006635,Bachelor of Technology (B.Tech.) in Electronics and Communication Engineering,second_year,8.4
STU006636,Bachelor of Technology (B.Tech.) in Electronics and Communication Engineering,second_year,8.26
STU006637,Bachelor of Technology (B.Tech.) in Electronics and Communication Engineering,second_year,9.02
STU006638,Bachelor of Technology (B.Tech.) in Electronics and Communication Engineering,second_year,7.9
STU006639,Bachelor of Technology (B.Tech.) in Electronics and Communication Engineering,second_year,7.88
STU006640,Bachelor of Technology (B.Tech.) in Electronics and Communication Engineering,second_year,7.83
STU006641,Bachelor of Technology (B.Tech.) in Electronics and Communication Engineering,second_year,8.55
STU006642,Bachelor of Technology (B.Tech.) in Electronics and Communication Engineering,second_year,9.14
STU006643,Bachelor of Technology (B.Tech.) in Electronics and Communication Engineering,second_year,8.9
STU006644,Bachelor of Technology (B.Tech.) in Electronics and Communication Engineering,second_year,8.26
STU006645,Bachelor of Technology (B.Tech.) in Electronics and Communication Engineering,second_year,7.55
STU006646,Bachelor of Technology (B.Tech.) in Electronics and Communication Engineering,second_year,8.31
STU006647,Bachelor of Technology (B.Tech.) in Electronics and Communication Engineering,second_year,6.57
STU006648,Bachelor of Technology (B.Tech.) in Electronics and Communication Engineering,second_year,7.76
STU006649,Bachelor of Technology (B.Tech.) in Electronics and Communication Engineering,second_year,9.6
STU006650,Bachelor of Technology (B.Tech.) in Electronics and Communication Engineering,second_year,7.6
STU006651,Bachelor of Technology (B.Tech.) in Electronics and Communication Engineering,second_year,8.57
STU006652,Bachelor of Technology (B.Tech.) in Electronics and Communication Engineering,second_year,8.5
STU006653,Bachelor of Technology (B.Tech.) in Electronics and Communication Engineering,second_year,8.07
STU006654,Bachelor of Technology (B.Tech.) in Electronics and Communication Engineering,second_year,9.14
STU006655,Bachelor of Technology (B.Tech.) in Electronics and Communication Engineering,second_year,8.19
STU006656,Bachelor of Technology (B.Tech.) in Electronics and Communication Engineering,second_year,7.24
STU006657,Bachelor of Technology (B.Tech.) in Electronics and Communication Engineering,second_year,8.0
STU006658,Bachelor of Technology (B.Tech.) in Electronics and Communication Engineering,second_year,6.45
STU006659,Bachelor of Technology (B.Tech.) in Electronics and Communication Engineering,second_year,6.86
STU006660,Bachelor of Technology (B.Tech.) in Electronics and Communication Engineering,second_year,7.98
STU006661,Bachelor of Technology (B.Tech.) in Electronics and Communication Engineering,second_year,8.6
STU006662,Bachelor of Technology (B.Tech.) in Electronics and Communication Engineering,second_year,8.76
STU006663,Bachelor of Technology (B.Tech.) in Electronics and Communication Engineering,second_year,7.88
STU006664,Bachelor of Technology (B.Tech.) in Electronics and Communication Engineering,second_year,8.36
STU006665,Bachelor of Technology (B.Tech.) in Electronics and Communication Engineering,second_year,8.33
STU006666,Bachelor of Technology (B.Tech.) in Electronics and Communication Engineering,second_year,8.86
STU006667,Bachelor of Technology (B.Tech.) in Electronics and Communication Engineering,second_year,8.5
STU006668,Bachelor of Technology (B.Tech.) in Electronics and Communication Engineering,second_year,7.31
STU006669,Bachelor of Technology (B.Tech.) in Electronics and Communication Engineering,second_year,8.43
STU006670,Bachelor of Technology (B.Tech.) in Electronics and Communication Engineering,second_year,9.0
STU006671,Bachelor of Technology (B.Tech.) in Electronics and Communication Engineering,second_year,6.83
STU006672,Bachelor of Technology (B.Tech.) in Electronics and Communication Engineering,second_year,7.02
STU006673,Bachelor of Technology (B.Tech.) in Electronics and Communication Engineering,second_year,8.26
STU006674,Bachelor of Technology (B.Tech.) in Electronics and Communication Engineering,second_year,8.29
STU006675,Bachelor of Technology (B.Tech.) in Electronics and Communication Engineering,second_year,6.57
STU006676,Bachelor of Technology (B.Tech.) in Electronics and Communication Engineering,second_year,7.71
STU006677,Bachelor of Technology (B.Tech.) in Electronics and Communication Engineering,second_year,8.45
STU006678,Bachelor of Technology (B.Tech.) in Electronics and Communication Engineering,second_year,9.17
STU006679,Bachelor of Technology (B.Tech.) in Electronics and Communication Engineering,second_year,7.0
STU006680,Bachelor of Technology (B.Tech.) in Electronics and Communication Engineering,second_year,8.93
STU006681,Bachelor of Technology (B.Tech.) in Electronics and Communication Engineering,second_year,9.17
STU006682,Bachelor of Technology (B.Tech.) in Electronics and Communication Engineering,second_year,7.57
STU006683,Bachelor of Technology (B.Tech.) in Electronics and Communication Engineering,second_year,7.81
STU006684,Bachelor of Technology (B.Tech.) in Electronics and Communication Engineering,second_year,9.76
STU006685,Bachelor of Technology (B.Tech.) in Electronics and Communication Engineering,second_year,8.57
STU006686,Bachelor of Technology (B.Tech.) in Electronics and Communication Engineering,second_year,8.19
STU006687,Bachelor of Technology (B.Tech.) in Electronics and Communication Engineering,second_year,8.43
STU006688,Bachelor of Technology (B.Tech.) in Electronics and Communication Engineering,second_year,9.38
STU006689,Bachelor of Technology (B.Tech.) in Electronics and Communication Engineering,second_year,7.93
STU006690,Bachelor of Technology (B.Tech.) in Electronics and Communication Engineering,second_year,9.81
STU006691,Bachelor of Technology (B.Tech.) in Electronics and Communication Engineering,second_year,9.6
STU006692,Bachelor of Technology (B.Tech.) in Electronics and Communication Engineering,second_year,8.19
STU006693,Bachelor of Technology (B.Tech.) in Electronics and Communication Engineering,second_year,7.83
STU006694,Bachelor of Technology (B.Tech.) in Electronics and Communication Engineering,second_year,8.1
STU006695,Bachelor of Technology (B.Tech.) in Electronics and Communication Engineering,second_year,3.64
STU006696,Bachelor of Technology (B.Tech.) in Electronics and Communication Engineering,second_year,8.38
STU006697,Bachelor of Technology (B.Tech.) in Electronics and Communication Engineering,second_year,8.57
STU006698,Bachelor of Technology (B.Tech.) in Electronics and Communication Engineering,second_year,8.52
STU006699,Bachelor of Technology (B.Tech.) in Electronics and Communication Engineering,second_year,7.88
STU006700,Bachelor of Technology (B.Tech.) in Electronics and Communication Engineering,second_year,6.69
STU006701,Bachelor of Technology (B.Tech.) in Electronics and Communication Engineering,second_year,8.62
STU006702,Bachelor of Technology (B.Tech.) in Electronics and Communication Engineering,second_year,8.14
STU006703,Bachelor of Technology (B.Tech.) in Electronics and Communication Engineering,second_year,8.38
STU006704,Bachelor of Technology (B.Tech.) in Electronics and Communication Engineering,second_year,7.57
STU006705,Bachelor of Technology (B.Tech.) in Electronics and Communication Engineering,second_year,7.14
STU006706,Bachelor of Technology (B.Tech.) in Electronics and Communication Engineering,second_year,5.14
STU006707,Bachelor of Technology (B.Tech.) in Electronics and Communication Engineering,second_year,7.36
STU006708,Bachelor of Technology (B.Tech.) in Electronics and Communication Engineering,second_year,7.12
STU006709,Bachelor of Technology (B.Tech.) in Electronics and Communication Engineering,second_year,7.88
STU006710,Bachelor of Technology (B.Tech.) in Electronics and Communication Engineering,second_year,8.36
STU006711,Bachelor of Technology (B.Tech.) in Electronics and Communication Engineering,second_year,7.4
STU006712,Bachelor of Technology (B.Tech.) in Electronics and Communication Engineering,second_year,7.71
STU006713,Bachelor of Technology (B.Tech.) in Electronics and Communication Engineering,second_year,8.93
STU006714,Bachelor of Technology (B.Tech.) in Electronics and Communication Engineering,second_year,7.26
STU006715,Bachelor of Technology (B.Tech.) in Electronics and Communication Engineering,second_year,7.6
STU006716,Bachelor of Technology (B.Tech.) in Electronics and Communication Engineering,second_year,7.05
STU006717,Bachelor of Technology (B.Tech.) in Electronics and Communication Engineering,second_year,7.43
STU006718,Bachelor of Technology (B.Tech.) in Electronics and Communication Engineering,second_year,8.02
STU006719,Bachelor of Technology (B.Tech.) in Electronics and Communication Engineering,second_year,6.05
STU006720,Bachelor of Technology (B.Tech.) in Electronics and Communication Engineering,second_year,8.6
STU006721,Bachelor of Technology (B.Tech.) in Electronics and Communication Engineering,second_year,6.76
STU006722,Bachelor of Technology (B.Tech.) in Electronics and Communication Engineering,second_year,8.07
STU006723,Bachelor of Technology (B.Tech.) in Electronics and Communication Engineering,second_year,7.57
STU006724,Bachelor of Technology (B.Tech.) in Electronics and Communication Engineering,second_year,6.64
STU006725,Bachelor of Technology (B.Tech.) in Electronics and Communication Engineering,second_year,7.17
STU006726,Bachelor of Technology (B.Tech.) in Electronics and Communication Engineering,second_year,7.71
STU006727,Bachelor of Technology (B.Tech.) in Electronics and Communication Engineering,second_year,8.02
STU006728,Bachelor of Technology (B.Tech.) in Electronics and Communication Engineering,second_year,7.67
STU006729,Bachelor of Technology (B.Tech.) in Electronics and Communication Engineering,second_year,8.21
STU006730,Bachelor of Technology (B.Tech.) in Electronics and Communication Engineering,second_year,9.29
STU006731,Bachelor of Technology (B.Tech.) in Electronics and Communication Engineering,second_year,6.81
STU006732,Bachelor of Technology (B.Tech.) in Electronics and Communication Engineering,second_year,8.67
STU006733,Bachelor of Technology (B.Tech.) in Electronics and Communication Engineering,second_year,7.71
STU006734,Bachelor of Technology (B.Tech.) in Electronics and Communication Engineering,second_year,7.9
STU006735,Bachelor of Technology (B.Tech.) in Electronics and Communication Engineering,second_year,8.4
STU006736,Bachelor of Technology (B.Tech.) in Electronics and Communication Engineering,second_year,8.88
STU006737,Bachelor of Technology (B.Tech.) in Electronics and Communication Engineering,second_year,8.95
STU006738,Bachelor of Technology (B.Tech.) in Electronics and Communication Engineering,second_year,9.21
STU006739,Bachelor of Technology (B.Tech.) in Electronics and Communication Engineering,second_year,9.26
STU006740,Bachelor of Technology (B.Tech.) in Electronics and Communication Engineering,second_year,9.31
STU006741,Bachelor of Technology (B.Tech.) in Electronics and Communication Engineering,second_year,9.05
STU006742,Bachelor of Technology (B.Tech.) in Electronics and Communication Engineering,second_year,9.02
STU006743,Bachelor of Technology (B.Tech.) in Electronics and Communication Engineering,second_year,9.0
STU006744,Bachelor of Technology (B.Tech.) in Electronics and Communication Engineering,second_year,9.02
STU006745,Bachelor of Technology (B.Tech.) in Electronics and Communication Engineering,second_year,8.93
STU006746,Bachelor of Technology (B.Tech.) in Electronics and Communication Engineering,second_year,9.0
STU006747,Bachelor of Technology (B.Tech.) in Electronics and Communication Engineering,second_year,9.07
STU004002,Bachelor of Technology (B.Tech.) in Electronics and Instrumentation Engineering,second_year,3.76
STU004005,Bachelor of Technology (B.Tech.) in Electronics and Instrumentation Engineering,second_year,5.81
STU004008,Bachelor of Technology (B.Tech.) in Electronics and Instrumentation Engineering,second_year,3.88
STU007199,Bachelor of Technology (B.Tech.) in Electronics and Instrumentation Engineering,second_year,5.76
STU007200,Bachelor of Technology (B.Tech.) in Electronics and Instrumentation Engineering,second_year,6.48
STU007201,Bachelor of Technology (B.Tech.) in Electronics and Instrumentation Engineering,second_year,7.62
STU007202,Bachelor of Technology (B.Tech.) in Electronics and Instrumentation Engineering,second_year,6.0
STU007203,Bachelor of Technology (B.Tech.) in Electronics and Instrumentation Engineering,second_year,9.33
STU007204,Bachelor of Technology (B.Tech.) in Electronics and Instrumentation Engineering,second_year,8.05
STU007205,Bachelor of Technology (B.Tech.) in Electronics and Instrumentation Engineering,second_year,7.21
STU007206,Bachelor of Technology (B.Tech.) in Electronics and Instrumentation Engineering,second_year,7.86
STU007207,Bachelor of Technology (B.Tech.) in Electronics and Instrumentation Engineering,second_year,4.6
STU007208,Bachelor of Technology (B.Tech.) in Electronics and Instrumentation Engineering,second_year,8.45
STU007209,Bachelor of Technology (B.Tech.) in Electronics and Instrumentation Engineering,second_year,6.05
STU007210,Bachelor of Technology (B.Tech.) in Electronics and Instrumentation Engineering,second_year,6.26
STU007211,Bachelor of Technology (B.Tech.) in Electronics and Instrumentation Engineering,second_year,7.9
STU007212,Bachelor of Technology (B.Tech.) in Electronics and Instrumentation Engineering,second_year,7.69
STU007213,Bachelor of Technology (B.Tech.) in Electronics and Instrumentation Engineering,second_year,6.64
STU007214,Bachelor of Technology (B.Tech.) in Electronics and Instrumentation Engineering,second_year,7.17
STU007215,Bachelor of Technology (B.Tech.) in Electronics and Instrumentation Engineering,second_year,7.88
STU007216,Bachelor of Technology (B.Tech.) in Electronics and Instrumentation Engineering,second_year,7.1
STU007217,Bachelor of Technology (B.Tech.) in Electronics and Instrumentation Engineering,second_year,6.81
STU007218,Bachelor of Technology (B.Tech.) in Electronics and Instrumentation Engineering,second_year,8.55
STU007219,Bachelor of Technology (B.Tech.) in Electronics and Instrumentation Engineering,second_year,7.4
STU007220,Bachelor of Technology (B.Tech.) in Electronics and Instrumentation Engineering,second_year,5.57
STU007221,Bachelor of Technology (B.Tech.) in Electronics and Instrumentation Engineering,second_year,8.57
STU007222,Bachelor of Technology (B.Tech.) in Electronics and Instrumentation Engineering,second_year,7.64
STU007223,Bachelor of Technology (B.Tech.) in Electronics and Instrumentation Engineering,second_year,7.9
STU007224,Bachelor of Technology (B.Tech.) in Electronics and Instrumentation Engineering,second_year,7.69
STU007225,Bachelor of Technology (B.Tech.) in Electronics and Instrumentation Engineering,second_year,7.45
STU007226,Bachelor of Technology (B.Tech.) in Electronics and Instrumentation Engineering,second_year,7.9
STU007227,Bachelor of Technology (B.Tech.) in Electronics and Instrumentation Engineering,second_year,7.74
STU007228,Bachelor of Technology (B.Tech.) in Electronics and Instrumentation Engineering,second_year,6.55
STU007229,Bachelor of Technology (B.Tech.) in Electronics and Instrumentation Engineering,second_year,8.29
STU007230,Bachelor of Technology (B.Tech.) in Electronics and Instrumentation Engineering,second_year,5.95
STU007231,Bachelor of Technology (B.Tech.) in Electronics and Instrumentation Engineering,second_year,5.71
STU007232,Bachelor of Technology (B.Tech.) in Electronics and Instrumentation Engineering,second_year,6.38
STU007233,Bachelor of Technology (B.Tech.) in Electronics and Instrumentation Engineering,second_year,6.5
STU007234,Bachelor of Technology (B.Tech.) in Electronics and Instrumentation Engineering,second_year,6.69
STU007235,Bachelor of Technology (B.Tech.) in Electronics and Instrumentation Engineering,second_year,6.29
STU007236,Bachelor of Technology (B.Tech.) in Electronics and Instrumentation Engineering,second_year,5.64
STU007237,Bachelor of Technology (B.Tech.) in Electronics and Instrumentation Engineering,second_year,6.33
STU007238,Bachelor of Technology (B.Tech.) in Electronics and Instrumentation Engineering,second_year,6.79
STU007239,Bachelor of Technology (B.Tech.) in Electronics and Instrumentation Engineering,second_year,5.95
STU007240,Bachelor of Technology (B.Tech.) in Electronics and Instrumentation Engineering,second_year,6.29
STU007241,Bachelor of Technology (B.Tech.) in Electronics and Instrumentation Engineering,second_year,6.45
STU007242,Bachelor of Technology (B.Tech.) in Electronics and Instrumentation Engineering,second_year,7.88
STU007243,Bachelor of Technology (B.Tech.) in Electronics and Instrumentation Engineering,second_year,8.26
STU007244,Bachelor of Technology (B.Tech.) in Electronics and Instrumentation Engineering,second_year,6.86
STU003948,Bachelor of Technology (B.Tech.) in Industrial Engineering,second_year,4.79
STU003953,Bachelor of Technology (B.Tech.) in Industrial Engineering,second_year,3.52
STU003961,Bachelor of Technology (B.Tech.) in Industrial Engineering,second_year,3.36
STU007171,Bachelor of Technology (B.Tech.) in Industrial Engineering,second_year,5.81
STU007172,Bachelor of Technology (B.Tech.) in Industrial Engineering,second_year,4.9
STU007173,Bachelor of Technology (B.Tech.) in Industrial Engineering,second_year,7.83
STU007174,Bachelor of Technology (B.Tech.) in Industrial Engineering,second_year,6.0
STU007175,Bachelor of Technology (B.Tech.) in Industrial Engineering,second_year,7.17
STU007176,Bachelor of Technology (B.Tech.) in Industrial Engineering,second_year,6.21
STU007177,Bachelor of Technology (B.Tech.) in Industrial Engineering,second_year,6.48
STU007178,Bachelor of Technology (B.Tech.) in Industrial Engineering,second_year,4.38
STU007179,Bachelor of Technology (B.Tech.) in Industrial Engineering,second_year,5.93
STU007180,Bachelor of Technology (B.Tech.) in Industrial Engineering,second_year,6.17
STU007181,Bachelor of Technology (B.Tech.) in Industrial Engineering,second_year,5.71
STU007182,Bachelor of Technology (B.Tech.) in Industrial Engineering,second_year,6.4
STU007183,Bachelor of Technology (B.Tech.) in Industrial Engineering,second_year,5.48
STU007184,Bachelor of Technology (B.Tech.) in Industrial Engineering,second_year,4.48
STU007185,Bachelor of Technology (B.Tech.) in Industrial Engineering,second_year,6.31
STU007186,Bachelor of Technology (B.Tech.) in Industrial Engineering,second_year,7.14
STU007187,Bachelor of Technology (B.Tech.) in Industrial Engineering,second_year,6.0
STU007188,Bachelor of Technology (B.Tech.) in Industrial Engineering,second_year,5.71
STU007189,Bachelor of Technology (B.Tech.) in Industrial Engineering,second_year,6.5
STU007190,Bachelor of Technology (B.Tech.) in Industrial Engineering,second_year,6.79
STU007191,Bachelor of Technology (B.Tech.) in Industrial Engineering,second_year,6.02
STU007192,Bachelor of Technology (B.Tech.) in Industrial Engineering,second_year,6.83
STU007193,Bachelor of Technology (B.Tech.) in Industrial Engineering,second_year,3.67
STU007194,Bachelor of Technology (B.Tech.) in Industrial Engineering,second_year,6.43
STU007195,Bachelor of Technology (B.Tech.) in Industrial Engineering,second_year,6.95
STU007196,Bachelor of Technology (B.Tech.) in Industrial Engineering,second_year,5.62
STU007197,Bachelor of Technology (B.Tech.) in Industrial Engineering,second_year,6.45
STU007198,Bachelor of Technology (B.Tech.) in Industrial Engineering,second_year,6.93
STU007338,Bachelor of Technology (B.Tech.) in Mathematics and Computing,second_year,6.67
STU007339,Bachelor of Technology (B.Tech.) in Mathematics and Computing,second_year,5.81
STU007340,Bachelor of Technology (B.Tech.) in Mathematics and Computing,second_year,5.19
STU007341,Bachelor of Technology (B.Tech.) in Mathematics and Computing,second_year,6.19
STU007342,Bachelor of Technology (B.Tech.) in Mathematics and Computing,second_year,7.43
STU007343,Bachelor of Technology (B.Tech.) in Mathematics and Computing,second_year,8.74
STU007344,Bachelor of Technology (B.Tech.) in Mathematics and Computing,second_year,5.02
STU007345,Bachelor of Technology (B.Tech.) in Mathematics and Computing,second_year,6.57
STU007346,Bachelor of Technology (B.Tech.) in Mathematics and Computing,second_year,7.31
STU007347,Bachelor of Technology (B.Tech.) in Mathematics and Computing,second_year,6.31
STU007348,Bachelor of Technology (B.Tech.) in Mathematics and Computing,second_year,6.83
STU007349,Bachelor of Technology (B.Tech.) in Mathematics and Computing,second_year,6.95
STU007350,Bachelor of Technology (B.Tech.) in Mathematics and Computing,second_year,7.19
STU007351,Bachelor of Technology (B.Tech.) in Mathematics and Computing,second_year,8.98
STU007352,Bachelor of Technology (B.Tech.) in Mathematics and Computing,second_year,7.71
STU007353,Bachelor of Technology (B.Tech.) in Mathematics and Computing,second_year,8.17
STU007354,Bachelor of Technology (B.Tech.) in Mathematics and Computing,second_year,7.76
STU007355,Bachelor of Technology (B.Tech.) in Mathematics and Computing,second_year,9.02
STU007356,Bachelor of Technology (B.Tech.) in Mathematics and Computing,second_year,8.88
STU007357,Bachelor of Technology (B.Tech.) in Mathematics and Computing,second_year,6.0
STU007358,Bachelor of Technology (B.Tech.) in Mathematics and Computing,second_year,7.1
STU007359,Bachelor of Technology (B.Tech.) in Mathematics and Computing,second_year,9.26
STU007360,Bachelor of Technology (B.Tech.) in Mathematics and Computing,second_year,8.14
STU007361,Bachelor of Technology (B.Tech.) in Mathematics and Computing,second_year,7.12
STU007362,Bachelor of Technology (B.Tech.) in Mathematics and Computing,second_year,7.74
STU007363,Bachelor of Technology (B.Tech.) in Mathematics and Computing,second_year,5.64
STU007364,Bachelor of Technology (B.Tech.) in Mathematics and Computing,second_year,8.43
STU007365,Bachelor of Technology (B.Tech.) in Mathematics and Computing,second_year,7.31
STU007366,Bachelor of Technology (B.Tech.) in Mathematics and Computing,second_year,7.76
STU007367,Bachelor of Technology (B.Tech.) in Mathematics and Computing,second_year,9.1
STU007368,Bachelor of Technology (B.Tech.) in Mathematics and Computing,second_year,7.33
STU007369,Bachelor of Technology (B.Tech.) in Mathematics and Computing,second_year,8.64
STU007370,Bachelor of Technology (B.Tech.) in Mathematics and Computing,second_year,6.81
STU007371,Bachelor of Technology (B.Tech.) in Mathematics and Computing,second_year,5.67
STU007372,Bachelor of Technology (B.Tech.) in Mathematics and Computing,second_year,6.14
STU007373,Bachelor of Technology (B.Tech.) in Mathematics and Computing,second_year,7.5
STU007374,Bachelor of Technology (B.Tech.) in Mathematics and Computing,second_year,6.52
STU007375,Bachelor of Technology (B.Tech.) in Mathematics and Computing,second_year,7.5
STU007376,Bachelor of Technology (B.Tech.) in Mathematics and Computing,second_year,8.29
STU007377,Bachelor of Technology (B.Tech.) in Mathematics and Computing,second_year,8.86
STU007378,Bachelor of Technology (B.Tech.) in Mathematics and Computing,second_year,8.33
STU007379,Bachelor of Technology (B.Tech.) in Mathematics and Computing,second_year,5.6
STU007380,Bachelor of Technology (B.Tech.) in Mathematics and Computing,second_year,4.67
STU007381,Bachelor of Technology (B.Tech.) in Mathematics and Computing,second_year,8.12
STU007382,Bachelor of Technology (B.Tech.) in Mathematics and Computing,second_year,7.33
STU007383,Bachelor of Technology (B.Tech.) in Mathematics and Computing,second_year,6.19
STU007384,Bachelor of Technology (B.Tech.) in Mathematics and Computing,second_year,5.88
STU007385,Bachelor of Technology (B.Tech.) in Mathematics and Computing,second_year,7.36
STU007386,Bachelor of Technology (B.Tech.) in Mathematics and Computing,second_year,6.26
STU007387,Bachelor of Technology (B.Tech.) in Mathematics and Computing,second_year,6.67
STU007388,Bachelor of Technology (B.Tech.) in Mathematics and Computing,second_year,8.74
STU007389,Bachelor of Technology (B.Tech.) in Mathematics and Computing,second_year,6.58
STU007390,Bachelor of Technology (B.Tech.) in Mathematics and Computing,second_year,7.3
STU007391,Bachelor of Technology (B.Tech.) in Mathematics and Computing,second_year,6.65
STU007392,Bachelor of Technology (B.Tech.) in Mathematics and Computing,second_year,8.37
STU007393,Bachelor of Technology (B.Tech.) in Mathematics and Computing,second_year,6.91
STU007394,Bachelor of Technology (B.Tech.) in Mathematics and Computing,second_year,8.6
STU007395,Bachelor of Technology (B.Tech.) in Mathematics and Computing,second_year,7.23
STU007396,Bachelor of Technology (B.Tech.) in Mathematics and Computing,second_year,6.93
STU007397,Bachelor of Technology (B.Tech.) in Mathematics and Computing,second_year,6.58
STU007398,Bachelor of Technology (B.Tech.) in Mathematics and Computing,second_year,8.21
STU007399,Bachelor of Technology (B.Tech.) in Mathematics and Computing,second_year,6.37
STU007400,Bachelor of Technology (B.Tech.) in Mathematics and Computing,second_year,7.4
STU007401,Bachelor of Technology (B.Tech.) in Mathematics and Computing,second_year,8.05
STU007402,Bachelor of Technology (B.Tech.) in Mathematics and Computing,second_year,7.09
STU007403,Bachelor of Technology (B.Tech.) in Mathematics and Computing,second_year,7.86
STU007404,Bachelor of Technology (B.Tech.) in Mathematics and Computing,second_year,6.42
STU007405,Bachelor of Technology (B.Tech.) in Mathematics and Computing,second_year,7.77
STU007406,Bachelor of Technology (B.Tech.) in Mathematics and Computing,second_year,7.23
STU007407,Bachelor of Technology (B.Tech.) in Mathematics and Computing,second_year,7.7
STU007408,Bachelor of Technology (B.Tech.) in Mathematics and Computing,second_year,8.83
STU007409,Bachelor of Technology (B.Tech.) in Mathematics and Computing,second_year,8.62
STU003372,Bachelor of Technology (B.Tech.) in Mechanical Engineering,second_year,3.19
STU003434,Bachelor of Technology (B.Tech.) in Mechanical Engineering,second_year,3.86
STU003443,Bachelor of Technology (B.Tech.) in Mechanical Engineering,second_year,4.74
STU003451,Bachelor of Technology (B.Tech.) in Mechanical Engineering,second_year,3.62
STU003464,Bachelor of Technology (B.Tech.) in Mechanical Engineering,second_year,4.07
STU006748,Bachelor of Technology (B.Tech.) in Mechanical Engineering,second_year,7.36
STU006749,Bachelor of Technology (B.Tech.) in Mechanical Engineering,second_year,6.57
STU006750,Bachelor of Technology (B.Tech.) in Mechanical Engineering,second_year,7.6
STU006751,Bachelor of Technology (B.Tech.) in Mechanical Engineering,second_year,6.71
STU006752,Bachelor of Technology (B.Tech.) in Mechanical Engineering,second_year,4.52
STU006753,Bachelor of Technology (B.Tech.) in Mechanical Engineering,second_year,7.33
STU006754,Bachelor of Technology (B.Tech.) in Mechanical Engineering,second_year,6.86
STU006755,Bachelor of Technology (B.Tech.) in Mechanical Engineering,second_year,6.26
STU006756,Bachelor of Technology (B.Tech.) in Mechanical Engineering,second_year,8.98
STU006757,Bachelor of Technology (B.Tech.) in Mechanical Engineering,second_year,7.38
STU006758,Bachelor of Technology (B.Tech.) in Mechanical Engineering,second_year,6.86
STU006759,Bachelor of Technology (B.Tech.) in Mechanical Engineering,second_year,7.1
STU006760,Bachelor of Technology (B.Tech.) in Mechanical Engineering,second_year,7.33
STU006761,Bachelor of Technology (B.Tech.) in Mechanical Engineering,second_year,7.81
STU006762,Bachelor of Technology (B.Tech.) in Mechanical Engineering,second_year,7.64
STU006763,Bachelor of Technology (B.Tech.) in Mechanical Engineering,second_year,8.0
STU006764,Bachelor of Technology (B.Tech.) in Mechanical Engineering,second_year,6.26
STU006765,Bachelor of Technology (B.Tech.) in Mechanical Engineering,second_year,5.33
STU006766,Bachelor of Technology (B.Tech.) in Mechanical Engineering,second_year,8.1
STU006767,Bachelor of Technology (B.Tech.) in Mechanical Engineering,second_year,8.4
STU006768,Bachelor of Technology (B.Tech.) in Mechanical Engineering,second_year,7.0
STU006769,Bachelor of Technology (B.Tech.) in Mechanical Engineering,second_year,5.98
STU006770,Bachelor of Technology (B.Tech.) in Mechanical Engineering,second_year,6.6
STU006771,Bachelor of Technology (B.Tech.) in Mechanical Engineering,second_year,6.71
STU006772,Bachelor of Technology (B.Tech.) in Mechanical Engineering,second_year,7.02
STU006773,Bachelor of Technology (B.Tech.) in Mechanical Engineering,second_year,8.02
STU006774,Bachelor of Technology (B.Tech.) in Mechanical Engineering,second_year,8.02
STU006775,Bachelor of Technology (B.Tech.) in Mechanical Engineering,second_year,7.76
STU006776,Bachelor of Technology (B.Tech.) in Mechanical Engineering,second_year,7.6
STU006777,Bachelor of Technology (B.Tech.) in Mechanical Engineering,second_year,6.52
STU006778,Bachelor of Technology (B.Tech.) in Mechanical Engineering,second_year,7.88
STU006779,Bachelor of Technology (B.Tech.) in Mechanical Engineering,second_year,7.76
STU006780,Bachelor of Technology (B.Tech.) in Mechanical Engineering,second_year,7.12
STU006781,Bachelor of Technology (B.Tech.) in Mechanical Engineering,second_year,7.57
STU006782,Bachelor of Technology (B.Tech.) in Mechanical Engineering,second_year,6.57
STU006783,Bachelor of Technology (B.Tech.) in Mechanical Engineering,second_year,5.74
STU006784,Bachelor of Technology (B.Tech.) in Mechanical Engineering,second_year,8.12
STU006785,Bachelor of Technology (B.Tech.) in Mechanical Engineering,second_year,6.36
STU006786,Bachelor of Technology (B.Tech.) in Mechanical Engineering,second_year,4.1
STU006787,Bachelor of Technology (B.Tech.) in Mechanical Engineering,second_year,7.79
STU006788,Bachelor of Technology (B.Tech.) in Mechanical Engineering,second_year,8.19
STU006789,Bachelor of Technology (B.Tech.) in Mechanical Engineering,second_year,7.55
STU006790,Bachelor of Technology (B.Tech.) in Mechanical Engineering,second_year,8.95
STU006791,Bachelor of Technology (B.Tech.) in Mechanical Engineering,second_year,6.93
STU006792,Bachelor of Technology (B.Tech.) in Mechanical Engineering,second_year,7.43
STU006793,Bachelor of Technology (B.Tech.) in Mechanical Engineering,second_year,7.86
STU006794,Bachelor of Technology (B.Tech.) in Mechanical Engineering,second_year,7.76
STU006795,Bachelor of Technology (B.Tech.) in Mechanical Engineering,second_year,6.19
STU006796,Bachelor of Technology (B.Tech.) in Mechanical Engineering,second_year,6.71
STU006797,Bachelor of Technology (B.Tech.) in Mechanical Engineering,second_year,5.19
STU006798,Bachelor of Technology (B.Tech.) in Mechanical Engineering,second_year,6.31
STU006799,Bachelor of Technology (B.Tech.) in Mechanical Engineering,second_year,9.12
STU006800,Bachelor of Technology (B.Tech.) in Mechanical Engineering,second_year,7.74
STU006801,Bachelor of Technology (B.Tech.) in Mechanical Engineering,second_year,7.67
STU006802,Bachelor of Technology (B.Tech.) in Mechanical Engineering,second_year,6.9
STU006803,Bachelor of Technology (B.Tech.) in Mechanical Engineering,second_year,7.17
STU006804,Bachelor of Technology (B.Tech.) in Mechanical Engineering,second_year,8.52
STU006805,Bachelor of Technology (B.Tech.) in Mechanical Engineering,second_year,8.81
STU006806,Bachelor of Technology (B.Tech.) in Mechanical Engineering,second_year,6.29
STU006807,Bachelor of Technology (B.Tech.) in Mechanical Engineering,second_year,7.88
STU006808,Bachelor of Technology (B.Tech.) in Mechanical Engineering,second_year,8.21
STU006809,Bachelor of Technology (B.Tech.) in Mechanical Engineering,second_year,8.69
STU006810,Bachelor of Technology (B.Tech.) in Mechanical Engineering,second_year,5.74
STU006811,Bachelor of Technology (B.Tech.) in Mechanical Engineering,second_year,8.88
STU006812,Bachelor of Technology (B.Tech.) in Mechanical Engineering,second_year,4.6
STU006813,Bachelor of Technology (B.Tech.) in Mechanical Engineering,second_year,9.45
STU006814,Bachelor of Technology (B.Tech.) in Mechanical Engineering,second_year,6.38
STU006815,Bachelor of Technology (B.Tech.) in Mechanical Engineering,second_year,8.05
STU006816,Bachelor of Technology (B.Tech.) in Mechanical Engineering,second_year,6.0
STU006817,Bachelor of Technology (B.Tech.) in Mechanical Engineering,second_year,9.0
STU006818,Bachelor of Technology (B.Tech.) in Mechanical Engineering,second_year,7.83
STU006819,Bachelor of Technology (B.Tech.) in Mechanical Engineering,second_year,7.74
STU006820,Bachelor of Technology (B.Tech.) in Mechanical Engineering,second_year,6.98
STU006821,Bachelor of Technology (B.Tech.) in Mechanical Engineering,second_year,7.12
STU006822,Bachelor of Technology (B.Tech.) in Mechanical Engineering,second_year,7.67
STU006823,Bachelor of Technology (B.Tech.) in Mechanical Engineering,second_year,6.95
STU006824,Bachelor of Technology (B.Tech.) in Mechanical Engineering,second_year,8.24
STU006825,Bachelor of Technology (B.Tech.) in Mechanical Engineering,second_year,8.31
STU006826,Bachelor of Technology (B.Tech.) in Mechanical Engineering,second_year,9.31
STU006827,Bachelor of Technology (B.Tech.) in Mechanical Engineering,second_year,7.86
STU006828,Bachelor of Technology (B.Tech.) in Mechanical Engineering,second_year,8.29
STU006829,Bachelor of Technology (B.Tech.) in Mechanical Engineering,second_year,6.76
STU006830,Bachelor of Technology (B.Tech.) in Mechanical Engineering,second_year,8.02
STU006831,Bachelor of Technology (B.Tech.) in Mechanical Engineering,second_year,6.38
STU006832,Bachelor of Technology (B.Tech.) in Mechanical Engineering,second_year,7.26
STU006833,Bachelor of Technology (B.Tech.) in Mechanical Engineering,second_year,7.19
STU006834,Bachelor of Technology (B.Tech.) in Mechanical Engineering,second_year,6.62
STU006835,Bachelor of Technology (B.Tech.) in Mechanical Engineering,second_year,6.69
STU006836,Bachelor of Technology (B.Tech.) in Mechanical Engineering,second_year,9.48
STU006837,Bachelor of Technology (B.Tech.) in Mechanical Engineering,second_year,6.93
STU006838,Bachelor of Technology (B.Tech.) in Mechanical Engineering,second_year,8.64
STU006839,Bachelor of Technology (B.Tech.) in Mechanical Engineering,second_year,8.31
STU006840,Bachelor of Technology (B.Tech.) in Mechanical Engineering,second_year,8.67
STU006841,Bachelor of Technology (B.Tech.) in Mechanical Engineering,second_year,7.52
STU006842,Bachelor of Technology (B.Tech.) in Mechanical Engineering,second_year,7.69
STU006843,Bachelor of Technology (B.Tech.) in Mechanical Engineering,second_year,8.86
STU006844,Bachelor of Technology (B.Tech.) in Mechanical Engineering,second_year,8.64
STU006845,Bachelor of Technology (B.Tech.) in Mechanical Engineering,second_year,7.57
STU006846,Bachelor of Technology (B.Tech.) in Mechanical Engineering,second_year,7.21
STU006847,Bachelor of Technology (B.Tech.) in Mechanical Engineering,second_year,8.52
STU006848,Bachelor of Technology (B.Tech.) in Mechanical Engineering,second_year,7.36
STU006849,Bachelor of Technology (B.Tech.) in Mechanical Engineering,second_year,6.71
STU006850,Bachelor of Technology (B.Tech.) in Mechanical Engineering,second_year,9.17
STU006851,Bachelor of Technology (B.Tech.) in Mechanical Engineering,second_year,7.81
STU006852,Bachelor of Technology (B.Tech.) in Mechanical Engineering,second_year,8.76
STU006853,Bachelor of Technology (B.Tech.) in Mechanical Engineering,second_year,8.12
STU006854,Bachelor of Technology (B.Tech.) in Mechanical Engineering,second_year,7.33
STU006855,Bachelor of Technology (B.Tech.) in Mechanical Engineering,second_year,9.0
STU006856,Bachelor of Technology (B.Tech.) in Mechanical Engineering,second_year,6.21
STU006857,Bachelor of Technology (B.Tech.) in Mechanical Engineering,second_year,5.36
STU006858,Bachelor of Technology (B.Tech.) in Mechanical Engineering,second_year,7.48
STU006859,Bachelor of Technology (B.Tech.) in Mechanical Engineering,second_year,7.98
STU006860,Bachelor of Technology (B.Tech.) in Mechanical Engineering,second_year,8.12
STU006861,Bachelor of Technology (B.Tech.) in Mechanical Engineering,second_year,7.57
STU006862,Bachelor of Technology (B.Tech.) in Mechanical Engineering,second_year,5.31
STU006863,Bachelor of Technology (B.Tech.) in Mechanical Engineering,second_year,8.62
STU006864,Bachelor of Technology (B.Tech.) in Mechanical Engineering,second_year,7.74
STU006865,Bachelor of Technology (B.Tech.) in Mechanical Engineering,second_year,7.14
STU006866,Bachelor of Technology (B.Tech.) in Mechanical Engineering,second_year,8.36
STU006867,Bachelor of Technology (B.Tech.) in Mechanical Engineering,second_year,7.9
STU006868,Bachelor of Technology (B.Tech.) in Mechanical Engineering,second_year,7.07
STU006869,Bachelor of Technology (B.Tech.) in Mechanical Engineering,second_year,6.81
STU006870,Bachelor of Technology (B.Tech.) in Mechanical Engineering,second_year,7.83
STU006871,Bachelor of Technology (B.Tech.) in Mechanical Engineering,second_year,8.38
STU006872,Bachelor of Technology (B.Tech.) in Mechanical Engineering,second_year,9.48
STU006873,Bachelor of Technology (B.Tech.) in Mechanical Engineering,second_year,7.26
STU006874,Bachelor of Technology (B.Tech.) in Mechanical Engineering,second_year,6.0
STU006875,Bachelor of Technology (B.Tech.) in Mechanical Engineering,second_year,9.0
STU006876,Bachelor of Technology (B.Tech.) in Mechanical Engineering,second_year,7.19
STU006877,Bachelor of Technology (B.Tech.) in Mechanical Engineering,second_year,7.26
STU006878,Bachelor of Technology (B.Tech.) in Mechanical Engineering,second_year,7.45
STU006879,Bachelor of Technology (B.Tech.) in Mechanical Engineering,second_year,7.02
STU006880,Bachelor of Technology (B.Tech.) in Mechanical Engineering,second_year,7.57
STU006881,Bachelor of Technology (B.Tech.) in Mechanical Engineering,second_year,5.81
STU006882,Bachelor of Technology (B.Tech.) in Mechanical Engineering,second_year,7.31
STU006883,Bachelor of Technology (B.Tech.) in Mechanical Engineering,second_year,9.36
STU006884,Bachelor of Technology (B.Tech.) in Mechanical Engineering,second_year,7.5
STU006885,Bachelor of Technology (B.Tech.) in Mechanical Engineering,second_year,7.29
STU006886,Bachelor of Technology (B.Tech.) in Mechanical Engineering,second_year,8.57
STU006887,Bachelor of Technology (B.Tech.) in Mechanical Engineering,second_year,6.52
STU006888,Bachelor of Technology (B.Tech.) in Mechanical Engineering,second_year,8.17
STU006889,Bachelor of Technology (B.Tech.) in Mechanical Engineering,second_year,8.1
STU006890,Bachelor of Technology (B.Tech.) in Mechanical Engineering,second_year,7.26
STU006891,Bachelor of Technology (B.Tech.) in Mechanical Engineering,second_year,6.83
STU006892,Bachelor of Technology (B.Tech.) in Mechanical Engineering,second_year,7.17
STU006893,Bachelor of Technology (B.Tech.) in Mechanical Engineering,second_year,7.21
STU006894,Bachelor of Technology (B.Tech.) in Mechanical Engineering,second_year,6.86
STU006895,Bachelor of Technology (B.Tech.) in Mechanical Engineering,second_year,8.31
STU006896,Bachelor of Technology (B.Tech.) in Mechanical Engineering,second_year,7.29
STU006897,Bachelor of Technology (B.Tech.) in Mechanical Engineering,second_year,5.26
STU006898,Bachelor of Technology (B.Tech.) in Mechanical Engineering,second_year,7.98
STU006899,Bachelor of Technology (B.Tech.) in Mechanical Engineering,second_year,8.36
STU006900,Bachelor of Technology (B.Tech.) in Mechanical Engineering,second_year,6.5
STU006901,Bachelor of Technology (B.Tech.) in Mechanical Engineering,second_year,7.0
STU006902,Bachelor of Technology (B.Tech.) in Mechanical Engineering,second_year,8.57
STU006903,Bachelor of Technology (B.Tech.) in Mechanical Engineering,second_year,6.79
STU006904,Bachelor of Technology (B.Tech.) in Mechanical Engineering,second_year,8.12
STU006905,Bachelor of Technology (B.Tech.) in Mechanical Engineering,second_year,6.79
STU006906,Bachelor of Technology (B.Tech.) in Mechanical Engineering,second_year,7.55
STU006907,Bachelor of Technology (B.Tech.) in Mechanical Engineering,second_year,8.1
STU006908,Bachelor of Technology (B.Tech.) in Mechanical Engineering,second_year,6.31
STU006909,Bachelor of Technology (B.Tech.) in Mechanical Engineering,second_year,6.43
STU006910,Bachelor of Technology (B.Tech.) in Mechanical Engineering,second_year,5.02
STU006911,Bachelor of Technology (B.Tech.) in Mechanical Engineering,second_year,7.14
STU006912,Bachelor of Technology (B.Tech.) in Mechanical Engineering,second_year,5.88
STU006913,Bachelor of Technology (B.Tech.) in Mechanical Engineering,second_year,7.6
STU006914,Bachelor of Technology (B.Tech.) in Mechanical Engineering,second_year,6.71
STU006915,Bachelor of Technology (B.Tech.) in Mechanical Engineering,second_year,5.31
STU006916,Bachelor of Technology (B.Tech.) in Mechanical Engineering,second_year,6.57
STU006917,Bachelor of Technology (B.Tech.) in Mechanical Engineering,second_year,6.76
STU006918,Bachelor of Technology (B.Tech.) in Mechanical Engineering,second_year,6.07
STU006919,Bachelor of Technology (B.Tech.) in Mechanical Engineering,second_year,7.45
STU006920,Bachelor of Technology (B.Tech.) in Mechanical Engineering,second_year,7.14
STU006921,Bachelor of Technology (B.Tech.) in Mechanical Engineering,second_year,6.74
STU006922,Bachelor of Technology (B.Tech.) in Mechanical Engineering,second_year,3.48
STU006923,Bachelor of Technology (B.Tech.) in Mechanical Engineering,second_year,6.52
STU006924,Bachelor of Technology (B.Tech.) in Mechanical Engineering,second_year,5.98
STU006925,Bachelor of Technology (B.Tech.) in Mechanical Engineering,second_year,7.57
STU006926,Bachelor of Technology (B.Tech.) in Mechanical Engineering,second_year,6.52
STU006927,Bachelor of Technology (B.Tech.) in Mechanical Engineering,second_year,6.76
STU006928,Bachelor of Technology (B.Tech.) in Mechanical Engineering,second_year,7.4
STU006929,Bachelor of Technology (B.Tech.) in Mechanical Engineering,second_year,6.6
STU006930,Bachelor of Technology (B.Tech.) in Mechanical Engineering,second_year,7.86
STU006931,Bachelor of Technology (B.Tech.) in Mechanical Engineering,second_year,7.43
STU006932,Bachelor of Technology (B.Tech.) in Mechanical Engineering,second_year,6.69
STU006933,Bachelor of Technology (B.Tech.) in Mechanical Engineering,second_year,7.64
STU006934,Bachelor of Technology (B.Tech.) in Mechanical Engineering,second_year,6.98
STU006935,Bachelor of Technology (B.Tech.) in Mechanical Engineering,second_year,7.29
STU006936,Bachelor of Technology (B.Tech.) in Mechanical Engineering,second_year,8.02
STU006937,Bachelor of Technology (B.Tech.) in Mechanical Engineering,second_year,6.19
STU006938,Bachelor of Technology (B.Tech.) in Mechanical Engineering,second_year,6.95
STU006939,Bachelor of Technology (B.Tech.) in Mechanical Engineering,second_year,6.55
STU006940,Bachelor of Technology (B.Tech.) in Mechanical Engineering,second_year,7.76
STU006941,Bachelor of Technology (B.Tech.) in Mechanical Engineering,second_year,5.9
STU006942,Bachelor of Technology (B.Tech.) in Mechanical Engineering,second_year,5.43
STU006943,Bachelor of Technology (B.Tech.) in Mechanical Engineering,second_year,5.07
STU006944,Bachelor of Technology (B.Tech.) in Mechanical Engineering,second_year,6.38
STU006945,Bachelor of Technology (B.Tech.) in Mechanical Engineering,second_year,6.57
STU006946,Bachelor of Technology (B.Tech.) in Mechanical Engineering,second_year,6.79
STU006947,Bachelor of Technology (B.Tech.) in Mechanical Engineering,second_year,4.81
STU006948,Bachelor of Technology (B.Tech.) in Mechanical Engineering,second_year,6.24
STU006949,Bachelor of Technology (B.Tech.) in Mechanical Engineering,second_year,6.93
STU006950,Bachelor of Technology (B.Tech.) in Mechanical Engineering,second_year,4.12
STU006951,Bachelor of Technology (B.Tech.) in Mechanical Engineering,second_year,5.81
STU006952,Bachelor of Technology (B.Tech.) in Mechanical Engineering,second_year,7.38
STU006953,Bachelor of Technology (B.Tech.) in Mechanical Engineering,second_year,8.07
STU006954,Bachelor of Technology (B.Tech.) in Mechanical Engineering,second_year,6.71
STU006955,Bachelor of Technology (B.Tech.) in Mechanical Engineering,second_year,7.74
STU006956,Bachelor of Technology (B.Tech.) in Mechanical Engineering,second_year,7.67
STU006957,Bachelor of Technology (B.Tech.) in Mechanical Engineering,second_year,8.24
STU006958,Bachelor of Technology (B.Tech.) in Mechanical Engineering,second_year,5.69
STU006959,Bachelor of Technology (B.Tech.) in Mechanical Engineering,second_year,7.29
STU006960,Bachelor of Technology (B.Tech.) in Mechanical Engineering,second_year,6.14
STU006961,Bachelor of Technology (B.Tech.) in Mechanical Engineering,second_year,6.67
STU003805,Bachelor of Technology (B.Tech.) in Mechatronics,second_year,4.1
STU007027,Bachelor of Technology (B.Tech.) in Mechatronics,second_year,7.62
STU007028,Bachelor of Technology (B.Tech.) in Mechatronics,second_year,7.21
STU007029,Bachelor of Technology (B.Tech.) in Mechatronics,second_year,7.07
STU007030,Bachelor of Technology (B.Tech.) in Mechatronics,second_year,6.1
STU007031,Bachelor of Technology (B.Tech.) in Mechatronics,second_year,4.29
STU007032,Bachelor of Technology (B.Tech.) in Mechatronics,second_year,5.38
STU007033,Bachelor of Technology (B.Tech.) in Mechatronics,second_year,6.33
STU007034,Bachelor of Technology (B.Tech.) in Mechatronics,second_year,6.48
STU007035,Bachelor of Technology (B.Tech.) in Mechatronics,second_year,6.05
STU007036,Bachelor of Technology (B.Tech.) in Mechatronics,second_year,8.86
STU007037,Bachelor of Technology (B.Tech.) in Mechatronics,second_year,9.24
STU007038,Bachelor of Technology (B.Tech.) in Mechatronics,second_year,3.95
STU007039,Bachelor of Technology (B.Tech.) in Mechatronics,second_year,6.21
STU007040,Bachelor of Technology (B.Tech.) in Mechatronics,second_year,6.88
STU007041,Bachelor of Technology (B.Tech.) in Mechatronics,second_year,8.02
STU007042,Bachelor of Technology (B.Tech.) in Mechatronics,second_year,7.0
STU007043,Bachelor of Technology (B.Tech.) in Mechatronics,second_year,7.6
STU007044,Bachelor of Technology (B.Tech.) in Mechatronics,second_year,7.33
STU007045,Bachelor of Technology (B.Tech.) in Mechatronics,second_year,7.64
STU007046,Bachelor of Technology (B.Tech.) in Mechatronics,second_year,6.67
STU007047,Bachelor of Technology (B.Tech.) in Mechatronics,second_year,7.43
STU007048,Bachelor of Technology (B.Tech.) in Mechatronics,second_year,7.36
STU007049,Bachelor of Technology (B.Tech.) in Mechatronics,second_year,7.81
STU007050,Bachelor of Technology (B.Tech.) in Mechatronics,second_year,4.4
STU007051,Bachelor of Technology (B.Tech.) in Mechatronics,second_year,7.62
STU007052,Bachelor of Technology (B.Tech.) in Mechatronics,second_year,6.29
STU007053,Bachelor of Technology (B.Tech.) in Mechatronics,second_year,7.81
STU007054,Bachelor of Technology (B.Tech.) in Mechatronics,second_year,7.4
STU007055,Bachelor of Technology (B.Tech.) in Mechatronics,second_year,5.45
STU007056,Bachelor of Technology (B.Tech.) in Mechatronics,second_year,4.19
STU007057,Bachelor of Technology (B.Tech.) in Mechatronics,second_year,7.36
STU007058,Bachelor of Technology (B.Tech.) in Mechatronics,second_year,7.45
STU007059,Bachelor of Technology (B.Tech.) in Mechatronics,second_year,7.52
STU007060,Bachelor of Technology (B.Tech.) in Mechatronics,second_year,7.98
STU007061,Bachelor of Technology (B.Tech.) in Mechatronics,second_year,7.98
STU007062,Bachelor of Technology (B.Tech.) in Mechatronics,second_year,7.1
STU007063,Bachelor of Technology (B.Tech.) in Mechatronics,second_year,6.24
STU007064,Bachelor of Technology (B.Tech.) in Mechatronics,second_year,7.33
STU007065,Bachelor of Technology (B.Tech.) in Mechatronics,second_year,8.38
STU007066,Bachelor of Technology (B.Tech.) in Mechatronics,second_year,5.74
STU007067,Bachelor of Technology (B.Tech.) in Mechatronics,second_year,7.48
STU007068,Bachelor of Technology (B.Tech.) in Mechatronics,second_year,6.95
STU007069,Bachelor of Technology (B.Tech.) in Mechatronics,second_year,6.98
STU007070,Bachelor of Technology (B.Tech.) in Mechatronics,second_year,6.62
STU007071,Bachelor of Technology (B.Tech.) in Mechatronics,second_year,7.98
STU007072,Bachelor of Technology (B.Tech.) in Mechatronics,second_year,6.69
STU007073,Bachelor of Technology (B.Tech.) in Mechatronics,second_year,7.48
STU007074,Bachelor of Technology (B.Tech.) in Mechatronics,second_year,7.98
STU007075,Bachelor of Technology (B.Tech.) in Mechatronics,second_year,7.74
STU007076,Bachelor of Technology (B.Tech.) in Mechatronics,second_year,6.62
STU007077,Bachelor of Technology (B.Tech.) in Mechatronics,second_year,6.69
STU007078,Bachelor of Technology (B.Tech.) in Mechatronics,second_year,7.74
STU007079,Bachelor of Technology (B.Tech.) in Mechatronics,second_year,7.83
STU007080,Bachelor of Technology (B.Tech.) in Mechatronics,second_year,6.95
STU007081,Bachelor of Technology (B.Tech.) in Mechatronics,second_year,9.02
STU007082,Bachelor of Technology (B.Tech.) in Mechatronics,second_year,6.88
STU007083,Bachelor of Technology (B.Tech.) in Mechatronics,second_year,9.6
STU007084,Bachelor of Technology (B.Tech.) in Mechatronics,second_year,7.48
STU007085,Bachelor of Technology (B.Tech.) in Mechatronics,second_year,8.1
STU007086,Bachelor of Technology (B.Tech.) in Mechatronics,second_year,6.83
STU007087,Bachelor of Technology (B.Tech.) in Mechatronics,second_year,6.57
STU007088,Bachelor of Technology (B.Tech.) in Mechatronics,second_year,7.57
STU007089,Bachelor of Technology (B.Tech.) in Mechatronics,second_year,7.95
STU007090,Bachelor of Technology (B.Tech.) in Mechatronics,second_year,8.0
STU007091,Bachelor of Technology (B.Tech.) in Mechatronics,second_year,6.52
STU007092,Bachelor of Technology (B.Tech.) in Mechatronics,second_year,5.79
STU007093,Bachelor of Technology (B.Tech.) in Mechatronics,second_year,7.05
STU007094,Bachelor of Technology (B.Tech.) in Mechatronics,second_year,7.95
STU007095,Bachelor of Technology (B.Tech.) in Mechatronics,second_year,8.98
STU007096,Bachelor of Technology (B.Tech.) in Mechatronics,second_year,8.19
STU007097,Bachelor of Technology (B.Tech.) in Mechatronics,second_year,6.57
STU007098,Bachelor of Technology (B.Tech.) in Mechatronics,second_year,6.74
STU007099,Bachelor of Technology (B.Tech.) in Mechatronics,second_year,7.95
STU007100,Bachelor of Technology (B.Tech.) in Mechatronics,second_year,9.07
STU007101,Bachelor of Technology (B.Tech.) in Mechatronics,second_year,7.36
STU007102,Bachelor of Technology (B.Tech.) in Mechatronics,second_year,7.12
STU007103,Bachelor of Technology (B.Tech.) in Mechatronics,second_year,8.76
STU007104,Bachelor of Technology (B.Tech.) in Mechatronics,second_year,7.86
STU007105,Bachelor of Technology (B.Tech.) in Mechatronics,second_year,7.45
STU007106,Bachelor of Technology (B.Tech.) in Mechatronics,second_year,7.33
STU007107,Bachelor of Technology (B.Tech.) in Mechatronics,second_year,6.62
STU007108,Bachelor of Technology (B.Tech.) in Mechatronics,second_year,6.6
STU007109,Bachelor of Technology (B.Tech.) in Mechatronics,second_year,7.1
STU007110,Bachelor of Technology (B.Tech.) in Mechatronics,second_year,6.57
STU007111,Bachelor of Technology (B.Tech.) in Mechatronics,second_year,6.67
STU007112,Bachelor of Technology (B.Tech.) in Mechatronics,second_year,6.79
STU007113,Bachelor of Technology (B.Tech.) in Mechatronics,second_year,7.5
STU007114,Bachelor of Technology (B.Tech.) in Mechatronics,second_year,7.81
STU007115,Bachelor of Technology (B.Tech.) in Mechatronics,second_year,8.36
STU007116,Bachelor of Technology (B.Tech.) in Mechatronics,second_year,6.43
STU007117,Bachelor of Technology (B.Tech.) in Mechatronics,second_year,6.74
STU007118,Bachelor of Technology (B.Tech.) in Mechatronics,second_year,5.93
STU007119,Bachelor of Technology (B.Tech.) in Mechatronics,second_year,7.93
STU007120,Bachelor of Technology (B.Tech.) in Mechatronics,second_year,8.0
STU007121,Bachelor of Technology (B.Tech.) in Mechatronics,second_year,6.74
STU007122,Bachelor of Technology (B.Tech.) in Mechatronics,second_year,6.67
STU007123,Bachelor of Technology (B.Tech.) in Mechatronics,second_year,8.64
STU007124,Bachelor of Technology (B.Tech.) in Mechatronics,second_year,4.07
STU007125,Bachelor of Technology (B.Tech.) in Mechatronics,second_year,4.33
STU007126,Bachelor of Technology (B.Tech.) in Mechatronics,second_year,6.31
STU007127,Bachelor of Technology (B.Tech.) in Mechatronics,second_year,7.48
STU007128,Bachelor of Technology (B.Tech.) in Mechatronics,second_year,7.52
STU007129,Bachelor of Technology (B.Tech.) in Mechatronics,second_year,6.19
STU007130,Bachelor of Technology (B.Tech.) in Mechatronics,second_year,6.33
STU007131,Bachelor of Technology (B.Tech.) in Mechatronics,second_year,7.31
STU007132,Bachelor of Technology (B.Tech.) in Mechatronics,second_year,8.83
STU007133,Bachelor of Technology (B.Tech.) in Mechatronics,second_year,7.64
STU007134,Bachelor of Technology (B.Tech.) in Mechatronics,second_year,6.67
STU007135,Bachelor of Technology (B.Tech.) in Mechatronics,second_year,7.79
STU007136,Bachelor of Technology (B.Tech.) in Mechatronics,second_year,8.69
STU007137,Bachelor of Technology (B.Tech.) in Mechatronics,second_year,5.26
STU007138,Bachelor of Technology (B.Tech.) in Mechatronics,second_year,5.79
STU007139,Bachelor of Technology (B.Tech.) in Mechatronics,second_year,6.98
STU007140,Bachelor of Technology (B.Tech.) in Mechatronics,second_year,3.48
STU007141,Bachelor of Technology (B.Tech.) in Mechatronics,second_year,5.4
STU007142,Bachelor of Technology (B.Tech.) in Mechatronics,second_year,6.74
STU007143,Bachelor of Technology (B.Tech.) in Mechatronics,second_year,7.48
STU007144,Bachelor of Technology (B.Tech.) in Mechatronics,second_year,5.5
STU007145,Bachelor of Technology (B.Tech.) in Mechatronics,second_year,7.45
STU007146,Bachelor of Technology (B.Tech.) in Mechatronics,second_year,7.0
STU007147,Bachelor of Technology (B.Tech.) in Mechatronics,second_year,7.0
STU007148,Bachelor of Technology (B.Tech.) in Mechatronics,second_year,4.98
STU007149,Bachelor of Technology (B.Tech.) in Mechatronics,second_year,8.12
STU007150,Bachelor of Technology (B.Tech.) in Mechatronics,second_year,8.48
STU007151,Bachelor of Technology (B.Tech.) in Mechatronics,second_year,6.4
STU007152,Bachelor of Technology (B.Tech.) in Mechatronics,second_year,7.38
STU007153,Bachelor of Technology (B.Tech.) in Mechatronics,second_year,8.07
STU007154,Bachelor of Technology (B.Tech.) in Mechatronics,second_year,6.21
STU007155,Bachelor of Technology (B.Tech.) in Mechatronics,second_year,6.93
STU007156,Bachelor of Technology (B.Tech.) in Mechatronics,second_year,7.45
STU007157,Bachelor of Technology (B.Tech.) in Mechatronics,second_year,7.1
STU007158,Bachelor of Technology (B.Tech.) in Mechatronics,second_year,8.38
STU007159,Bachelor of Technology (B.Tech.) in Mechatronics,second_year,6.33
STU007160,Bachelor of Technology (B.Tech.) in Mechatronics,second_year,6.29
STU007161,Bachelor of Technology (B.Tech.) in Mechatronics,second_year,6.24
STU007162,Bachelor of Technology (B.Tech.) in Mechatronics,second_year,7.81
STU007163,Bachelor of Technology (B.Tech.) in Mechatronics,second_year,6.86
STU007164,Bachelor of Technology (B.Tech.) in Mechatronics,second_year,6.24
STU007165,Bachelor of Technology (B.Tech.) in Mechatronics,second_year,7.4
STU007166,Bachelor of Technology (B.Tech.) in Mechatronics,second_year,7.02
STU007167,Bachelor of Technology (B.Tech.) in Mechatronics,second_year,6.81
STU007168,Bachelor of Technology (B.Tech.) in Mechatronics,second_year,7.19
STU007169,Bachelor of Technology (B.Tech.) in Mechatronics,second_year,6.74
STU007170,Bachelor of Technology (B.Tech.) in Mechatronics,second_year,7.74
STU004689,Computer Science and Engineering ( Artificial Intelligence & Machine Learning ),second_year,5.4
STU004133,Computer and Communication Engineering,second_year,4.17
STU004288,Computer and Communication Engineering,second_year,5.5
STU004308,Computer and Communication Engineering,second_year,3.6
STU004898,Data Science & Engineering,second_year,4.93
STU005025,Data Science & Engineering,second_year,3.21
STU005044,Data Science & Engineering,second_year,3.3
STU003488,Information Technology,second_year,3.98
STU007696,Mechanical(Dual Degree Program with Deakin University),second_year,4.98
STU007697,Mechanical(Dual Degree Program with Deakin University),second_year,6.1
STU007698,Mechanical(Dual Degree Program with Deakin University),second_year,6.62
STU007699,Mechanical(Dual Degree Program with Deakin University),second_year,5.93
STU007700,Mechanical(Dual Degree Program with Deakin University),second_year,7.43
STU007701,Mechanical(Dual Degree Program with Deakin University),second_year,5.79
STU007702,Mechanical(Dual Degree Program with Deakin University),second_year,5.55
STU007703,Mechanical(Dual Degree Program with Deakin University),second_year,6.45
STU007704,Mechanical(Dual Degree Program with Deakin University),second_year,4.33
STU004887,Mechatronics (Dual Degree Program with Deakin University),second_year,3.5
STU007705,Mechatronics (Dual Degree Program with Deakin University),second_year,5.81
STU007706,Mechatronics (Dual Degree Program with Deakin University),second_year,6.55
STU007707,Mechatronics (Dual Degree Program with Deakin University),second_year,6.6
STU007708,Mechatronics (Dual Degree Program with Deakin University),second_year,5.98
STU007709,Mechatronics (Dual Degree Program with Deakin University),second_year,8.05
STU007710,Mechatronics (Dual Degree Program with Deakin University),second_year,6.21
STU007711,Mechatronics (Dual Degree Program with Deakin University),second_year,7.02
STU007712,Mechatronics (Dual Degree Program with Deakin University),second_year,7.36
STU007713,Mechatronics (Dual Degree Program with Deakin University),second_year,4.52
STU007714,Mechatronics (Dual Degree Program with Deakin University),second_year,5.43
STU007715,Mechatronics (Dual Degree Program with Deakin University),second_year,6.21
STU007716,Mechatronics (Dual Degree Program with Deakin University),second_year,8.12
STU000151,Bachelor of Technology (B.Tech.) in Aeronautical Engineering,third_year,4.8
STU000155,Bachelor of Technology (B.Tech.) in Aeronautical Engineering,third_year,5.24
STU001639,Bachelor of Technology (B.Tech.) in Aeronautical Engineering,third_year,6.39
STU004016,Bachelor of Technology (B.Tech.) in Aeronautical Engineering,third_year,6.85
STU004017,Bachelor of Technology (B.Tech.) in Aeronautical Engineering,third_year,4.98
STU004018,Bachelor of Technology (B.Tech.) in Aeronautical Engineering,third_year,7.06
STU004019,Bachelor of Technology (B.Tech.) in Aeronautical Engineering,third_year,5.82
STU004020,Bachelor of Technology (B.Tech.) in Aeronautical Engineering,third_year,8.73
STU004021,Bachelor of Technology (B.Tech.) in Aeronautical Engineering,third_year,9.02
STU004022,Bachelor of Technology (B.Tech.) in Aeronautical Engineering,third_year,8.07
STU004023,Bachelor of Technology (B.Tech.) in Aeronautical Engineering,third_year,7.67
STU004024,Bachelor of Technology (B.Tech.) in Aeronautical Engineering,third_year,7.16
STU004025,Bachelor of Technology (B.Tech.) in Aeronautical Engineering,third_year,6.65
STU004027,Bachelor of Technology (B.Tech.) in Aeronautical Engineering,third_year,9.04
STU004028,Bachelor of Technology (B.Tech.) in Aeronautical Engineering,third_year,7.95
STU004029,Bachelor of Technology (B.Tech.) in Aeronautical Engineering,third_year,7.34
STU004030,Bachelor of Technology (B.Tech.) in Aeronautical Engineering,third_year,8.65
STU004031,Bachelor of Technology (B.Tech.) in Aeronautical Engineering,third_year,5.38
STU004032,Bachelor of Technology (B.Tech.) in Aeronautical Engineering,third_year,9.15
STU004033,Bachelor of Technology (B.Tech.) in Aeronautical Engineering,third_year,9.46
STU004034,Bachelor of Technology (B.Tech.) in Aeronautical Engineering,third_year,9.24
STU004035,Bachelor of Technology (B.Tech.) in Aeronautical Engineering,third_year,5.31
STU004036,Bachelor of Technology (B.Tech.) in Aeronautical Engineering,third_year,6.24
STU004037,Bachelor of Technology (B.Tech.) in Aeronautical Engineering,third_year,9.09
STU004038,Bachelor of Technology (B.Tech.) in Aeronautical Engineering,third_year,8.68
STU004039,Bachelor of Technology (B.Tech.) in Aeronautical Engineering,third_year,8.84
STU004040,Bachelor of Technology (B.Tech.) in Aeronautical Engineering,third_year,6.87
STU004041,Bachelor of Technology (B.Tech.) in Aeronautical Engineering,third_year,7.06
STU004042,Bachelor of Technology (B.Tech.) in Aeronautical Engineering,third_year,7.41
STU004043,Bachelor of Technology (B.Tech.) in Aeronautical Engineering,third_year,7.86
STU004044,Bachelor of Technology (B.Tech.) in Aeronautical Engineering,third_year,6.67
STU004045,Bachelor of Technology (B.Tech.) in Aeronautical Engineering,third_year,8.11
STU004046,Bachelor of Technology (B.Tech.) in Aeronautical Engineering,third_year,8.41
STU004047,Bachelor of Technology (B.Tech.) in Aeronautical Engineering,third_year,8.28
STU004048,Bachelor of Technology (B.Tech.) in Aeronautical Engineering,third_year,7.64
STU004049,Bachelor of Technology (B.Tech.) in Aeronautical Engineering,third_year,7.48
STU004050,Bachelor of Technology (B.Tech.) in Aeronautical Engineering,third_year,7.89
STU004051,Bachelor of Technology (B.Tech.) in Aeronautical Engineering,third_year,8.21
STU004052,Bachelor of Technology (B.Tech.) in Aeronautical Engineering,third_year,8.22
STU004053,Bachelor of Technology (B.Tech.) in Aeronautical Engineering,third_year,6.93
STU004054,Bachelor of Technology (B.Tech.) in Aeronautical Engineering,third_year,6.69
STU004055,Bachelor of Technology (B.Tech.) in Aeronautical Engineering,third_year,6.95
STU004056,Bachelor of Technology (B.Tech.) in Aeronautical Engineering,third_year,6.44
STU004057,Bachelor of Technology (B.Tech.) in Aeronautical Engineering,third_year,8.52
STU004058,Bachelor of Technology (B.Tech.) in Aeronautical Engineering,third_year,7.2
STU004059,Bachelor of Technology (B.Tech.) in Aeronautical Engineering,third_year,8.46
STU004060,Bachelor of Technology (B.Tech.) in Aeronautical Engineering,third_year,8.86
STU004061,Bachelor of Technology (B.Tech.) in Aeronautical Engineering,third_year,6.07
STU004062,Bachelor of Technology (B.Tech.) in Aeronautical Engineering,third_year,7.58
STU004063,Bachelor of Technology (B.Tech.) in Aeronautical Engineering,third_year,5.99
STU004064,Bachelor of Technology (B.Tech.) in Aeronautical Engineering,third_year,5.88
STU004065,Bachelor of Technology (B.Tech.) in Aeronautical Engineering,third_year,9.76
STU004066,Bachelor of Technology (B.Tech.) in Aeronautical Engineering,third_year,9.71
STU004067,Bachelor of Technology (B.Tech.) in Aeronautical Engineering,third_year,7.15
STU004068,Bachelor of Technology (B.Tech.) in Aeronautical Engineering,third_year,6.73
STU004069,Bachelor of Technology (B.Tech.) in Aeronautical Engineering,third_year,7.52
STU004070,Bachelor of Technology (B.Tech.) in Aeronautical Engineering,third_year,8.65
STU004071,Bachelor of Technology (B.Tech.) in Aeronautical Engineering,third_year,7.86
STU004072,Bachelor of Technology (B.Tech.) in Aeronautical Engineering,third_year,8.56
STU004073,Bachelor of Technology (B.Tech.) in Aeronautical Engineering,third_year,7.56
STU004074,Bachelor of Technology (B.Tech.) in Aeronautical Engineering,third_year,7.62
STU004075,Bachelor of Technology (B.Tech.) in Aeronautical Engineering,third_year,8.36
STU004077,Bachelor of Technology (B.Tech.) in Aeronautical Engineering,third_year,6.4
STU004078,Bachelor of Technology (B.Tech.) in Aeronautical Engineering,third_year,6.99
STU004079,Bachelor of Technology (B.Tech.) in Aeronautical Engineering,third_year,6.36
STU004080,Bachelor of Technology (B.Tech.) in Aeronautical Engineering,third_year,5.84
STU004081,Bachelor of Technology (B.Tech.) in Aeronautical Engineering,third_year,6.96
STU004082,Bachelor of Technology (B.Tech.) in Aeronautical Engineering,third_year,8.11
STU004083,Bachelor of Technology (B.Tech.) in Aeronautical Engineering,third_year,6.91
STU004084,Bachelor of Technology (B.Tech.) in Aeronautical Engineering,third_year,6.37
STU004085,Bachelor of Technology (B.Tech.) in Aeronautical Engineering,third_year,7.87
STU004086,Bachelor of Technology (B.Tech.) in Aeronautical Engineering,third_year,7.68
STU000159,Bachelor of Technology (B.Tech.) in Automobile Engineering,third_year,4.56
STU000160,Bachelor of Technology (B.Tech.) in Automobile Engineering,third_year,5.53
STU001668,Bachelor of Technology (B.Tech.) in Automobile Engineering,third_year,4.45
STU001674,Bachelor of Technology (B.Tech.) in Automobile Engineering,third_year,3.79
STU004087,Bachelor of Technology (B.Tech.) in Automobile Engineering,third_year,6.33
STU004088,Bachelor of Technology (B.Tech.) in Automobile Engineering,third_year,8.25
STU004089,Bachelor of Technology (B.Tech.) in Automobile Engineering,third_year,7.91
STU004090,Bachelor of Technology (B.Tech.) in Automobile Engineering,third_year,5.73
STU004091,Bachelor of Technology (B.Tech.) in Automobile Engineering,third_year,4.47
STU004092,Bachelor of Technology (B.Tech.) in Automobile Engineering,third_year,6.24
STU004093,Bachelor of Technology (B.Tech.) in Automobile Engineering,third_year,8.27
STU004094,Bachelor of Technology (B.Tech.) in Automobile Engineering,third_year,6.75
STU004095,Bachelor of Technology (B.Tech.) in Automobile Engineering,third_year,5.8
STU004096,Bachelor of Technology (B.Tech.) in Automobile Engineering,third_year,6.95
STU004097,Bachelor of Technology (B.Tech.) in Automobile Engineering,third_year,6.39
STU004098,Bachelor of Technology (B.Tech.) in Automobile Engineering,third_year,6.18
STU004099,Bachelor of Technology (B.Tech.) in Automobile Engineering,third_year,7.87
STU004101,Bachelor of Technology (B.Tech.) in Automobile Engineering,third_year,6.6
STU004102,Bachelor of Technology (B.Tech.) in Automobile Engineering,third_year,8.11
STU004103,Bachelor of Technology (B.Tech.) in Automobile Engineering,third_year,7.14
STU004104,Bachelor of Technology (B.Tech.) in Automobile Engineering,third_year,5.44
STU004105,Bachelor of Technology (B.Tech.) in Automobile Engineering,third_year,8.26
STU004106,Bachelor of Technology (B.Tech.) in Automobile Engineering,third_year,6.69
STU004108,Bachelor of Technology (B.Tech.) in Automobile Engineering,third_year,5.98
STU004109,Bachelor of Technology (B.Tech.) in Automobile Engineering,third_year,5.89
STU004110,Bachelor of Technology (B.Tech.) in Automobile Engineering,third_year,5.67
STU004111,Bachelor of Technology (B.Tech.) in Automobile Engineering,third_year,4.74
STU004112,Bachelor of Technology (B.Tech.) in Automobile Engineering,third_year,5.35
STU004113,Bachelor of Technology (B.Tech.) in Automobile Engineering,third_year,6.7
STU004114,Bachelor of Technology (B.Tech.) in Automobile Engineering,third_year,4.42
STU004115,Bachelor of Technology (B.Tech.) in Automobile Engineering,third_year,6.92
STU000005,Bachelor of Technology (B.Tech.) in Bio-Medical Engineering,third_year,5.07
STU000197,Bachelor of Technology (B.Tech.) in Bio-Medical Engineering,third_year,5.84
STU002507,Bachelor of Technology (B.Tech.) in Bio-Medical Engineering,third_year,8.18
STU002508,Bachelor of Technology (B.Tech.) in Bio-Medical Engineering,third_year,6.26
STU002509,Bachelor of Technology (B.Tech.) in Bio-Medical Engineering,third_year,8.14
STU002510,Bachelor of Technology (B.Tech.) in Bio-Medical Engineering,third_year,8.22
STU002511,Bachelor of Technology (B.Tech.) in Bio-Medical Engineering,third_year,8.48
STU002512,Bachelor of Technology (B.Tech.) in Bio-Medical Engineering,third_year,7.02
STU002513,Bachelor of Technology (B.Tech.) in Bio-Medical Engineering,third_year,5.61
STU002514,Bachelor of Technology (B.Tech.) in Bio-Medical Engineering,third_year,7.62
STU002515,Bachelor of Technology (B.Tech.) in Bio-Medical Engineering,third_year,6.56
STU002516,Bachelor of Technology (B.Tech.) in Bio-Medical Engineering,third_year,5.48
STU002517,Bachelor of Technology (B.Tech.) in Bio-Medical Engineering,third_year,7.55
STU002518,Bachelor of Technology (B.Tech.) in Bio-Medical Engineering,third_year,7.16
STU002519,Bachelor of Technology (B.Tech.) in Bio-Medical Engineering,third_year,5.11
STU002520,Bachelor of Technology (B.Tech.) in Bio-Medical Engineering,third_year,6.02
STU002521,Bachelor of Technology (B.Tech.) in Bio-Medical Engineering,third_year,7.87
STU002522,Bachelor of Technology (B.Tech.) in Bio-Medical Engineering,third_year,8.13
STU002523,Bachelor of Technology (B.Tech.) in Bio-Medical Engineering,third_year,6.24
STU002524,Bachelor of Technology (B.Tech.) in Bio-Medical Engineering,third_year,6.41
STU002525,Bachelor of Technology (B.Tech.) in Bio-Medical Engineering,third_year,7.16
STU002526,Bachelor of Technology (B.Tech.) in Bio-Medical Engineering,third_year,5.51
STU002527,Bachelor of Technology (B.Tech.) in Bio-Medical Engineering,third_year,8.54
STU002528,Bachelor of Technology (B.Tech.) in Bio-Medical Engineering,third_year,6.46
STU002529,Bachelor of Technology (B.Tech.) in Bio-Medical Engineering,third_year,5.89
STU002531,Bachelor of Technology (B.Tech.) in Bio-Medical Engineering,third_year,5.56
STU002532,Bachelor of Technology (B.Tech.) in Bio-Medical Engineering,third_year,6.04
STU002533,Bachelor of Technology (B.Tech.) in Bio-Medical Engineering,third_year,7.05
STU002534,Bachelor of Technology (B.Tech.) in Bio-Medical Engineering,third_year,8.34
STU002535,Bachelor of Technology (B.Tech.) in Bio-Medical Engineering,third_year,7.65
STU002536,Bachelor of Technology (B.Tech.) in Bio-Medical Engineering,third_year,7.02
STU002537,Bachelor of Technology (B.Tech.) in Bio-Medical Engineering,third_year,6.59
STU002538,Bachelor of Technology (B.Tech.) in Bio-Medical Engineering,third_year,9.08
STU002539,Bachelor of Technology (B.Tech.) in Bio-Medical Engineering,third_year,9.45
STU002540,Bachelor of Technology (B.Tech.) in Bio-Medical Engineering,third_year,6.47
STU002541,Bachelor of Technology (B.Tech.) in Bio-Medical Engineering,third_year,5.76
STU002542,Bachelor of Technology (B.Tech.) in Bio-Medical Engineering,third_year,7.54
STU002543,Bachelor of Technology (B.Tech.) in Bio-Medical Engineering,third_year,6.98
STU002544,Bachelor of Technology (B.Tech.) in Bio-Medical Engineering,third_year,5.91
STU002545,Bachelor of Technology (B.Tech.) in Bio-Medical Engineering,third_year,5.98
STU002546,Bachelor of Technology (B.Tech.) in Bio-Medical Engineering,third_year,5.64
STU002547,Bachelor of Technology (B.Tech.) in Bio-Medical Engineering,third_year,6.34
STU002548,Bachelor of Technology (B.Tech.) in Bio-Medical Engineering,third_year,7.2
STU002549,Bachelor of Technology (B.Tech.) in Bio-Medical Engineering,third_year,7.32
STU002550,Bachelor of Technology (B.Tech.) in Bio-Medical Engineering,third_year,6.85
STU002551,Bachelor of Technology (B.Tech.) in Bio-Medical Engineering,third_year,7.14
STU000027,Bachelor of Technology (B.Tech.) in Biotechnology,third_year,5.25
STU001348,Bachelor of Technology (B.Tech.) in Biotechnology,third_year,7.66
STU001381,Bachelor of Technology (B.Tech.) in Biotechnology,third_year,5.86
STU003728,Bachelor of Technology (B.Tech.) in Biotechnology,third_year,7.6
STU003729,Bachelor of Technology (B.Tech.) in Biotechnology,third_year,8.25
STU003730,Bachelor of Technology (B.Tech.) in Biotechnology,third_year,7.41
STU003731,Bachelor of Technology (B.Tech.) in Biotechnology,third_year,8.69
STU003732,Bachelor of Technology (B.Tech.) in Biotechnology,third_year,9.05
STU003733,Bachelor of Technology (B.Tech.) in Biotechnology,third_year,7.35
STU003734,Bachelor of Technology (B.Tech.) in Biotechnology,third_year,7.22
STU003735,Bachelor of Technology (B.Tech.) in Biotechnology,third_year,9.42
STU003736,Bachelor of Technology (B.Tech.) in Biotechnology,third_year,8.88
STU003737,Bachelor of Technology (B.Tech.) in Biotechnology,third_year,7.74
STU003738,Bachelor of Technology (B.Tech.) in Biotechnology,third_year,6.39
STU003739,Bachelor of Technology (B.Tech.) in Biotechnology,third_year,8.19
STU003740,Bachelor of Technology (B.Tech.) in Biotechnology,third_year,8.19
STU003741,Bachelor of Technology (B.Tech.) in Biotechnology,third_year,8.8
STU003742,Bachelor of Technology (B.Tech.) in Biotechnology,third_year,6.82
STU003743,Bachelor of Technology (B.Tech.) in Biotechnology,third_year,8.47
STU003744,Bachelor of Technology (B.Tech.) in Biotechnology,third_year,7.44
STU003745,Bachelor of Technology (B.Tech.) in Biotechnology,third_year,6.98
STU003746,Bachelor of Technology (B.Tech.) in Biotechnology,third_year,6.27
STU003747,Bachelor of Technology (B.Tech.) in Biotechnology,third_year,6.74
STU003748,Bachelor of Technology (B.Tech.) in Biotechnology,third_year,8.24
STU003749,Bachelor of Technology (B.Tech.) in Biotechnology,third_year,8.01
STU003750,Bachelor of Technology (B.Tech.) in Biotechnology,third_year,6.78
STU003751,Bachelor of Technology (B.Tech.) in Biotechnology,third_year,7.27
STU003752,Bachelor of Technology (B.Tech.) in Biotechnology,third_year,9.24
STU003753,Bachelor of Technology (B.Tech.) in Biotechnology,third_year,7.14
STU003754,Bachelor of Technology (B.Tech.) in Biotechnology,third_year,7.16
STU003755,Bachelor of Technology (B.Tech.) in Biotechnology,third_year,8.39
STU003756,Bachelor of Technology (B.Tech.) in Biotechnology,third_year,9.19
STU003757,Bachelor of Technology (B.Tech.) in Biotechnology,third_year,9.0
STU003758,Bachelor of Technology (B.Tech.) in Biotechnology,third_year,6.55
STU003759,Bachelor of Technology (B.Tech.) in Biotechnology,third_year,6.22
STU003760,Bachelor of Technology (B.Tech.) in Biotechnology,third_year,7.85
STU003761,Bachelor of Technology (B.Tech.) in Biotechnology,third_year,7.54
STU003762,Bachelor of Technology (B.Tech.) in Biotechnology,third_year,7.15
STU003763,Bachelor of Technology (B.Tech.) in Biotechnology,third_year,8.84
STU003764,Bachelor of Technology (B.Tech.) in Biotechnology,third_year,7.16
STU003766,Bachelor of Technology (B.Tech.) in Biotechnology,third_year,5.39
STU003767,Bachelor of Technology (B.Tech.) in Biotechnology,third_year,7.65
STU003768,Bachelor of Technology (B.Tech.) in Biotechnology,third_year,8.54
STU003769,Bachelor of Technology (B.Tech.) in Biotechnology,third_year,7.35
STU003770,Bachelor of Technology (B.Tech.) in Biotechnology,third_year,8.84
STU003771,Bachelor of Technology (B.Tech.) in Biotechnology,third_year,7.56
STU003772,Bachelor of Technology (B.Tech.) in Biotechnology,third_year,8.0
STU003773,Bachelor of Technology (B.Tech.) in Biotechnology,third_year,5.04
STU003774,Bachelor of Technology (B.Tech.) in Biotechnology,third_year,7.31
STU003775,Bachelor of Technology (B.Tech.) in Biotechnology,third_year,6.35
STU003776,Bachelor of Technology (B.Tech.) in Biotechnology,third_year,9.69
STU003777,Bachelor of Technology (B.Tech.) in Biotechnology,third_year,6.99
STU003778,Bachelor of Technology (B.Tech.) in Biotechnology,third_year,7.51
STU003779,Bachelor of Technology (B.Tech.) in Biotechnology,third_year,7.33
STU003780,Bachelor of Technology (B.Tech.) in Biotechnology,third_year,7.89
STU003781,Bachelor of Technology (B.Tech.) in Biotechnology,third_year,7.89
STU003782,Bachelor of Technology (B.Tech.) in Biotechnology,third_year,7.54
STU003783,Bachelor of Technology (B.Tech.) in Biotechnology,third_year,8.6
STU003784,Bachelor of Technology (B.Tech.) in Biotechnology,third_year,6.76
STU003785,Bachelor of Technology (B.Tech.) in Biotechnology,third_year,7.08
STU003786,Bachelor of Technology (B.Tech.) in Biotechnology,third_year,8.13
STU003787,Bachelor of Technology (B.Tech.) in Biotechnology,third_year,6.05
STU003788,Bachelor of Technology (B.Tech.) in Biotechnology,third_year,6.89
STU003789,Bachelor of Technology (B.Tech.) in Biotechnology,third_year,7.49
STU003790,Bachelor of Technology (B.Tech.) in Biotechnology,third_year,7.15
STU003791,Bachelor of Technology (B.Tech.) in Biotechnology,third_year,8.92
STU003792,Bachelor of Technology (B.Tech.) in Biotechnology,third_year,8.42
STU003793,Bachelor of Technology (B.Tech.) in Biotechnology,third_year,7.68
STU003794,Bachelor of Technology (B.Tech.) in Biotechnology,third_year,9.81
STU003795,Bachelor of Technology (B.Tech.) in Biotechnology,third_year,6.05
STU003796,Bachelor of Technology (B.Tech.) in Biotechnology,third_year,7.14
STU003797,Bachelor of Technology (B.Tech.) in Biotechnology,third_year,6.79
STU003798,Bachelor of Technology (B.Tech.) in Biotechnology,third_year,7.16
STU003799,Bachelor of Technology (B.Tech.) in Biotechnology,third_year,6.66
STU003800,Bachelor of Technology (B.Tech.) in Biotechnology,third_year,7.34
STU003801,Bachelor of Technology (B.Tech.) in Biotechnology,third_year,7.94
STU003802,Bachelor of Technology (B.Tech.) in Biotechnology,third_year,6.3
STU003803,Bachelor of Technology (B.Tech.) in Biotechnology,third_year,6.77
STU000255,Bachelor of Technology (B.Tech.) in Chemical Engineering,third_year,5.68
STU000258,Bachelor of Technology (B.Tech.) in Chemical Engineering,third_year,4.21
STU000260,Bachelor of Technology (B.Tech.) in Chemical Engineering,third_year,4.76
STU002553,Bachelor of Technology (B.Tech.) in Chemical Engineering,third_year,7.41
STU002554,Bachelor of Technology (B.Tech.) in Chemical Engineering,third_year,7.68
STU002555,Bachelor of Technology (B.Tech.) in Chemical Engineering,third_year,6.06
STU002556,Bachelor of Technology (B.Tech.) in Chemical Engineering,third_year,6.88
STU002557,Bachelor of Technology (B.Tech.) in Chemical Engineering,third_year,6.13
STU002558,Bachelor of Technology (B.Tech.) in Chemical Engineering,third_year,5.39
STU002559,Bachelor of Technology (B.Tech.) in Chemical Engineering,third_year,7.13
STU002560,Bachelor of Technology (B.Tech.) in Chemical Engineering,third_year,7.13
STU002561,Bachelor of Technology (B.Tech.) in Chemical Engineering,third_year,6.55
STU002562,Bachelor of Technology (B.Tech.) in Chemical Engineering,third_year,8.35
STU002563,Bachelor of Technology (B.Tech.) in Chemical Engineering,third_year,7.14
STU002564,Bachelor of Technology (B.Tech.) in Chemical Engineering,third_year,7.72
STU002565,Bachelor of Technology (B.Tech.) in Chemical Engineering,third_year,5.84
STU002566,Bachelor of Technology (B.Tech.) in Chemical Engineering,third_year,7.27
STU002567,Bachelor of Technology (B.Tech.) in Chemical Engineering,third_year,8.71
STU002568,Bachelor of Technology (B.Tech.) in Chemical Engineering,third_year,7.68
STU002569,Bachelor of Technology (B.Tech.) in Chemical Engineering,third_year,5.21
STU002570,Bachelor of Technology (B.Tech.) in Chemical Engineering,third_year,8.45
STU002571,Bachelor of Technology (B.Tech.) in Chemical Engineering,third_year,7.91
STU002572,Bachelor of Technology (B.Tech.) in Chemical Engineering,third_year,4.72
STU002573,Bachelor of Technology (B.Tech.) in Chemical Engineering,third_year,6.62
STU002574,Bachelor of Technology (B.Tech.) in Chemical Engineering,third_year,5.67
STU002575,Bachelor of Technology (B.Tech.) in Chemical Engineering,third_year,7.32
STU002577,Bachelor of Technology (B.Tech.) in Chemical Engineering,third_year,7.64
STU002578,Bachelor of Technology (B.Tech.) in Chemical Engineering,third_year,6.25
STU002579,Bachelor of Technology (B.Tech.) in Chemical Engineering,third_year,6.19
STU002580,Bachelor of Technology (B.Tech.) in Chemical Engineering,third_year,7.98
STU002581,Bachelor of Technology (B.Tech.) in Chemical Engineering,third_year,6.85
STU002582,Bachelor of Technology (B.Tech.) in Chemical Engineering,third_year,6.12
STU002583,Bachelor of Technology (B.Tech.) in Chemical Engineering,third_year,6.25
STU002584,Bachelor of Technology (B.Tech.) in Chemical Engineering,third_year,6.92
STU002585,Bachelor of Technology (B.Tech.) in Chemical Engineering,third_year,8.53
STU002586,Bachelor of Technology (B.Tech.) in Chemical Engineering,third_year,6.59
STU002587,Bachelor of Technology (B.Tech.) in Chemical Engineering,third_year,7.62
STU002588,Bachelor of Technology (B.Tech.) in Chemical Engineering,third_year,7.56
STU002590,Bachelor of Technology (B.Tech.) in Chemical Engineering,third_year,9.41
STU002591,Bachelor of Technology (B.Tech.) in Chemical Engineering,third_year,6.31
STU002592,Bachelor of Technology (B.Tech.) in Chemical Engineering,third_year,6.92
STU002593,Bachelor of Technology (B.Tech.) in Chemical Engineering,third_year,8.74
STU002594,Bachelor of Technology (B.Tech.) in Chemical Engineering,third_year,4.74
STU002595,Bachelor of Technology (B.Tech.) in Chemical Engineering,third_year,5.96
STU002596,Bachelor of Technology (B.Tech.) in Chemical Engineering,third_year,6.58
STU000060,Bachelor of Technology (B.Tech.) in Civil Engineering,third_year,4.95
STU000280,Bachelor of Technology (B.Tech.) in Civil Engineering,third_year,5.38
STU000281,Bachelor of Technology (B.Tech.) in Civil Engineering,third_year,5.06
STU000282,Bachelor of Technology (B.Tech.) in Civil Engineering,third_year,5.35
STU000287,Bachelor of Technology (B.Tech.) in Civil Engineering,third_year,4.73
STU000288,Bachelor of Technology (B.Tech.) in Civil Engineering,third_year,4.53
STU000302,Bachelor of Technology (B.Tech.) in Civil Engineering,third_year,3.89
STU002597,Bachelor of Technology (B.Tech.) in Civil Engineering,third_year,5.78
STU002598,Bachelor of Technology (B.Tech.) in Civil Engineering,third_year,7.79
STU002599,Bachelor of Technology (B.Tech.) in Civil Engineering,third_year,5.95
STU002600,Bachelor of Technology (B.Tech.) in Civil Engineering,third_year,5.18
STU002601,Bachelor of Technology (B.Tech.) in Civil Engineering,third_year,6.87
STU002602,Bachelor of Technology (B.Tech.) in Civil Engineering,third_year,5.11
STU002603,Bachelor of Technology (B.Tech.) in Civil Engineering,third_year,6.2
STU002605,Bachelor of Technology (B.Tech.) in Civil Engineering,third_year,6.53
STU002606,Bachelor of Technology (B.Tech.) in Civil Engineering,third_year,7.05
STU002607,Bachelor of Technology (B.Tech.) in Civil Engineering,third_year,7.81
STU002608,Bachelor of Technology (B.Tech.) in Civil Engineering,third_year,7.14
STU002609,Bachelor of Technology (B.Tech.) in Civil Engineering,third_year,5.24
STU002610,Bachelor of Technology (B.Tech.) in Civil Engineering,third_year,8.64
STU002611,Bachelor of Technology (B.Tech.) in Civil Engineering,third_year,7.64
STU002612,Bachelor of Technology (B.Tech.) in Civil Engineering,third_year,6.81
STU002613,Bachelor of Technology (B.Tech.) in Civil Engineering,third_year,7.14
STU002614,Bachelor of Technology (B.Tech.) in Civil Engineering,third_year,9.41
STU002615,Bachelor of Technology (B.Tech.) in Civil Engineering,third_year,8.13
STU002616,Bachelor of Technology (B.Tech.) in Civil Engineering,third_year,8.64
STU002617,Bachelor of Technology (B.Tech.) in Civil Engineering,third_year,6.99
STU002618,Bachelor of Technology (B.Tech.) in Civil Engineering,third_year,6.85
STU002621,Bachelor of Technology (B.Tech.) in Civil Engineering,third_year,6.28
STU002622,Bachelor of Technology (B.Tech.) in Civil Engineering,third_year,5.82
STU002623,Bachelor of Technology (B.Tech.) in Civil Engineering,third_year,6.0
STU002624,Bachelor of Technology (B.Tech.) in Civil Engineering,third_year,7.27
STU002626,Bachelor of Technology (B.Tech.) in Civil Engineering,third_year,6.13
STU002627,Bachelor of Technology (B.Tech.) in Civil Engineering,third_year,6.99
STU002628,Bachelor of Technology (B.Tech.) in Civil Engineering,third_year,7.79
STU002629,Bachelor of Technology (B.Tech.) in Civil Engineering,third_year,6.12
STU002630,Bachelor of Technology (B.Tech.) in Civil Engineering,third_year,6.58
STU002631,Bachelor of Technology (B.Tech.) in Civil Engineering,third_year,4.7
STU002632,Bachelor of Technology (B.Tech.) in Civil Engineering,third_year,4.93
STU002633,Bachelor of Technology (B.Tech.) in Civil Engineering,third_year,5.16
STU002052,Bachelor of Technology (B.Tech.) in Computer Science & Financial Technology,third_year,6.38
STU004433,Bachelor of Technology (B.Tech.) in Computer Science & Financial Technology,third_year,6.48
STU004435,Bachelor of Technology (B.Tech.) in Computer Science & Financial Technology,third_year,8.71
STU004436,Bachelor of Technology (B.Tech.) in Computer Science & Financial Technology,third_year,7.86
STU004437,Bachelor of Technology (B.Tech.) in Computer Science & Financial Technology,third_year,8.61
STU004438,Bachelor of Technology (B.Tech.) in Computer Science & Financial Technology,third_year,8.91
STU004439,Bachelor of Technology (B.Tech.) in Computer Science & Financial Technology,third_year,5.86
STU004440,Bachelor of Technology (B.Tech.) in Computer Science & Financial Technology,third_year,5.99
STU004441,Bachelor of Technology (B.Tech.) in Computer Science & Financial Technology,third_year,5.79
STU004442,Bachelor of Technology (B.Tech.) in Computer Science & Financial Technology,third_year,8.53
STU004443,Bachelor of Technology (B.Tech.) in Computer Science & Financial Technology,third_year,5.76
STU004444,Bachelor of Technology (B.Tech.) in Computer Science & Financial Technology,third_year,5.04
STU004445,Bachelor of Technology (B.Tech.) in Computer Science & Financial Technology,third_year,7.2
STU004446,Bachelor of Technology (B.Tech.) in Computer Science & Financial Technology,third_year,5.67
STU004448,Bachelor of Technology (B.Tech.) in Computer Science & Financial Technology,third_year,4.64
STU004449,Bachelor of Technology (B.Tech.) in Computer Science & Financial Technology,third_year,5.18
STU004450,Bachelor of Technology (B.Tech.) in Computer Science & Financial Technology,third_year,7.32
STU004451,Bachelor of Technology (B.Tech.) in Computer Science & Financial Technology,third_year,6.27
STU004452,Bachelor of Technology (B.Tech.) in Computer Science & Financial Technology,third_year,7.91
STU004453,Bachelor of Technology (B.Tech.) in Computer Science & Financial Technology,third_year,9.09
STU004454,Bachelor of Technology (B.Tech.) in Computer Science & Financial Technology,third_year,6.2
STU004456,Bachelor of Technology (B.Tech.) in Computer Science & Financial Technology,third_year,7.09
STU004457,Bachelor of Technology (B.Tech.) in Computer Science & Financial Technology,third_year,7.6
STU004458,Bachelor of Technology (B.Tech.) in Computer Science & Financial Technology,third_year,8.69
STU004459,Bachelor of Technology (B.Tech.) in Computer Science & Financial Technology,third_year,8.28
STU004460,Bachelor of Technology (B.Tech.) in Computer Science & Financial Technology,third_year,8.18
STU004461,Bachelor of Technology (B.Tech.) in Computer Science & Financial Technology,third_year,8.19
STU004462,Bachelor of Technology (B.Tech.) in Computer Science & Financial Technology,third_year,5.98
STU004463,Bachelor of Technology (B.Tech.) in Computer Science & Financial Technology,third_year,8.02
STU004464,Bachelor of Technology (B.Tech.) in Computer Science & Financial Technology,third_year,8.69
STU004465,Bachelor of Technology (B.Tech.) in Computer Science & Financial Technology,third_year,9.58
STU004466,Bachelor of Technology (B.Tech.) in Computer Science & Financial Technology,third_year,6.25
STU004467,Bachelor of Technology (B.Tech.) in Computer Science & Financial Technology,third_year,8.36
STU004468,Bachelor of Technology (B.Tech.) in Computer Science & Financial Technology,third_year,7.22
STU004469,Bachelor of Technology (B.Tech.) in Computer Science & Financial Technology,third_year,6.56
STU004470,Bachelor of Technology (B.Tech.) in Computer Science & Financial Technology,third_year,7.91
STU004471,Bachelor of Technology (B.Tech.) in Computer Science & Financial Technology,third_year,6.98
STU004472,Bachelor of Technology (B.Tech.) in Computer Science & Financial Technology,third_year,7.62
STU004473,Bachelor of Technology (B.Tech.) in Computer Science & Financial Technology,third_year,8.42
STU004474,Bachelor of Technology (B.Tech.) in Computer Science & Financial Technology,third_year,8.19
STU004475,Bachelor of Technology (B.Tech.) in Computer Science & Financial Technology,third_year,7.71
STU004476,Bachelor of Technology (B.Tech.) in Computer Science & Financial Technology,third_year,8.07
STU004477,Bachelor of Technology (B.Tech.) in Computer Science & Financial Technology,third_year,8.45
STU004478,Bachelor of Technology (B.Tech.) in Computer Science & Financial Technology,third_year,9.59
STU004479,Bachelor of Technology (B.Tech.) in Computer Science & Financial Technology,third_year,9.14
STU004480,Bachelor of Technology (B.Tech.) in Computer Science & Financial Technology,third_year,8.12
STU004481,Bachelor of Technology (B.Tech.) in Computer Science & Financial Technology,third_year,7.69
STU004482,Bachelor of Technology (B.Tech.) in Computer Science & Financial Technology,third_year,6.26
STU004483,Bachelor of Technology (B.Tech.) in Computer Science & Financial Technology,third_year,8.75
STU004484,Bachelor of Technology (B.Tech.) in Computer Science & Financial Technology,third_year,8.94
STU004485,Bachelor of Technology (B.Tech.) in Computer Science & Financial Technology,third_year,8.05
STU004486,Bachelor of Technology (B.Tech.) in Computer Science & Financial Technology,third_year,8.41
STU004487,Bachelor of Technology (B.Tech.) in Computer Science & Financial Technology,third_year,7.93
STU004488,Bachelor of Technology (B.Tech.) in Computer Science & Financial Technology,third_year,7.98
STU004489,Bachelor of Technology (B.Tech.) in Computer Science & Financial Technology,third_year,8.8
STU004490,Bachelor of Technology (B.Tech.) in Computer Science & Financial Technology,third_year,8.44
STU004491,Bachelor of Technology (B.Tech.) in Computer Science & Financial Technology,third_year,6.89
STU004492,Bachelor of Technology (B.Tech.) in Computer Science & Financial Technology,third_year,9.51
STU004493,Bachelor of Technology (B.Tech.) in Computer Science & Financial Technology,third_year,7.09
STU004494,Bachelor of Technology (B.Tech.) in Computer Science & Financial Technology,third_year,7.99
STU004495,Bachelor of Technology (B.Tech.) in Computer Science & Financial Technology,third_year,7.52
STU004496,Bachelor of Technology (B.Tech.) in Computer Science & Financial Technology,third_year,8.93
STU004497,Bachelor of Technology (B.Tech.) in Computer Science & Financial Technology,third_year,8.24
STU004498,Bachelor of Technology (B.Tech.) in Computer Science & Financial Technology,third_year,8.05
STU004499,Bachelor of Technology (B.Tech.) in Computer Science & Financial Technology,third_year,4.85
STU004500,Bachelor of Technology (B.Tech.) in Computer Science & Financial Technology,third_year,8.47
STU004501,Bachelor of Technology (B.Tech.) in Computer Science & Financial Technology,third_year,7.15
STU004502,Bachelor of Technology (B.Tech.) in Computer Science & Financial Technology,third_year,5.35
STU004503,Bachelor of Technology (B.Tech.) in Computer Science & Financial Technology,third_year,6.19
STU004504,Bachelor of Technology (B.Tech.) in Computer Science & Financial Technology,third_year,8.62
STU004505,Bachelor of Technology (B.Tech.) in Computer Science & Financial Technology,third_year,8.99
STU004506,Bachelor of Technology (B.Tech.) in Computer Science & Financial Technology,third_year,8.26
STU004507,Bachelor of Technology (B.Tech.) in Computer Science & Financial Technology,third_year,8.73
STU000068,Bachelor of Technology (B.Tech.) in Computer Science and Engineering,third_year,5.54
STU000072,Bachelor of Technology (B.Tech.) in Computer Science and Engineering,third_year,5.4
STU000357,Bachelor of Technology (B.Tech.) in Computer Science and Engineering,third_year,4.88
STU000386,Bachelor of Technology (B.Tech.) in Computer Science and Engineering,third_year,5.52
STU000408,Bachelor of Technology (B.Tech.) in Computer Science and Engineering,third_year,4.73
STU000415,Bachelor of Technology (B.Tech.) in Computer Science and Engineering,third_year,4.74
STU000490,Bachelor of Technology (B.Tech.) in Computer Science and Engineering,third_year,5.02
STU000520,Bachelor of Technology (B.Tech.) in Computer Science and Engineering,third_year,4.39
STU002634,Bachelor of Technology (B.Tech.) in Computer Science and Engineering,third_year,6.74
STU002635,Bachelor of Technology (B.Tech.) in Computer Science and Engineering,third_year,9.45
STU002636,Bachelor of Technology (B.Tech.) in Computer Science and Engineering,third_year,8.86
STU002637,Bachelor of Technology (B.Tech.) in Computer Science and Engineering,third_year,4.56
STU002638,Bachelor of Technology (B.Tech.) in Computer Science and Engineering,third_year,8.48
STU002639,Bachelor of Technology (B.Tech.) in Computer Science and Engineering,third_year,7.21
STU002640,Bachelor of Technology (B.Tech.) in Computer Science and Engineering,third_year,6.59
STU002641,Bachelor of Technology (B.Tech.) in Computer Science and Engineering,third_year,5.86
STU002642,Bachelor of Technology (B.Tech.) in Computer Science and Engineering,third_year,9.01
STU002643,Bachelor of Technology (B.Tech.) in Computer Science and Engineering,third_year,6.19
STU002644,Bachelor of Technology (B.Tech.) in Computer Science and Engineering,third_year,7.86
STU002645,Bachelor of Technology (B.Tech.) in Computer Science and Engineering,third_year,7.28
STU002646,Bachelor of Technology (B.Tech.) in Computer Science and Engineering,third_year,8.28
STU002647,Bachelor of Technology (B.Tech.) in Computer Science and Engineering,third_year,5.99
STU002648,Bachelor of Technology (B.Tech.) in Computer Science and Engineering,third_year,7.81
STU002649,Bachelor of Technology (B.Tech.) in Computer Science and Engineering,third_year,8.2
STU002650,Bachelor of Technology (B.Tech.) in Computer Science and Engineering,third_year,7.53
STU002651,Bachelor of Technology (B.Tech.) in Computer Science and Engineering,third_year,5.84
STU002652,Bachelor of Technology (B.Tech.) in Computer Science and Engineering,third_year,7.79
STU002653,Bachelor of Technology (B.Tech.) in Computer Science and Engineering,third_year,8.26
STU002654,Bachelor of Technology (B.Tech.) in Computer Science and Engineering,third_year,8.71
STU002655,Bachelor of Technology (B.Tech.) in Computer Science and Engineering,third_year,6.74
STU002656,Bachelor of Technology (B.Tech.) in Computer Science and Engineering,third_year,7.58
STU002657,Bachelor of Technology (B.Tech.) in Computer Science and Engineering,third_year,8.96
STU002658,Bachelor of Technology (B.Tech.) in Computer Science and Engineering,third_year,8.69
STU002659,Bachelor of Technology (B.Tech.) in Computer Science and Engineering,third_year,7.88
STU002660,Bachelor of Technology (B.Tech.) in Computer Science and Engineering,third_year,8.35
STU002661,Bachelor of Technology (B.Tech.) in Computer Science and Engineering,third_year,8.73
STU002662,Bachelor of Technology (B.Tech.) in Computer Science and Engineering,third_year,4.03
STU002663,Bachelor of Technology (B.Tech.) in Computer Science and Engineering,third_year,9.48
STU002664,Bachelor of Technology (B.Tech.) in Computer Science and Engineering,third_year,7.19
STU002665,Bachelor of Technology (B.Tech.) in Computer Science and Engineering,third_year,8.72
STU002666,Bachelor of Technology (B.Tech.) in Computer Science and Engineering,third_year,7.55
STU002667,Bachelor of Technology (B.Tech.) in Computer Science and Engineering,third_year,8.49
STU002668,Bachelor of Technology (B.Tech.) in Computer Science and Engineering,third_year,7.61
STU002669,Bachelor of Technology (B.Tech.) in Computer Science and Engineering,third_year,8.44
STU002670,Bachelor of Technology (B.Tech.) in Computer Science and Engineering,third_year,7.14
STU002671,Bachelor of Technology (B.Tech.) in Computer Science and Engineering,third_year,5.32
STU002672,Bachelor of Technology (B.Tech.) in Computer Science and Engineering,third_year,6.93
STU002673,Bachelor of Technology (B.Tech.) in Computer Science and Engineering,third_year,5.64
STU002674,Bachelor of Technology (B.Tech.) in Computer Science and Engineering,third_year,7.87
STU002675,Bachelor of Technology (B.Tech.) in Computer Science and Engineering,third_year,5.95
STU002676,Bachelor of Technology (B.Tech.) in Computer Science and Engineering,third_year,9.0
STU002677,Bachelor of Technology (B.Tech.) in Computer Science and Engineering,third_year,9.12
STU002678,Bachelor of Technology (B.Tech.) in Computer Science and Engineering,third_year,5.46
STU002679,Bachelor of Technology (B.Tech.) in Computer Science and Engineering,third_year,6.91
STU002680,Bachelor of Technology (B.Tech.) in Computer Science and Engineering,third_year,7.88
STU002681,Bachelor of Technology (B.Tech.) in Computer Science and Engineering,third_year,8.8
STU002682,Bachelor of Technology (B.Tech.) in Computer Science and Engineering,third_year,8.19
STU002683,Bachelor of Technology (B.Tech.) in Computer Science and Engineering,third_year,5.87
STU002684,Bachelor of Technology (B.Tech.) in Computer Science and Engineering,third_year,5.27
STU002685,Bachelor of Technology (B.Tech.) in Computer Science and Engineering,third_year,8.08
STU002686,Bachelor of Technology (B.Tech.) in Computer Science and Engineering,third_year,6.99
STU002687,Bachelor of Technology (B.Tech.) in Computer Science and Engineering,third_year,7.09
STU002688,Bachelor of Technology (B.Tech.) in Computer Science and Engineering,third_year,9.04
STU002689,Bachelor of Technology (B.Tech.) in Computer Science and Engineering,third_year,7.39
STU002690,Bachelor of Technology (B.Tech.) in Computer Science and Engineering,third_year,7.78
STU002691,Bachelor of Technology (B.Tech.) in Computer Science and Engineering,third_year,6.54
STU002692,Bachelor of Technology (B.Tech.) in Computer Science and Engineering,third_year,8.75
STU002693,Bachelor of Technology (B.Tech.) in Computer Science and Engineering,third_year,5.59
STU002694,Bachelor of Technology (B.Tech.) in Computer Science and Engineering,third_year,9.16
STU002695,Bachelor of Technology (B.Tech.) in Computer Science and Engineering,third_year,7.74
STU002696,Bachelor of Technology (B.Tech.) in Computer Science and Engineering,third_year,8.67
STU002697,Bachelor of Technology (B.Tech.) in Computer Science and Engineering,third_year,7.89
STU002698,Bachelor of Technology (B.Tech.) in Computer Science and Engineering,third_year,6.2
STU002699,Bachelor of Technology (B.Tech.) in Computer Science and Engineering,third_year,8.19
STU002700,Bachelor of Technology (B.Tech.) in Computer Science and Engineering,third_year,9.08
STU002701,Bachelor of Technology (B.Tech.) in Computer Science and Engineering,third_year,7.51
STU002702,Bachelor of Technology (B.Tech.) in Computer Science and Engineering,third_year,5.14
STU002703,Bachelor of Technology (B.Tech.) in Computer Science and Engineering,third_year,9.28
STU002704,Bachelor of Technology (B.Tech.) in Computer Science and Engineering,third_year,7.12
STU002705,Bachelor of Technology (B.Tech.) in Computer Science and Engineering,third_year,6.94
STU002706,Bachelor of Technology (B.Tech.) in Computer Science and Engineering,third_year,5.68
STU002707,Bachelor of Technology (B.Tech.) in Computer Science and Engineering,third_year,8.67
STU002708,Bachelor of Technology (B.Tech.) in Computer Science and Engineering,third_year,8.56
STU002709,Bachelor of Technology (B.Tech.) in Computer Science and Engineering,third_year,8.33
STU002710,Bachelor of Technology (B.Tech.) in Computer Science and Engineering,third_year,6.46
STU002711,Bachelor of Technology (B.Tech.) in Computer Science and Engineering,third_year,9.59
STU002712,Bachelor of Technology (B.Tech.) in Computer Science and Engineering,third_year,9.18
STU002713,Bachelor of Technology (B.Tech.) in Computer Science and Engineering,third_year,7.93
STU002714,Bachelor of Technology (B.Tech.) in Computer Science and Engineering,third_year,7.41
STU002715,Bachelor of Technology (B.Tech.) in Computer Science and Engineering,third_year,6.81
STU002716,Bachelor of Technology (B.Tech.) in Computer Science and Engineering,third_year,9.65
STU002717,Bachelor of Technology (B.Tech.) in Computer Science and Engineering,third_year,9.6
STU002718,Bachelor of Technology (B.Tech.) in Computer Science and Engineering,third_year,8.38
STU002719,Bachelor of Technology (B.Tech.) in Computer Science and Engineering,third_year,8.81
STU002720,Bachelor of Technology (B.Tech.) in Computer Science and Engineering,third_year,8.29
STU002721,Bachelor of Technology (B.Tech.) in Computer Science and Engineering,third_year,8.81
STU002722,Bachelor of Technology (B.Tech.) in Computer Science and Engineering,third_year,8.59
STU002723,Bachelor of Technology (B.Tech.) in Computer Science and Engineering,third_year,9.04
STU002724,Bachelor of Technology (B.Tech.) in Computer Science and Engineering,third_year,8.66
STU002725,Bachelor of Technology (B.Tech.) in Computer Science and Engineering,third_year,7.75
STU002726,Bachelor of Technology (B.Tech.) in Computer Science and Engineering,third_year,9.6
STU002727,Bachelor of Technology (B.Tech.) in Computer Science and Engineering,third_year,8.35
STU002728,Bachelor of Technology (B.Tech.) in Computer Science and Engineering,third_year,9.51
STU002729,Bachelor of Technology (B.Tech.) in Computer Science and Engineering,third_year,8.59
STU002730,Bachelor of Technology (B.Tech.) in Computer Science and Engineering,third_year,8.34
STU002731,Bachelor of Technology (B.Tech.) in Computer Science and Engineering,third_year,8.22
STU002732,Bachelor of Technology (B.Tech.) in Computer Science and Engineering,third_year,7.68
STU002733,Bachelor of Technology (B.Tech.) in Computer Science and Engineering,third_year,8.53
STU002734,Bachelor of Technology (B.Tech.) in Computer Science and Engineering,third_year,8.21
STU002735,Bachelor of Technology (B.Tech.) in Computer Science and Engineering,third_year,7.45
STU002736,Bachelor of Technology (B.Tech.) in Computer Science and Engineering,third_year,8.44
STU002737,Bachelor of Technology (B.Tech.) in Computer Science and Engineering,third_year,8.81
STU002738,Bachelor of Technology (B.Tech.) in Computer Science and Engineering,third_year,7.68
STU002739,Bachelor of Technology (B.Tech.) in Computer Science and Engineering,third_year,8.98
STU002740,Bachelor of Technology (B.Tech.) in Computer Science and Engineering,third_year,8.88
STU002741,Bachelor of Technology (B.Tech.) in Computer Science and Engineering,third_year,7.84
STU002742,Bachelor of Technology (B.Tech.) in Computer Science and Engineering,third_year,8.53
STU002743,Bachelor of Technology (B.Tech.) in Computer Science and Engineering,third_year,8.4
STU002744,Bachelor of Technology (B.Tech.) in Computer Science and Engineering,third_year,7.13
STU002745,Bachelor of Technology (B.Tech.) in Computer Science and Engineering,third_year,8.55
STU002746,Bachelor of Technology (B.Tech.) in Computer Science and Engineering,third_year,8.2
STU002747,Bachelor of Technology (B.Tech.) in Computer Science and Engineering,third_year,8.39
STU002748,Bachelor of Technology (B.Tech.) in Computer Science and Engineering,third_year,8.71
STU002749,Bachelor of Technology (B.Tech.) in Computer Science and Engineering,third_year,8.58
STU002750,Bachelor of Technology (B.Tech.) in Computer Science and Engineering,third_year,8.36
STU002751,Bachelor of Technology (B.Tech.) in Computer Science and Engineering,third_year,7.8
STU002752,Bachelor of Technology (B.Tech.) in Computer Science and Engineering,third_year,8.21
STU002753,Bachelor of Technology (B.Tech.) in Computer Science and Engineering,third_year,7.59
STU002754,Bachelor of Technology (B.Tech.) in Computer Science and Engineering,third_year,9.4
STU002755,Bachelor of Technology (B.Tech.) in Computer Science and Engineering,third_year,9.16
STU002756,Bachelor of Technology (B.Tech.) in Computer Science and Engineering,third_year,7.54
STU002757,Bachelor of Technology (B.Tech.) in Computer Science and Engineering,third_year,6.88
STU002758,Bachelor of Technology (B.Tech.) in Computer Science and Engineering,third_year,8.46
STU002759,Bachelor of Technology (B.Tech.) in Computer Science and Engineering,third_year,9.4
STU002760,Bachelor of Technology (B.Tech.) in Computer Science and Engineering,third_year,7.94
STU002761,Bachelor of Technology (B.Tech.) in Computer Science and Engineering,third_year,8.95
STU002762,Bachelor of Technology (B.Tech.) in Computer Science and Engineering,third_year,9.18
STU002763,Bachelor of Technology (B.Tech.) in Computer Science and Engineering,third_year,7.16
STU002764,Bachelor of Technology (B.Tech.) in Computer Science and Engineering,third_year,8.95
STU002765,Bachelor of Technology (B.Tech.) in Computer Science and Engineering,third_year,8.39
STU002766,Bachelor of Technology (B.Tech.) in Computer Science and Engineering,third_year,7.99
STU002767,Bachelor of Technology (B.Tech.) in Computer Science and Engineering,third_year,8.89
STU002768,Bachelor of Technology (B.Tech.) in Computer Science and Engineering,third_year,6.24
STU002769,Bachelor of Technology (B.Tech.) in Computer Science and Engineering,third_year,6.99
STU002770,Bachelor of Technology (B.Tech.) in Computer Science and Engineering,third_year,8.46
STU002771,Bachelor of Technology (B.Tech.) in Computer Science and Engineering,third_year,7.56
STU002772,Bachelor of Technology (B.Tech.) in Computer Science and Engineering,third_year,7.8
STU002773,Bachelor of Technology (B.Tech.) in Computer Science and Engineering,third_year,8.68
STU002774,Bachelor of Technology (B.Tech.) in Computer Science and Engineering,third_year,8.8
STU002775,Bachelor of Technology (B.Tech.) in Computer Science and Engineering,third_year,5.55
STU002776,Bachelor of Technology (B.Tech.) in Computer Science and Engineering,third_year,9.22
STU002777,Bachelor of Technology (B.Tech.) in Computer Science and Engineering,third_year,8.25
STU002778,Bachelor of Technology (B.Tech.) in Computer Science and Engineering,third_year,8.74
STU002779,Bachelor of Technology (B.Tech.) in Computer Science and Engineering,third_year,9.08
STU002780,Bachelor of Technology (B.Tech.) in Computer Science and Engineering,third_year,8.28
STU002781,Bachelor of Technology (B.Tech.) in Computer Science and Engineering,third_year,8.19
STU002782,Bachelor of Technology (B.Tech.) in Computer Science and Engineering,third_year,8.92
STU002783,Bachelor of Technology (B.Tech.) in Computer Science and Engineering,third_year,7.72
STU002784,Bachelor of Technology (B.Tech.) in Computer Science and Engineering,third_year,8.11
STU002785,Bachelor of Technology (B.Tech.) in Computer Science and Engineering,third_year,8.0
STU002786,Bachelor of Technology (B.Tech.) in Computer Science and Engineering,third_year,9.25
STU002787,Bachelor of Technology (B.Tech.) in Computer Science and Engineering,third_year,8.16
STU002788,Bachelor of Technology (B.Tech.) in Computer Science and Engineering,third_year,8.99
STU002789,Bachelor of Technology (B.Tech.) in Computer Science and Engineering,third_year,9.35
STU002790,Bachelor of Technology (B.Tech.) in Computer Science and Engineering,third_year,7.09
STU002791,Bachelor of Technology (B.Tech.) in Computer Science and Engineering,third_year,9.32
STU002792,Bachelor of Technology (B.Tech.) in Computer Science and Engineering,third_year,8.69
STU002793,Bachelor of Technology (B.Tech.) in Computer Science and Engineering,third_year,8.46
STU002794,Bachelor of Technology (B.Tech.) in Computer Science and Engineering,third_year,8.09
STU002795,Bachelor of Technology (B.Tech.) in Computer Science and Engineering,third_year,7.81
STU002796,Bachelor of Technology (B.Tech.) in Computer Science and Engineering,third_year,9.82
STU002797,Bachelor of Technology (B.Tech.) in Computer Science and Engineering,third_year,8.05
STU002798,Bachelor of Technology (B.Tech.) in Computer Science and Engineering,third_year,9.09
STU002799,Bachelor of Technology (B.Tech.) in Computer Science and Engineering,third_year,8.41
STU002800,Bachelor of Technology (B.Tech.) in Computer Science and Engineering,third_year,9.69
STU002801,Bachelor of Technology (B.Tech.) in Computer Science and Engineering,third_year,7.71
STU002802,Bachelor of Technology (B.Tech.) in Computer Science and Engineering,third_year,9.31
STU002803,Bachelor of Technology (B.Tech.) in Computer Science and Engineering,third_year,9.07
STU002804,Bachelor of Technology (B.Tech.) in Computer Science and Engineering,third_year,8.41
STU002805,Bachelor of Technology (B.Tech.) in Computer Science and Engineering,third_year,7.78
STU002806,Bachelor of Technology (B.Tech.) in Computer Science and Engineering,third_year,7.73
STU002807,Bachelor of Technology (B.Tech.) in Computer Science and Engineering,third_year,8.34
STU002808,Bachelor of Technology (B.Tech.) in Computer Science and Engineering,third_year,7.67
STU002809,Bachelor of Technology (B.Tech.) in Computer Science and Engineering,third_year,8.34
STU002810,Bachelor of Technology (B.Tech.) in Computer Science and Engineering,third_year,9.13
STU002811,Bachelor of Technology (B.Tech.) in Computer Science and Engineering,third_year,8.16
STU002812,Bachelor of Technology (B.Tech.) in Computer Science and Engineering,third_year,8.73
STU002813,Bachelor of Technology (B.Tech.) in Computer Science and Engineering,third_year,8.86
STU002814,Bachelor of Technology (B.Tech.) in Computer Science and Engineering,third_year,8.67
STU002815,Bachelor of Technology (B.Tech.) in Computer Science and Engineering,third_year,8.4
STU002816,Bachelor of Technology (B.Tech.) in Computer Science and Engineering,third_year,8.69
STU002817,Bachelor of Technology (B.Tech.) in Computer Science and Engineering,third_year,9.51
STU002818,Bachelor of Technology (B.Tech.) in Computer Science and Engineering,third_year,7.35
STU002819,Bachelor of Technology (B.Tech.) in Computer Science and Engineering,third_year,7.39
STU002820,Bachelor of Technology (B.Tech.) in Computer Science and Engineering,third_year,8.64
STU002821,Bachelor of Technology (B.Tech.) in Computer Science and Engineering,third_year,8.22
STU002822,Bachelor of Technology (B.Tech.) in Computer Science and Engineering,third_year,8.19
STU002823,Bachelor of Technology (B.Tech.) in Computer Science and Engineering,third_year,8.84
STU002824,Bachelor of Technology (B.Tech.) in Computer Science and Engineering,third_year,8.04
STU002825,Bachelor of Technology (B.Tech.) in Computer Science and Engineering,third_year,7.47
STU002826,Bachelor of Technology (B.Tech.) in Computer Science and Engineering,third_year,7.14
STU002827,Bachelor of Technology (B.Tech.) in Computer Science and Engineering,third_year,7.98
STU002828,Bachelor of Technology (B.Tech.) in Computer Science and Engineering,third_year,8.73
STU002829,Bachelor of Technology (B.Tech.) in Computer Science and Engineering,third_year,6.86
STU002830,Bachelor of Technology (B.Tech.) in Computer Science and Engineering,third_year,7.76
STU002831,Bachelor of Technology (B.Tech.) in Computer Science and Engineering,third_year,8.53
STU002832,Bachelor of Technology (B.Tech.) in Computer Science and Engineering,third_year,9.32
STU002833,Bachelor of Technology (B.Tech.) in Computer Science and Engineering,third_year,8.01
STU002834,Bachelor of Technology (B.Tech.) in Computer Science and Engineering,third_year,8.78
STU002835,Bachelor of Technology (B.Tech.) in Computer Science and Engineering,third_year,8.95
STU002836,Bachelor of Technology (B.Tech.) in Computer Science and Engineering,third_year,8.89
STU002837,Bachelor of Technology (B.Tech.) in Computer Science and Engineering,third_year,7.52
STU002838,Bachelor of Technology (B.Tech.) in Computer Science and Engineering,third_year,8.64
STU002839,Bachelor of Technology (B.Tech.) in Computer Science and Engineering,third_year,7.93
STU002840,Bachelor of Technology (B.Tech.) in Computer Science and Engineering,third_year,8.74
STU002841,Bachelor of Technology (B.Tech.) in Computer Science and Engineering,third_year,8.99
STU002842,Bachelor of Technology (B.Tech.) in Computer Science and Engineering,third_year,7.36
STU002843,Bachelor of Technology (B.Tech.) in Computer Science and Engineering,third_year,7.88
STU002844,Bachelor of Technology (B.Tech.) in Computer Science and Engineering,third_year,8.35
STU002845,Bachelor of Technology (B.Tech.) in Computer Science and Engineering,third_year,7.92
STU002846,Bachelor of Technology (B.Tech.) in Computer Science and Engineering,third_year,8.58
STU002847,Bachelor of Technology (B.Tech.) in Computer Science and Engineering,third_year,9.16
STU002848,Bachelor of Technology (B.Tech.) in Computer Science and Engineering,third_year,8.42
STU002849,Bachelor of Technology (B.Tech.) in Computer Science and Engineering,third_year,7.95
STU002850,Bachelor of Technology (B.Tech.) in Computer Science and Engineering,third_year,7.52
STU002851,Bachelor of Technology (B.Tech.) in Computer Science and Engineering,third_year,8.52
STU002852,Bachelor of Technology (B.Tech.) in Computer Science and Engineering,third_year,7.84
STU002853,Bachelor of Technology (B.Tech.) in Computer Science and Engineering,third_year,8.71
STU002854,Bachelor of Technology (B.Tech.) in Computer Science and Engineering,third_year,7.41
STU002855,Bachelor of Technology (B.Tech.) in Computer Science and Engineering,third_year,7.65
STU002856,Bachelor of Technology (B.Tech.) in Computer Science and Engineering,third_year,7.75
STU002857,Bachelor of Technology (B.Tech.) in Computer Science and Engineering,third_year,7.18
STU002858,Bachelor of Technology (B.Tech.) in Computer Science and Engineering,third_year,7.72
STU002859,Bachelor of Technology (B.Tech.) in Computer Science and Engineering,third_year,7.16
STU002860,Bachelor of Technology (B.Tech.) in Computer Science and Engineering,third_year,7.81
STU002861,Bachelor of Technology (B.Tech.) in Computer Science and Engineering,third_year,8.39
STU002862,Bachelor of Technology (B.Tech.) in Computer Science and Engineering,third_year,6.81
STU002863,Bachelor of Technology (B.Tech.) in Computer Science and Engineering,third_year,9.13
STU002864,Bachelor of Technology (B.Tech.) in Computer Science and Engineering,third_year,7.73
STU002865,Bachelor of Technology (B.Tech.) in Computer Science and Engineering,third_year,8.44
STU002866,Bachelor of Technology (B.Tech.) in Computer Science and Engineering,third_year,8.69
STU002867,Bachelor of Technology (B.Tech.) in Computer Science and Engineering,third_year,8.45
STU002868,Bachelor of Technology (B.Tech.) in Computer Science and Engineering,third_year,9.73
STU002869,Bachelor of Technology (B.Tech.) in Computer Science and Engineering,third_year,8.54
STU002870,Bachelor of Technology (B.Tech.) in Computer Science and Engineering,third_year,9.07
STU002871,Bachelor of Technology (B.Tech.) in Computer Science and Engineering,third_year,8.21
STU002872,Bachelor of Technology (B.Tech.) in Computer Science and Engineering,third_year,6.09
STU002873,Bachelor of Technology (B.Tech.) in Computer Science and Engineering,third_year,8.21
STU002874,Bachelor of Technology (B.Tech.) in Computer Science and Engineering,third_year,7.74
STU002875,Bachelor of Technology (B.Tech.) in Computer Science and Engineering,third_year,6.55
STU002876,Bachelor of Technology (B.Tech.) in Computer Science and Engineering,third_year,7.31
STU002877,Bachelor of Technology (B.Tech.) in Computer Science and Engineering,third_year,6.64
STU002878,Bachelor of Technology (B.Tech.) in Computer Science and Engineering,third_year,8.26
STU002879,Bachelor of Technology (B.Tech.) in Computer Science and Engineering,third_year,7.99
STU002880,Bachelor of Technology (B.Tech.) in Computer Science and Engineering,third_year,8.28
STU002881,Bachelor of Technology (B.Tech.) in Computer Science and Engineering,third_year,8.51
STU002882,Bachelor of Technology (B.Tech.) in Computer Science and Engineering,third_year,7.4
STU002883,Bachelor of Technology (B.Tech.) in Computer Science and Engineering,third_year,8.18
STU002884,Bachelor of Technology (B.Tech.) in Computer Science and Engineering,third_year,8.69
STU002885,Bachelor of Technology (B.Tech.) in Computer Science and Engineering,third_year,6.76
STU002886,Bachelor of Technology (B.Tech.) in Computer Science and Engineering,third_year,8.2
STU002887,Bachelor of Technology (B.Tech.) in Computer Science and Engineering,third_year,9.39
STU002888,Bachelor of Technology (B.Tech.) in Computer Science and Engineering,third_year,6.72
STU002889,Bachelor of Technology (B.Tech.) in Computer Science and Engineering,third_year,8.61
STU002890,Bachelor of Technology (B.Tech.) in Computer Science and Engineering,third_year,7.45
STU002891,Bachelor of Technology (B.Tech.) in Computer Science and Engineering,third_year,7.35
STU002892,Bachelor of Technology (B.Tech.) in Computer Science and Engineering,third_year,6.84
STU002893,Bachelor of Technology (B.Tech.) in Computer Science and Engineering,third_year,8.85
STU002894,Bachelor of Technology (B.Tech.) in Computer Science and Engineering,third_year,8.65
STU002895,Bachelor of Technology (B.Tech.) in Computer Science and Engineering,third_year,7.41
STU002896,Bachelor of Technology (B.Tech.) in Computer Science and Engineering,third_year,6.49
STU002897,Bachelor of Technology (B.Tech.) in Computer Science and Engineering,third_year,9.42
STU002898,Bachelor of Technology (B.Tech.) in Computer Science and Engineering,third_year,8.76
STU002899,Bachelor of Technology (B.Tech.) in Computer Science and Engineering,third_year,8.38
STU002900,Bachelor of Technology (B.Tech.) in Computer Science and Engineering,third_year,7.13
STU002901,Bachelor of Technology (B.Tech.) in Computer Science and Engineering,third_year,7.72
STU002902,Bachelor of Technology (B.Tech.) in Computer Science and Engineering,third_year,8.33
STU002903,Bachelor of Technology (B.Tech.) in Computer Science and Engineering,third_year,9.25
STU002904,Bachelor of Technology (B.Tech.) in Computer Science and Engineering,third_year,6.79
STU002905,Bachelor of Technology (B.Tech.) in Computer Science and Engineering,third_year,8.52
STU002906,Bachelor of Technology (B.Tech.) in Computer Science and Engineering,third_year,6.42
STU002907,Bachelor of Technology (B.Tech.) in Computer Science and Engineering,third_year,4.81
STU002908,Bachelor of Technology (B.Tech.) in Computer Science and Engineering,third_year,5.02
STU002909,Bachelor of Technology (B.Tech.) in Computer Science and Engineering,third_year,6.02
STU002910,Bachelor of Technology (B.Tech.) in Computer Science and Engineering,third_year,4.65
STU002911,Bachelor of Technology (B.Tech.) in Computer Science and Engineering,third_year,4.84
STU002912,Bachelor of Technology (B.Tech.) in Computer Science and Engineering,third_year,5.07
STU002913,Bachelor of Technology (B.Tech.) in Computer Science and Engineering,third_year,5.14
STU002914,Bachelor of Technology (B.Tech.) in Computer Science and Engineering,third_year,4.47
STU002915,Bachelor of Technology (B.Tech.) in Computer Science and Engineering,third_year,9.41
STU002916,Bachelor of Technology (B.Tech.) in Computer Science and Engineering,third_year,8.92
STU002917,Bachelor of Technology (B.Tech.) in Computer Science and Engineering,third_year,9.65
STU002918,Bachelor of Technology (B.Tech.) in Computer Science and Engineering,third_year,9.62
STU002919,Bachelor of Technology (B.Tech.) in Computer Science and Engineering,third_year,8.72
STU002920,Bachelor of Technology (B.Tech.) in Computer Science and Engineering,third_year,9.05
STU002176,Bachelor of Technology (B.Tech.) in Cyber Physical Systems,third_year,4.38
STU002179,Bachelor of Technology (B.Tech.) in Cyber Physical Systems,third_year,5.49
STU004578,Bachelor of Technology (B.Tech.) in Cyber Physical Systems,third_year,7.41
STU004579,Bachelor of Technology (B.Tech.) in Cyber Physical Systems,third_year,6.74
STU004580,Bachelor of Technology (B.Tech.) in Cyber Physical Systems,third_year,4.39
STU004581,Bachelor of Technology (B.Tech.) in Cyber Physical Systems,third_year,7.26
STU004582,Bachelor of Technology (B.Tech.) in Cyber Physical Systems,third_year,6.28
STU004583,Bachelor of Technology (B.Tech.) in Cyber Physical Systems,third_year,6.48
STU004584,Bachelor of Technology (B.Tech.) in Cyber Physical Systems,third_year,6.44
STU004585,Bachelor of Technology (B.Tech.) in Cyber Physical Systems,third_year,4.79
STU004586,Bachelor of Technology (B.Tech.) in Cyber Physical Systems,third_year,6.46
STU004587,Bachelor of Technology (B.Tech.) in Cyber Physical Systems,third_year,6.76
STU004588,Bachelor of Technology (B.Tech.) in Cyber Physical Systems,third_year,7.52
STU004589,Bachelor of Technology (B.Tech.) in Cyber Physical Systems,third_year,5.84
STU004590,Bachelor of Technology (B.Tech.) in Cyber Physical Systems,third_year,6.76
STU004591,Bachelor of Technology (B.Tech.) in Cyber Physical Systems,third_year,6.51
STU004592,Bachelor of Technology (B.Tech.) in Cyber Physical Systems,third_year,8.19
STU004593,Bachelor of Technology (B.Tech.) in Cyber Physical Systems,third_year,8.18
STU004594,Bachelor of Technology (B.Tech.) in Cyber Physical Systems,third_year,6.11
STU004595,Bachelor of Technology (B.Tech.) in Cyber Physical Systems,third_year,7.25
STU004596,Bachelor of Technology (B.Tech.) in Cyber Physical Systems,third_year,6.78
STU004597,Bachelor of Technology (B.Tech.) in Cyber Physical Systems,third_year,6.54
STU004598,Bachelor of Technology (B.Tech.) in Cyber Physical Systems,third_year,6.29
STU004599,Bachelor of Technology (B.Tech.) in Cyber Physical Systems,third_year,6.8
STU004600,Bachelor of Technology (B.Tech.) in Cyber Physical Systems,third_year,6.28
STU004601,Bachelor of Technology (B.Tech.) in Cyber Physical Systems,third_year,4.81
STU004602,Bachelor of Technology (B.Tech.) in Cyber Physical Systems,third_year,6.34
STU004603,Bachelor of Technology (B.Tech.) in Cyber Physical Systems,third_year,5.88
STU004604,Bachelor of Technology (B.Tech.) in Cyber Physical Systems,third_year,8.93
STU004605,Bachelor of Technology (B.Tech.) in Cyber Physical Systems,third_year,6.59
STU004606,Bachelor of Technology (B.Tech.) in Cyber Physical Systems,third_year,7.53
STU004607,Bachelor of Technology (B.Tech.) in Cyber Physical Systems,third_year,7.12
STU004608,Bachelor of Technology (B.Tech.) in Cyber Physical Systems,third_year,7.61
STU004609,Bachelor of Technology (B.Tech.) in Cyber Physical Systems,third_year,8.22
STU004610,Bachelor of Technology (B.Tech.) in Cyber Physical Systems,third_year,7.22
STU004611,Bachelor of Technology (B.Tech.) in Cyber Physical Systems,third_year,7.26
STU004612,Bachelor of Technology (B.Tech.) in Cyber Physical Systems,third_year,8.04
STU004613,Bachelor of Technology (B.Tech.) in Cyber Physical Systems,third_year,7.44
STU004614,Bachelor of Technology (B.Tech.) in Cyber Physical Systems,third_year,6.86
STU004615,Bachelor of Technology (B.Tech.) in Cyber Physical Systems,third_year,7.34
STU004616,Bachelor of Technology (B.Tech.) in Cyber Physical Systems,third_year,6.66
STU004617,Bachelor of Technology (B.Tech.) in Cyber Physical Systems,third_year,5.18
STU004618,Bachelor of Technology (B.Tech.) in Cyber Physical Systems,third_year,7.19
STU004619,Bachelor of Technology (B.Tech.) in Cyber Physical Systems,third_year,6.95
STU004620,Bachelor of Technology (B.Tech.) in Cyber Physical Systems,third_year,7.42
STU004621,Bachelor of Technology (B.Tech.) in Cyber Physical Systems,third_year,7.46
STU004622,Bachelor of Technology (B.Tech.) in Cyber Physical Systems,third_year,6.95
STU004623,Bachelor of Technology (B.Tech.) in Cyber Physical Systems,third_year,7.6
STU004624,Bachelor of Technology (B.Tech.) in Cyber Physical Systems,third_year,7.71
STU004625,Bachelor of Technology (B.Tech.) in Cyber Physical Systems,third_year,7.35
STU004626,Bachelor of Technology (B.Tech.) in Cyber Physical Systems,third_year,6.49
STU004627,Bachelor of Technology (B.Tech.) in Cyber Physical Systems,third_year,7.27
STU004628,Bachelor of Technology (B.Tech.) in Cyber Physical Systems,third_year,6.54
STU004629,Bachelor of Technology (B.Tech.) in Cyber Physical Systems,third_year,9.18
STU004630,Bachelor of Technology (B.Tech.) in Cyber Physical Systems,third_year,7.42
STU004631,Bachelor of Technology (B.Tech.) in Cyber Physical Systems,third_year,6.87
STU004632,Bachelor of Technology (B.Tech.) in Cyber Physical Systems,third_year,6.28
STU004633,Bachelor of Technology (B.Tech.) in Cyber Physical Systems,third_year,7.33
STU004634,Bachelor of Technology (B.Tech.) in Cyber Physical Systems,third_year,6.12
STU004635,Bachelor of Technology (B.Tech.) in Cyber Physical Systems,third_year,5.15
STU004636,Bachelor of Technology (B.Tech.) in Cyber Physical Systems,third_year,5.53
STU004637,Bachelor of Technology (B.Tech.) in Cyber Physical Systems,third_year,7.59
STU004638,Bachelor of Technology (B.Tech.) in Cyber Physical Systems,third_year,8.12
STU004639,Bachelor of Technology (B.Tech.) in Cyber Physical Systems,third_year,5.94
STU004640,Bachelor of Technology (B.Tech.) in Cyber Physical Systems,third_year,8.61
STU004641,Bachelor of Technology (B.Tech.) in Cyber Physical Systems,third_year,4.58
STU004642,Bachelor of Technology (B.Tech.) in Cyber Physical Systems,third_year,6.99
STU004643,Bachelor of Technology (B.Tech.) in Cyber Physical Systems,third_year,5.04
STU004644,Bachelor of Technology (B.Tech.) in Cyber Physical Systems,third_year,6.33
STU004645,Bachelor of Technology (B.Tech.) in Cyber Physical Systems,third_year,6.79
STU004646,Bachelor of Technology (B.Tech.) in Cyber Physical Systems,third_year,6.68
STU004647,Bachelor of Technology (B.Tech.) in Cyber Physical Systems,third_year,7.15
STU004648,Bachelor of Technology (B.Tech.) in Cyber Physical Systems,third_year,6.26
STU004649,Bachelor of Technology (B.Tech.) in Cyber Physical Systems,third_year,5.98
STU004650,Bachelor of Technology (B.Tech.) in Cyber Physical Systems,third_year,8.19
STU004651,Bachelor of Technology (B.Tech.) in Cyber Physical Systems,third_year,5.95
STU004652,Bachelor of Technology (B.Tech.) in Cyber Physical Systems,third_year,6.46
STU004653,Bachelor of Technology (B.Tech.) in Cyber Physical Systems,third_year,7.6
STU004654,Bachelor of Technology (B.Tech.) in Cyber Physical Systems,third_year,7.45
STU004655,Bachelor of Technology (B.Tech.) in Cyber Physical Systems,third_year,7.64
STU004656,Bachelor of Technology (B.Tech.) in Cyber Physical Systems,third_year,5.44
STU004657,Bachelor of Technology (B.Tech.) in Cyber Physical Systems,third_year,7.66
STU004658,Bachelor of Technology (B.Tech.) in Cyber Physical Systems,third_year,6.34
STU004659,Bachelor of Technology (B.Tech.) in Cyber Physical Systems,third_year,6.92
STU004660,Bachelor of Technology (B.Tech.) in Cyber Physical Systems,third_year,5.66
STU004661,Bachelor of Technology (B.Tech.) in Cyber Physical Systems,third_year,7.95
STU004662,Bachelor of Technology (B.Tech.) in Cyber Physical Systems,third_year,6.94
STU004663,Bachelor of Technology (B.Tech.) in Cyber Physical Systems,third_year,5.11
STU004664,Bachelor of Technology (B.Tech.) in Cyber Physical Systems,third_year,6.22
STU004665,Bachelor of Technology (B.Tech.) in Cyber Physical Systems,third_year,5.18
STU004666,Bachelor of Technology (B.Tech.) in Cyber Physical Systems,third_year,4.44
STU004667,Bachelor of Technology (B.Tech.) in Cyber Physical Systems,third_year,5.94
STU004668,Bachelor of Technology (B.Tech.) in Cyber Physical Systems,third_year,5.06
STU004669,Bachelor of Technology (B.Tech.) in Cyber Physical Systems,third_year,6.2
STU004670,Bachelor of Technology (B.Tech.) in Cyber Physical Systems,third_year,6.41
STU004671,Bachelor of Technology (B.Tech.) in Cyber Physical Systems,third_year,7.31
STU004672,Bachelor of Technology (B.Tech.) in Cyber Physical Systems,third_year,6.12
STU004673,Bachelor of Technology (B.Tech.) in Cyber Physical Systems,third_year,5.33
STU004674,Bachelor of Technology (B.Tech.) in Cyber Physical Systems,third_year,5.78
STU004675,Bachelor of Technology (B.Tech.) in Cyber Physical Systems,third_year,6.16
STU004676,Bachelor of Technology (B.Tech.) in Cyber Physical Systems,third_year,5.14
STU004677,Bachelor of Technology (B.Tech.) in Cyber Physical Systems,third_year,4.89
STU004678,Bachelor of Technology (B.Tech.) in Cyber Physical Systems,third_year,3.86
STU004679,Bachelor of Technology (B.Tech.) in Cyber Physical Systems,third_year,8.12
STU004680,Bachelor of Technology (B.Tech.) in Cyber Physical Systems,third_year,7.04
STU004681,Bachelor of Technology (B.Tech.) in Cyber Physical Systems,third_year,7.54
STU004682,Bachelor of Technology (B.Tech.) in Cyber Physical Systems,third_year,7.13
STU004683,Bachelor of Technology (B.Tech.) in Cyber Physical Systems,third_year,6.8
STU004684,Bachelor of Technology (B.Tech.) in Cyber Physical Systems,third_year,6.96
STU004685,Bachelor of Technology (B.Tech.) in Cyber Physical Systems,third_year,6.38
STU004686,Bachelor of Technology (B.Tech.) in Cyber Physical Systems,third_year,6.38
STU004687,Bachelor of Technology (B.Tech.) in Cyber Physical Systems,third_year,5.78
STU000557,Bachelor of Technology (B.Tech.) in Electrical and Electronics Engineering,third_year,4.87
STU000605,Bachelor of Technology (B.Tech.) in Electrical and Electronics Engineering,third_year,4.31
STU000621,Bachelor of Technology (B.Tech.) in Electrical and Electronics Engineering,third_year,4.99
STU000656,Bachelor of Technology (B.Tech.) in Electrical and Electronics Engineering,third_year,5.13
STU000668,Bachelor of Technology (B.Tech.) in Electrical and Electronics Engineering,third_year,5.33
STU000683,Bachelor of Technology (B.Tech.) in Electrical and Electronics Engineering,third_year,5.4
STU000690,Bachelor of Technology (B.Tech.) in Electrical and Electronics Engineering,third_year,6.24
STU002921,Bachelor of Technology (B.Tech.) in Electrical and Electronics Engineering,third_year,8.06
STU002922,Bachelor of Technology (B.Tech.) in Electrical and Electronics Engineering,third_year,9.0
STU002923,Bachelor of Technology (B.Tech.) in Electrical and Electronics Engineering,third_year,6.87
STU002924,Bachelor of Technology (B.Tech.) in Electrical and Electronics Engineering,third_year,7.11
STU002925,Bachelor of Technology (B.Tech.) in Electrical and Electronics Engineering,third_year,8.49
STU002926,Bachelor of Technology (B.Tech.) in Electrical and Electronics Engineering,third_year,5.87
STU002927,Bachelor of Technology (B.Tech.) in Electrical and Electronics Engineering,third_year,6.58
STU002929,Bachelor of Technology (B.Tech.) in Electrical and Electronics Engineering,third_year,5.67
STU002930,Bachelor of Technology (B.Tech.) in Electrical and Electronics Engineering,third_year,6.48
STU002931,Bachelor of Technology (B.Tech.) in Electrical and Electronics Engineering,third_year,5.58
STU002932,Bachelor of Technology (B.Tech.) in Electrical and Electronics Engineering,third_year,8.41
STU002933,Bachelor of Technology (B.Tech.) in Electrical and Electronics Engineering,third_year,8.8
STU002934,Bachelor of Technology (B.Tech.) in Electrical and Electronics Engineering,third_year,7.38
STU002935,Bachelor of Technology (B.Tech.) in Electrical and Electronics Engineering,third_year,8.25
STU002936,Bachelor of Technology (B.Tech.) in Electrical and Electronics Engineering,third_year,8.28
STU002937,Bachelor of Technology (B.Tech.) in Electrical and Electronics Engineering,third_year,6.68
STU002938,Bachelor of Technology (B.Tech.) in Electrical and Electronics Engineering,third_year,7.96
STU002939,Bachelor of Technology (B.Tech.) in Electrical and Electronics Engineering,third_year,7.93
STU002940,Bachelor of Technology (B.Tech.) in Electrical and Electronics Engineering,third_year,7.95
STU002941,Bachelor of Technology (B.Tech.) in Electrical and Electronics Engineering,third_year,8.67
STU002942,Bachelor of Technology (B.Tech.) in Electrical and Electronics Engineering,third_year,6.58
STU002943,Bachelor of Technology (B.Tech.) in Electrical and Electronics Engineering,third_year,7.6
STU002944,Bachelor of Technology (B.Tech.) in Electrical and Electronics Engineering,third_year,6.09
STU002945,Bachelor of Technology (B.Tech.) in Electrical and Electronics Engineering,third_year,8.31
STU002946,Bachelor of Technology (B.Tech.) in Electrical and Electronics Engineering,third_year,8.11
STU002947,Bachelor of Technology (B.Tech.) in Electrical and Electronics Engineering,third_year,7.71
STU002948,Bachelor of Technology (B.Tech.) in Electrical and Electronics Engineering,third_year,7.36
STU002949,Bachelor of Technology (B.Tech.) in Electrical and Electronics Engineering,third_year,5.74
STU002950,Bachelor of Technology (B.Tech.) in Electrical and Electronics Engineering,third_year,7.86
STU002951,Bachelor of Technology (B.Tech.) in Electrical and Electronics Engineering,third_year,7.93
STU002952,Bachelor of Technology (B.Tech.) in Electrical and Electronics Engineering,third_year,7.98
STU002953,Bachelor of Technology (B.Tech.) in Electrical and Electronics Engineering,third_year,5.91
STU002954,Bachelor of Technology (B.Tech.) in Electrical and Electronics Engineering,third_year,8.13
STU002955,Bachelor of Technology (B.Tech.) in Electrical and Electronics Engineering,third_year,7.66
STU002956,Bachelor of Technology (B.Tech.) in Electrical and Electronics Engineering,third_year,8.93
STU002957,Bachelor of Technology (B.Tech.) in Electrical and Electronics Engineering,third_year,6.82
STU002958,Bachelor of Technology (B.Tech.) in Electrical and Electronics Engineering,third_year,6.54
STU002960,Bachelor of Technology (B.Tech.) in Electrical and Electronics Engineering,third_year,8.41
STU002961,Bachelor of Technology (B.Tech.) in Electrical and Electronics Engineering,third_year,7.62
STU002962,Bachelor of Technology (B.Tech.) in Electrical and Electronics Engineering,third_year,7.75
STU002963,Bachelor of Technology (B.Tech.) in Electrical and Electronics Engineering,third_year,7.49
STU002964,Bachelor of Technology (B.Tech.) in Electrical and Electronics Engineering,third_year,8.21
STU002965,Bachelor of Technology (B.Tech.) in Electrical and Electronics Engineering,third_year,8.25
STU002966,Bachelor of Technology (B.Tech.) in Electrical and Electronics Engineering,third_year,6.78
STU002967,Bachelor of Technology (B.Tech.) in Electrical and Electronics Engineering,third_year,7.84
STU002968,Bachelor of Technology (B.Tech.) in Electrical and Electronics Engineering,third_year,5.47
STU002969,Bachelor of Technology (B.Tech.) in Electrical and Electronics Engineering,third_year,6.07
STU002970,Bachelor of Technology (B.Tech.) in Electrical and Electronics Engineering,third_year,7.33
STU002971,Bachelor of Technology (B.Tech.) in Electrical and Electronics Engineering,third_year,7.47
STU002972,Bachelor of Technology (B.Tech.) in Electrical and Electronics Engineering,third_year,8.69
STU002973,Bachelor of Technology (B.Tech.) in Electrical and Electronics Engineering,third_year,6.94
STU002974,Bachelor of Technology (B.Tech.) in Electrical and Electronics Engineering,third_year,6.94
STU002975,Bachelor of Technology (B.Tech.) in Electrical and Electronics Engineering,third_year,7.11
STU002976,Bachelor of Technology (B.Tech.) in Electrical and Electronics Engineering,third_year,7.88
STU002977,Bachelor of Technology (B.Tech.) in Electrical and Electronics Engineering,third_year,6.59
STU002978,Bachelor of Technology (B.Tech.) in Electrical and Electronics Engineering,third_year,7.39
STU002979,Bachelor of Technology (B.Tech.) in Electrical and Electronics Engineering,third_year,7.72
STU002980,Bachelor of Technology (B.Tech.) in Electrical and Electronics Engineering,third_year,6.74
STU002981,Bachelor of Technology (B.Tech.) in Electrical and Electronics Engineering,third_year,8.05
STU002982,Bachelor of Technology (B.Tech.) in Electrical and Electronics Engineering,third_year,5.4
STU002983,Bachelor of Technology (B.Tech.) in Electrical and Electronics Engineering,third_year,5.76
STU002984,Bachelor of Technology (B.Tech.) in Electrical and Electronics Engineering,third_year,7.65
STU002985,Bachelor of Technology (B.Tech.) in Electrical and Electronics Engineering,third_year,7.26
STU002986,Bachelor of Technology (B.Tech.) in Electrical and Electronics Engineering,third_year,7.49
STU002987,Bachelor of Technology (B.Tech.) in Electrical and Electronics Engineering,third_year,6.29
STU002988,Bachelor of Technology (B.Tech.) in Electrical and Electronics Engineering,third_year,7.36
STU002989,Bachelor of Technology (B.Tech.) in Electrical and Electronics Engineering,third_year,5.15
STU002990,Bachelor of Technology (B.Tech.) in Electrical and Electronics Engineering,third_year,7.38
STU002991,Bachelor of Technology (B.Tech.) in Electrical and Electronics Engineering,third_year,7.18
STU002992,Bachelor of Technology (B.Tech.) in Electrical and Electronics Engineering,third_year,7.35
STU002993,Bachelor of Technology (B.Tech.) in Electrical and Electronics Engineering,third_year,5.01
STU002994,Bachelor of Technology (B.Tech.) in Electrical and Electronics Engineering,third_year,7.28
STU002995,Bachelor of Technology (B.Tech.) in Electrical and Electronics Engineering,third_year,7.81
STU002996,Bachelor of Technology (B.Tech.) in Electrical and Electronics Engineering,third_year,6.99
STU002997,Bachelor of Technology (B.Tech.) in Electrical and Electronics Engineering,third_year,6.42
STU002998,Bachelor of Technology (B.Tech.) in Electrical and Electronics Engineering,third_year,6.99
STU002999,Bachelor of Technology (B.Tech.) in Electrical and Electronics Engineering,third_year,6.68
STU003000,Bachelor of Technology (B.Tech.) in Electrical and Electronics Engineering,third_year,6.91
STU003001,Bachelor of Technology (B.Tech.) in Electrical and Electronics Engineering,third_year,6.13
STU003002,Bachelor of Technology (B.Tech.) in Electrical and Electronics Engineering,third_year,7.4
STU003003,Bachelor of Technology (B.Tech.) in Electrical and Electronics Engineering,third_year,7.14
STU003004,Bachelor of Technology (B.Tech.) in Electrical and Electronics Engineering,third_year,6.62
STU003005,Bachelor of Technology (B.Tech.) in Electrical and Electronics Engineering,third_year,7.15
STU003006,Bachelor of Technology (B.Tech.) in Electrical and Electronics Engineering,third_year,7.89
STU003007,Bachelor of Technology (B.Tech.) in Electrical and Electronics Engineering,third_year,5.08
STU003008,Bachelor of Technology (B.Tech.) in Electrical and Electronics Engineering,third_year,6.55
STU003009,Bachelor of Technology (B.Tech.) in Electrical and Electronics Engineering,third_year,6.61
STU003010,Bachelor of Technology (B.Tech.) in Electrical and Electronics Engineering,third_year,6.34
STU003011,Bachelor of Technology (B.Tech.) in Electrical and Electronics Engineering,third_year,7.98
STU003012,Bachelor of Technology (B.Tech.) in Electrical and Electronics Engineering,third_year,5.05
STU003013,Bachelor of Technology (B.Tech.) in Electrical and Electronics Engineering,third_year,5.78
STU003014,Bachelor of Technology (B.Tech.) in Electrical and Electronics Engineering,third_year,5.86
STU003015,Bachelor of Technology (B.Tech.) in Electrical and Electronics Engineering,third_year,7.14
STU003016,Bachelor of Technology (B.Tech.) in Electrical and Electronics Engineering,third_year,7.38
STU003017,Bachelor of Technology (B.Tech.) in Electrical and Electronics Engineering,third_year,7.18
STU003018,Bachelor of Technology (B.Tech.) in Electrical and Electronics Engineering,third_year,6.52
STU003019,Bachelor of Technology (B.Tech.) in Electrical and Electronics Engineering,third_year,6.38
STU003020,Bachelor of Technology (B.Tech.) in Electrical and Electronics Engineering,third_year,6.4
STU003021,Bachelor of Technology (B.Tech.) in Electrical and Electronics Engineering,third_year,8.76
STU003022,Bachelor of Technology (B.Tech.) in Electrical and Electronics Engineering,third_year,6.72
STU003023,Bachelor of Technology (B.Tech.) in Electrical and Electronics Engineering,third_year,7.61
STU003024,Bachelor of Technology (B.Tech.) in Electrical and Electronics Engineering,third_year,5.27
STU003025,Bachelor of Technology (B.Tech.) in Electrical and Electronics Engineering,third_year,7.87
STU003026,Bachelor of Technology (B.Tech.) in Electrical and Electronics Engineering,third_year,5.02
STU003027,Bachelor of Technology (B.Tech.) in Electrical and Electronics Engineering,third_year,6.48
STU003028,Bachelor of Technology (B.Tech.) in Electrical and Electronics Engineering,third_year,5.79
STU003029,Bachelor of Technology (B.Tech.) in Electrical and Electronics Engineering,third_year,7.0
STU003030,Bachelor of Technology (B.Tech.) in Electrical and Electronics Engineering,third_year,7.33
STU003031,Bachelor of Technology (B.Tech.) in Electrical and Electronics Engineering,third_year,7.29
STU003032,Bachelor of Technology (B.Tech.) in Electrical and Electronics Engineering,third_year,4.56
STU003033,Bachelor of Technology (B.Tech.) in Electrical and Electronics Engineering,third_year,6.96
STU003034,Bachelor of Technology (B.Tech.) in Electrical and Electronics Engineering,third_year,6.05
STU003035,Bachelor of Technology (B.Tech.) in Electrical and Electronics Engineering,third_year,6.87
STU003036,Bachelor of Technology (B.Tech.) in Electrical and Electronics Engineering,third_year,6.33
STU003037,Bachelor of Technology (B.Tech.) in Electrical and Electronics Engineering,third_year,7.58
STU003038,Bachelor of Technology (B.Tech.) in Electrical and Electronics Engineering,third_year,6.84
STU003039,Bachelor of Technology (B.Tech.) in Electrical and Electronics Engineering,third_year,6.86
STU003040,Bachelor of Technology (B.Tech.) in Electrical and Electronics Engineering,third_year,5.85
STU003041,Bachelor of Technology (B.Tech.) in Electrical and Electronics Engineering,third_year,4.85
STU003042,Bachelor of Technology (B.Tech.) in Electrical and Electronics Engineering,third_year,7.15
STU003043,Bachelor of Technology (B.Tech.) in Electrical and Electronics Engineering,third_year,5.85
STU003044,Bachelor of Technology (B.Tech.) in Electrical and Electronics Engineering,third_year,6.0
STU003045,Bachelor of Technology (B.Tech.) in Electrical and Electronics Engineering,third_year,5.81
STU003046,Bachelor of Technology (B.Tech.) in Electrical and Electronics Engineering,third_year,7.04
STU003047,Bachelor of Technology (B.Tech.) in Electrical and Electronics Engineering,third_year,7.49
STU003048,Bachelor of Technology (B.Tech.) in Electrical and Electronics Engineering,third_year,7.79
STU003049,Bachelor of Technology (B.Tech.) in Electrical and Electronics Engineering,third_year,7.32
STU003050,Bachelor of Technology (B.Tech.) in Electrical and Electronics Engineering,third_year,6.6
STU003051,Bachelor of Technology (B.Tech.) in Electrical and Electronics Engineering,third_year,6.62
STU003052,Bachelor of Technology (B.Tech.) in Electrical and Electronics Engineering,third_year,6.35
STU003053,Bachelor of Technology (B.Tech.) in Electrical and Electronics Engineering,third_year,6.31
STU003054,Bachelor of Technology (B.Tech.) in Electrical and Electronics Engineering,third_year,5.28
STU003055,Bachelor of Technology (B.Tech.) in Electrical and Electronics Engineering,third_year,6.0
STU003056,Bachelor of Technology (B.Tech.) in Electrical and Electronics Engineering,third_year,6.02
STU003057,Bachelor of Technology (B.Tech.) in Electrical and Electronics Engineering,third_year,4.88
STU002114,Bachelor of Technology (B.Tech.) in Electronics Engineering (VLSI Design and Technology),third_year,5.46
STU004508,Bachelor of Technology (B.Tech.) in Electronics Engineering (VLSI Design and Technology),third_year,7.64
STU004509,Bachelor of Technology (B.Tech.) in Electronics Engineering (VLSI Design and Technology),third_year,6.52
STU004510,Bachelor of Technology (B.Tech.) in Electronics Engineering (VLSI Design and Technology),third_year,5.73
STU004511,Bachelor of Technology (B.Tech.) in Electronics Engineering (VLSI Design and Technology),third_year,9.06
STU004512,Bachelor of Technology (B.Tech.) in Electronics Engineering (VLSI Design and Technology),third_year,6.56
STU004513,Bachelor of Technology (B.Tech.) in Electronics Engineering (VLSI Design and Technology),third_year,7.84
STU004514,Bachelor of Technology (B.Tech.) in Electronics Engineering (VLSI Design and Technology),third_year,5.94
STU004515,Bachelor of Technology (B.Tech.) in Electronics Engineering (VLSI Design and Technology),third_year,8.86
STU004516,Bachelor of Technology (B.Tech.) in Electronics Engineering (VLSI Design and Technology),third_year,7.39
STU004517,Bachelor of Technology (B.Tech.) in Electronics Engineering (VLSI Design and Technology),third_year,6.96
STU004518,Bachelor of Technology (B.Tech.) in Electronics Engineering (VLSI Design and Technology),third_year,8.49
STU004519,Bachelor of Technology (B.Tech.) in Electronics Engineering (VLSI Design and Technology),third_year,5.85
STU004520,Bachelor of Technology (B.Tech.) in Electronics Engineering (VLSI Design and Technology),third_year,7.35
STU004521,Bachelor of Technology (B.Tech.) in Electronics Engineering (VLSI Design and Technology),third_year,7.11
STU004522,Bachelor of Technology (B.Tech.) in Electronics Engineering (VLSI Design and Technology),third_year,7.27
STU004523,Bachelor of Technology (B.Tech.) in Electronics Engineering (VLSI Design and Technology),third_year,7.36
STU004524,Bachelor of Technology (B.Tech.) in Electronics Engineering (VLSI Design and Technology),third_year,5.96
STU004525,Bachelor of Technology (B.Tech.) in Electronics Engineering (VLSI Design and Technology),third_year,7.93
STU004526,Bachelor of Technology (B.Tech.) in Electronics Engineering (VLSI Design and Technology),third_year,7.12
STU004527,Bachelor of Technology (B.Tech.) in Electronics Engineering (VLSI Design and Technology),third_year,5.24
STU004528,Bachelor of Technology (B.Tech.) in Electronics Engineering (VLSI Design and Technology),third_year,7.32
STU004529,Bachelor of Technology (B.Tech.) in Electronics Engineering (VLSI Design and Technology),third_year,6.78
STU004530,Bachelor of Technology (B.Tech.) in Electronics Engineering (VLSI Design and Technology),third_year,5.92
STU004531,Bachelor of Technology (B.Tech.) in Electronics Engineering (VLSI Design and Technology),third_year,8.2
STU004532,Bachelor of Technology (B.Tech.) in Electronics Engineering (VLSI Design and Technology),third_year,7.31
STU004533,Bachelor of Technology (B.Tech.) in Electronics Engineering (VLSI Design and Technology),third_year,7.07
STU004534,Bachelor of Technology (B.Tech.) in Electronics Engineering (VLSI Design and Technology),third_year,7.44
STU004535,Bachelor of Technology (B.Tech.) in Electronics Engineering (VLSI Design and Technology),third_year,8.22
STU004536,Bachelor of Technology (B.Tech.) in Electronics Engineering (VLSI Design and Technology),third_year,6.39
STU004537,Bachelor of Technology (B.Tech.) in Electronics Engineering (VLSI Design and Technology),third_year,8.13
STU004538,Bachelor of Technology (B.Tech.) in Electronics Engineering (VLSI Design and Technology),third_year,6.84
STU004539,Bachelor of Technology (B.Tech.) in Electronics Engineering (VLSI Design and Technology),third_year,6.4
STU004540,Bachelor of Technology (B.Tech.) in Electronics Engineering (VLSI Design and Technology),third_year,7.42
STU004541,Bachelor of Technology (B.Tech.) in Electronics Engineering (VLSI Design and Technology),third_year,8.46
STU004542,Bachelor of Technology (B.Tech.) in Electronics Engineering (VLSI Design and Technology),third_year,6.2
STU004543,Bachelor of Technology (B.Tech.) in Electronics Engineering (VLSI Design and Technology),third_year,8.78
STU004544,Bachelor of Technology (B.Tech.) in Electronics Engineering (VLSI Design and Technology),third_year,7.12
STU004545,Bachelor of Technology (B.Tech.) in Electronics Engineering (VLSI Design and Technology),third_year,7.52
STU004546,Bachelor of Technology (B.Tech.) in Electronics Engineering (VLSI Design and Technology),third_year,7.05
STU004547,Bachelor of Technology (B.Tech.) in Electronics Engineering (VLSI Design and Technology),third_year,6.81
STU004548,Bachelor of Technology (B.Tech.) in Electronics Engineering (VLSI Design and Technology),third_year,6.06
STU004549,Bachelor of Technology (B.Tech.) in Electronics Engineering (VLSI Design and Technology),third_year,7.54
STU004550,Bachelor of Technology (B.Tech.) in Electronics Engineering (VLSI Design and Technology),third_year,7.11
STU004551,Bachelor of Technology (B.Tech.) in Electronics Engineering (VLSI Design and Technology),third_year,8.34
STU004552,Bachelor of Technology (B.Tech.) in Electronics Engineering (VLSI Design and Technology),third_year,5.86
STU004553,Bachelor of Technology (B.Tech.) in Electronics Engineering (VLSI Design and Technology),third_year,7.68
STU004554,Bachelor of Technology (B.Tech.) in Electronics Engineering (VLSI Design and Technology),third_year,7.71
STU004555,Bachelor of Technology (B.Tech.) in Electronics Engineering (VLSI Design and Technology),third_year,6.75
STU004556,Bachelor of Technology (B.Tech.) in Electronics Engineering (VLSI Design and Technology),third_year,7.88
STU004557,Bachelor of Technology (B.Tech.) in Electronics Engineering (VLSI Design and Technology),third_year,6.33
STU004558,Bachelor of Technology (B.Tech.) in Electronics Engineering (VLSI Design and Technology),third_year,8.92
STU004559,Bachelor of Technology (B.Tech.) in Electronics Engineering (VLSI Design and Technology),third_year,7.2
STU004560,Bachelor of Technology (B.Tech.) in Electronics Engineering (VLSI Design and Technology),third_year,6.26
STU004561,Bachelor of Technology (B.Tech.) in Electronics Engineering (VLSI Design and Technology),third_year,8.08
STU004562,Bachelor of Technology (B.Tech.) in Electronics Engineering (VLSI Design and Technology),third_year,7.24
STU004563,Bachelor of Technology (B.Tech.) in Electronics Engineering (VLSI Design and Technology),third_year,5.58
STU004564,Bachelor of Technology (B.Tech.) in Electronics Engineering (VLSI Design and Technology),third_year,7.05
STU004565,Bachelor of Technology (B.Tech.) in Electronics Engineering (VLSI Design and Technology),third_year,6.56
STU004566,Bachelor of Technology (B.Tech.) in Electronics Engineering (VLSI Design and Technology),third_year,6.62
STU004567,Bachelor of Technology (B.Tech.) in Electronics Engineering (VLSI Design and Technology),third_year,6.98
STU004568,Bachelor of Technology (B.Tech.) in Electronics Engineering (VLSI Design and Technology),third_year,9.38
STU004569,Bachelor of Technology (B.Tech.) in Electronics Engineering (VLSI Design and Technology),third_year,7.81
STU004570,Bachelor of Technology (B.Tech.) in Electronics Engineering (VLSI Design and Technology),third_year,8.26
STU004571,Bachelor of Technology (B.Tech.) in Electronics Engineering (VLSI Design and Technology),third_year,8.14
STU004572,Bachelor of Technology (B.Tech.) in Electronics Engineering (VLSI Design and Technology),third_year,8.22
STU004573,Bachelor of Technology (B.Tech.) in Electronics Engineering (VLSI Design and Technology),third_year,7.36
STU004574,Bachelor of Technology (B.Tech.) in Electronics Engineering (VLSI Design and Technology),third_year,7.51
STU004575,Bachelor of Technology (B.Tech.) in Electronics Engineering (VLSI Design and Technology),third_year,7.51
STU004576,Bachelor of Technology (B.Tech.) in Electronics Engineering (VLSI Design and Technology),third_year,7.27
STU004577,Bachelor of Technology (B.Tech.) in Electronics Engineering (VLSI Design and Technology),third_year,7.59
STU000091,Bachelor of Technology (B.Tech.) in Electronics and Communication Engineering,third_year,4.55
STU000820,Bachelor of Technology (B.Tech.) in Electronics and Communication Engineering,third_year,6.02
STU000835,Bachelor of Technology (B.Tech.) in Electronics and Communication Engineering,third_year,5.6
STU000869,Bachelor of Technology (B.Tech.) in Electronics and Communication Engineering,third_year,4.29
STU000880,Bachelor of Technology (B.Tech.) in Electronics and Communication Engineering,third_year,5.36
STU000885,Bachelor of Technology (B.Tech.) in Electronics and Communication Engineering,third_year,5.25
STU000916,Bachelor of Technology (B.Tech.) in Electronics and Communication Engineering,third_year,4.16
STU000917,Bachelor of Technology (B.Tech.) in Electronics and Communication Engineering,third_year,3.65
STU003058,Bachelor of Technology (B.Tech.) in Electronics and Communication Engineering,third_year,7.49
STU003059,Bachelor of Technology (B.Tech.) in Electronics and Communication Engineering,third_year,9.94
STU003060,Bachelor of Technology (B.Tech.) in Electronics and Communication Engineering,third_year,6.61
STU003061,Bachelor of Technology (B.Tech.) in Electronics and Communication Engineering,third_year,9.13
STU003062,Bachelor of Technology (B.Tech.) in Electronics and Communication Engineering,third_year,7.85
STU003063,Bachelor of Technology (B.Tech.) in Electronics and Communication Engineering,third_year,9.49
STU003064,Bachelor of Technology (B.Tech.) in Electronics and Communication Engineering,third_year,6.26
STU003065,Bachelor of Technology (B.Tech.) in Electronics and Communication Engineering,third_year,9.31
STU003066,Bachelor of Technology (B.Tech.) in Electronics and Communication Engineering,third_year,8.04
STU003067,Bachelor of Technology (B.Tech.) in Electronics and Communication Engineering,third_year,7.18
STU003068,Bachelor of Technology (B.Tech.) in Electronics and Communication Engineering,third_year,7.84
STU003069,Bachelor of Technology (B.Tech.) in Electronics and Communication Engineering,third_year,6.02
STU003070,Bachelor of Technology (B.Tech.) in Electronics and Communication Engineering,third_year,9.61
STU003071,Bachelor of Technology (B.Tech.) in Electronics and Communication Engineering,third_year,8.85
STU003072,Bachelor of Technology (B.Tech.) in Electronics and Communication Engineering,third_year,8.53
STU003073,Bachelor of Technology (B.Tech.) in Electronics and Communication Engineering,third_year,5.62
STU003074,Bachelor of Technology (B.Tech.) in Electronics and Communication Engineering,third_year,7.71
STU003075,Bachelor of Technology (B.Tech.) in Electronics and Communication Engineering,third_year,5.61
STU003076,Bachelor of Technology (B.Tech.) in Electronics and Communication Engineering,third_year,9.18
STU003077,Bachelor of Technology (B.Tech.) in Electronics and Communication Engineering,third_year,4.76
STU003078,Bachelor of Technology (B.Tech.) in Electronics and Communication Engineering,third_year,6.52
STU003079,Bachelor of Technology (B.Tech.) in Electronics and Communication Engineering,third_year,7.46
STU003080,Bachelor of Technology (B.Tech.) in Electronics and Communication Engineering,third_year,8.34
STU003081,Bachelor of Technology (B.Tech.) in Electronics and Communication Engineering,third_year,8.51
STU003082,Bachelor of Technology (B.Tech.) in Electronics and Communication Engineering,third_year,8.38
STU003083,Bachelor of Technology (B.Tech.) in Electronics and Communication Engineering,third_year,7.34
STU003084,Bachelor of Technology (B.Tech.) in Electronics and Communication Engineering,third_year,9.0
STU003085,Bachelor of Technology (B.Tech.) in Electronics and Communication Engineering,third_year,7.87
STU003086,Bachelor of Technology (B.Tech.) in Electronics and Communication Engineering,third_year,6.13
STU003087,Bachelor of Technology (B.Tech.) in Electronics and Communication Engineering,third_year,7.95
STU003088,Bachelor of Technology (B.Tech.) in Electronics and Communication Engineering,third_year,8.12
STU003089,Bachelor of Technology (B.Tech.) in Electronics and Communication Engineering,third_year,8.98
STU003090,Bachelor of Technology (B.Tech.) in Electronics and Communication Engineering,third_year,8.42
STU003091,Bachelor of Technology (B.Tech.) in Electronics and Communication Engineering,third_year,7.36
STU003092,Bachelor of Technology (B.Tech.) in Electronics and Communication Engineering,third_year,8.13
STU003093,Bachelor of Technology (B.Tech.) in Electronics and Communication Engineering,third_year,8.64
STU003094,Bachelor of Technology (B.Tech.) in Electronics and Communication Engineering,third_year,7.33
STU003095,Bachelor of Technology (B.Tech.) in Electronics and Communication Engineering,third_year,9.52
STU003096,Bachelor of Technology (B.Tech.) in Electronics and Communication Engineering,third_year,7.78
STU003097,Bachelor of Technology (B.Tech.) in Electronics and Communication Engineering,third_year,8.36
STU003098,Bachelor of Technology (B.Tech.) in Electronics and Communication Engineering,third_year,8.22
STU003099,Bachelor of Technology (B.Tech.) in Electronics and Communication Engineering,third_year,7.72
STU003100,Bachelor of Technology (B.Tech.) in Electronics and Communication Engineering,third_year,7.28
STU003101,Bachelor of Technology (B.Tech.) in Electronics and Communication Engineering,third_year,7.32
STU003102,Bachelor of Technology (B.Tech.) in Electronics and Communication Engineering,third_year,7.12
STU003103,Bachelor of Technology (B.Tech.) in Electronics and Communication Engineering,third_year,7.04
STU003104,Bachelor of Technology (B.Tech.) in Electronics and Communication Engineering,third_year,7.73
STU003105,Bachelor of Technology (B.Tech.) in Electronics and Communication Engineering,third_year,8.06
STU003106,Bachelor of Technology (B.Tech.) in Electronics and Communication Engineering,third_year,9.93
STU003107,Bachelor of Technology (B.Tech.) in Electronics and Communication Engineering,third_year,8.13
STU003108,Bachelor of Technology (B.Tech.) in Electronics and Communication Engineering,third_year,8.13
STU003109,Bachelor of Technology (B.Tech.) in Electronics and Communication Engineering,third_year,7.95
STU003110,Bachelor of Technology (B.Tech.) in Electronics and Communication Engineering,third_year,7.92
STU003111,Bachelor of Technology (B.Tech.) in Electronics and Communication Engineering,third_year,8.86
STU003112,Bachelor of Technology (B.Tech.) in Electronics and Communication Engineering,third_year,7.96
STU003113,Bachelor of Technology (B.Tech.) in Electronics and Communication Engineering,third_year,8.91
STU003114,Bachelor of Technology (B.Tech.) in Electronics and Communication Engineering,third_year,8.35
STU003115,Bachelor of Technology (B.Tech.) in Electronics and Communication Engineering,third_year,8.86
STU003116,Bachelor of Technology (B.Tech.) in Electronics and Communication Engineering,third_year,7.68
STU003117,Bachelor of Technology (B.Tech.) in Electronics and Communication Engineering,third_year,7.96
STU003118,Bachelor of Technology (B.Tech.) in Electronics and Communication Engineering,third_year,5.27
STU003119,Bachelor of Technology (B.Tech.) in Electronics and Communication Engineering,third_year,8.47
STU003120,Bachelor of Technology (B.Tech.) in Electronics and Communication Engineering,third_year,8.14
STU003121,Bachelor of Technology (B.Tech.) in Electronics and Communication Engineering,third_year,9.32
STU003122,Bachelor of Technology (B.Tech.) in Electronics and Communication Engineering,third_year,9.0
STU003123,Bachelor of Technology (B.Tech.) in Electronics and Communication Engineering,third_year,8.05
STU003124,Bachelor of Technology (B.Tech.) in Electronics and Communication Engineering,third_year,8.6
STU003125,Bachelor of Technology (B.Tech.) in Electronics and Communication Engineering,third_year,7.75
STU003126,Bachelor of Technology (B.Tech.) in Electronics and Communication Engineering,third_year,5.62
STU003127,Bachelor of Technology (B.Tech.) in Electronics and Communication Engineering,third_year,8.35
STU003128,Bachelor of Technology (B.Tech.) in Electronics and Communication Engineering,third_year,5.07
STU003129,Bachelor of Technology (B.Tech.) in Electronics and Communication Engineering,third_year,6.99
STU003130,Bachelor of Technology (B.Tech.) in Electronics and Communication Engineering,third_year,7.64
STU003131,Bachelor of Technology (B.Tech.) in Electronics and Communication Engineering,third_year,7.18
STU003132,Bachelor of Technology (B.Tech.) in Electronics and Communication Engineering,third_year,7.36
STU003133,Bachelor of Technology (B.Tech.) in Electronics and Communication Engineering,third_year,8.21
STU003134,Bachelor of Technology (B.Tech.) in Electronics and Communication Engineering,third_year,9.02
STU003135,Bachelor of Technology (B.Tech.) in Electronics and Communication Engineering,third_year,8.46
STU003136,Bachelor of Technology (B.Tech.) in Electronics and Communication Engineering,third_year,9.2
STU003137,Bachelor of Technology (B.Tech.) in Electronics and Communication Engineering,third_year,9.78
STU003138,Bachelor of Technology (B.Tech.) in Electronics and Communication Engineering,third_year,6.73
STU003139,Bachelor of Technology (B.Tech.) in Electronics and Communication Engineering,third_year,7.51
STU003140,Bachelor of Technology (B.Tech.) in Electronics and Communication Engineering,third_year,7.59
STU003141,Bachelor of Technology (B.Tech.) in Electronics and Communication Engineering,third_year,8.86
STU003142,Bachelor of Technology (B.Tech.) in Electronics and Communication Engineering,third_year,8.78
STU003143,Bachelor of Technology (B.Tech.) in Electronics and Communication Engineering,third_year,8.54
STU003144,Bachelor of Technology (B.Tech.) in Electronics and Communication Engineering,third_year,6.86
STU003145,Bachelor of Technology (B.Tech.) in Electronics and Communication Engineering,third_year,4.91
STU003146,Bachelor of Technology (B.Tech.) in Electronics and Communication Engineering,third_year,9.27
STU003147,Bachelor of Technology (B.Tech.) in Electronics and Communication Engineering,third_year,8.73
STU003148,Bachelor of Technology (B.Tech.) in Electronics and Communication Engineering,third_year,6.89
STU003149,Bachelor of Technology (B.Tech.) in Electronics and Communication Engineering,third_year,8.41
STU003150,Bachelor of Technology (B.Tech.) in Electronics and Communication Engineering,third_year,7.35
STU003151,Bachelor of Technology (B.Tech.) in Electronics and Communication Engineering,third_year,8.02
STU003152,Bachelor of Technology (B.Tech.) in Electronics and Communication Engineering,third_year,7.12
STU003153,Bachelor of Technology (B.Tech.) in Electronics and Communication Engineering,third_year,7.41
STU003154,Bachelor of Technology (B.Tech.) in Electronics and Communication Engineering,third_year,8.55
STU003155,Bachelor of Technology (B.Tech.) in Electronics and Communication Engineering,third_year,9.91
STU003156,Bachelor of Technology (B.Tech.) in Electronics and Communication Engineering,third_year,8.18
STU003157,Bachelor of Technology (B.Tech.) in Electronics and Communication Engineering,third_year,8.11
STU003158,Bachelor of Technology (B.Tech.) in Electronics and Communication Engineering,third_year,7.15
STU003159,Bachelor of Technology (B.Tech.) in Electronics and Communication Engineering,third_year,7.61
STU003160,Bachelor of Technology (B.Tech.) in Electronics and Communication Engineering,third_year,8.67
STU003161,Bachelor of Technology (B.Tech.) in Electronics and Communication Engineering,third_year,6.88
STU003162,Bachelor of Technology (B.Tech.) in Electronics and Communication Engineering,third_year,9.12
STU003163,Bachelor of Technology (B.Tech.) in Electronics and Communication Engineering,third_year,8.49
STU003164,Bachelor of Technology (B.Tech.) in Electronics and Communication Engineering,third_year,8.58
STU003165,Bachelor of Technology (B.Tech.) in Electronics and Communication Engineering,third_year,7.45
STU003166,Bachelor of Technology (B.Tech.) in Electronics and Communication Engineering,third_year,7.67
STU003167,Bachelor of Technology (B.Tech.) in Electronics and Communication Engineering,third_year,7.78
STU003168,Bachelor of Technology (B.Tech.) in Electronics and Communication Engineering,third_year,8.31
STU003169,Bachelor of Technology (B.Tech.) in Electronics and Communication Engineering,third_year,8.72
STU003170,Bachelor of Technology (B.Tech.) in Electronics and Communication Engineering,third_year,9.13
STU003171,Bachelor of Technology (B.Tech.) in Electronics and Communication Engineering,third_year,7.45
STU003172,Bachelor of Technology (B.Tech.) in Electronics and Communication Engineering,third_year,8.88
STU003173,Bachelor of Technology (B.Tech.) in Electronics and Communication Engineering,third_year,7.18
STU003174,Bachelor of Technology (B.Tech.) in Electronics and Communication Engineering,third_year,7.04
STU003175,Bachelor of Technology (B.Tech.) in Electronics and Communication Engineering,third_year,6.71
STU003176,Bachelor of Technology (B.Tech.) in Electronics and Communication Engineering,third_year,7.59
STU003177,Bachelor of Technology (B.Tech.) in Electronics and Communication Engineering,third_year,8.94
STU003178,Bachelor of Technology (B.Tech.) in Electronics and Communication Engineering,third_year,6.86
STU003179,Bachelor of Technology (B.Tech.) in Electronics and Communication Engineering,third_year,7.29
STU003180,Bachelor of Technology (B.Tech.) in Electronics and Communication Engineering,third_year,7.4
STU003181,Bachelor of Technology (B.Tech.) in Electronics and Communication Engineering,third_year,8.36
STU003182,Bachelor of Technology (B.Tech.) in Electronics and Communication Engineering,third_year,7.24
STU003183,Bachelor of Technology (B.Tech.) in Electronics and Communication Engineering,third_year,8.41
STU003184,Bachelor of Technology (B.Tech.) in Electronics and Communication Engineering,third_year,6.75
STU003185,Bachelor of Technology (B.Tech.) in Electronics and Communication Engineering,third_year,7.53
STU003186,Bachelor of Technology (B.Tech.) in Electronics and Communication Engineering,third_year,8.88
STU003187,Bachelor of Technology (B.Tech.) in Electronics and Communication Engineering,third_year,7.84
STU003188,Bachelor of Technology (B.Tech.) in Electronics and Communication Engineering,third_year,6.99
STU003189,Bachelor of Technology (B.Tech.) in Electronics and Communication Engineering,third_year,8.73
STU003190,Bachelor of Technology (B.Tech.) in Electronics and Communication Engineering,third_year,8.11
STU003191,Bachelor of Technology (B.Tech.) in Electronics and Communication Engineering,third_year,6.95
STU003192,Bachelor of Technology (B.Tech.) in Electronics and Communication Engineering,third_year,9.15
STU003193,Bachelor of Technology (B.Tech.) in Electronics and Communication Engineering,third_year,7.72
STU003194,Bachelor of Technology (B.Tech.) in Electronics and Communication Engineering,third_year,8.61
STU003195,Bachelor of Technology (B.Tech.) in Electronics and Communication Engineering,third_year,7.4
STU003196,Bachelor of Technology (B.Tech.) in Electronics and Communication Engineering,third_year,7.21
STU003197,Bachelor of Technology (B.Tech.) in Electronics and Communication Engineering,third_year,8.28
STU003198,Bachelor of Technology (B.Tech.) in Electronics and Communication Engineering,third_year,6.41
STU003199,Bachelor of Technology (B.Tech.) in Electronics and Communication Engineering,third_year,8.73
STU003200,Bachelor of Technology (B.Tech.) in Electronics and Communication Engineering,third_year,6.64
STU003201,Bachelor of Technology (B.Tech.) in Electronics and Communication Engineering,third_year,7.01
STU003202,Bachelor of Technology (B.Tech.) in Electronics and Communication Engineering,third_year,8.55
STU003203,Bachelor of Technology (B.Tech.) in Electronics and Communication Engineering,third_year,7.41
STU003204,Bachelor of Technology (B.Tech.) in Electronics and Communication Engineering,third_year,6.2
STU003205,Bachelor of Technology (B.Tech.) in Electronics and Communication Engineering,third_year,6.4
STU003206,Bachelor of Technology (B.Tech.) in Electronics and Communication Engineering,third_year,7.53
STU003207,Bachelor of Technology (B.Tech.) in Electronics and Communication Engineering,third_year,8.05
STU003208,Bachelor of Technology (B.Tech.) in Electronics and Communication Engineering,third_year,7.41
STU003209,Bachelor of Technology (B.Tech.) in Electronics and Communication Engineering,third_year,7.98
STU003210,Bachelor of Technology (B.Tech.) in Electronics and Communication Engineering,third_year,7.39
STU003211,Bachelor of Technology (B.Tech.) in Electronics and Communication Engineering,third_year,6.76
STU003212,Bachelor of Technology (B.Tech.) in Electronics and Communication Engineering,third_year,4.96
STU003213,Bachelor of Technology (B.Tech.) in Electronics and Communication Engineering,third_year,6.05
STU003214,Bachelor of Technology (B.Tech.) in Electronics and Communication Engineering,third_year,6.98
STU003215,Bachelor of Technology (B.Tech.) in Electronics and Communication Engineering,third_year,6.35
STU003216,Bachelor of Technology (B.Tech.) in Electronics and Communication Engineering,third_year,7.56
STU003217,Bachelor of Technology (B.Tech.) in Electronics and Communication Engineering,third_year,8.0
STU003218,Bachelor of Technology (B.Tech.) in Electronics and Communication Engineering,third_year,7.61
STU003219,Bachelor of Technology (B.Tech.) in Electronics and Communication Engineering,third_year,7.44
STU003220,Bachelor of Technology (B.Tech.) in Electronics and Communication Engineering,third_year,8.02
STU003221,Bachelor of Technology (B.Tech.) in Electronics and Communication Engineering,third_year,6.31
STU003222,Bachelor of Technology (B.Tech.) in Electronics and Communication Engineering,third_year,8.38
STU003223,Bachelor of Technology (B.Tech.) in Electronics and Communication Engineering,third_year,7.48
STU003224,Bachelor of Technology (B.Tech.) in Electronics and Communication Engineering,third_year,8.4
STU003225,Bachelor of Technology (B.Tech.) in Electronics and Communication Engineering,third_year,8.09
STU003226,Bachelor of Technology (B.Tech.) in Electronics and Communication Engineering,third_year,6.38
STU003227,Bachelor of Technology (B.Tech.) in Electronics and Communication Engineering,third_year,7.12
STU003228,Bachelor of Technology (B.Tech.) in Electronics and Communication Engineering,third_year,6.98
STU003229,Bachelor of Technology (B.Tech.) in Electronics and Communication Engineering,third_year,7.46
STU003230,Bachelor of Technology (B.Tech.) in Electronics and Communication Engineering,third_year,8.32
STU003231,Bachelor of Technology (B.Tech.) in Electronics and Communication Engineering,third_year,6.98
STU003232,Bachelor of Technology (B.Tech.) in Electronics and Communication Engineering,third_year,7.24
STU003233,Bachelor of Technology (B.Tech.) in Electronics and Communication Engineering,third_year,9.29
STU003234,Bachelor of Technology (B.Tech.) in Electronics and Communication Engineering,third_year,9.29
STU003235,Bachelor of Technology (B.Tech.) in Electronics and Communication Engineering,third_year,8.05
STU003236,Bachelor of Technology (B.Tech.) in Electronics and Communication Engineering,third_year,7.25
STU003237,Bachelor of Technology (B.Tech.) in Electronics and Communication Engineering,third_year,8.4
STU003238,Bachelor of Technology (B.Tech.) in Electronics and Communication Engineering,third_year,5.06
STU003239,Bachelor of Technology (B.Tech.) in Electronics and Communication Engineering,third_year,7.07
STU003240,Bachelor of Technology (B.Tech.) in Electronics and Communication Engineering,third_year,6.73
STU003241,Bachelor of Technology (B.Tech.) in Electronics and Communication Engineering,third_year,7.05
STU003242,Bachelor of Technology (B.Tech.) in Electronics and Communication Engineering,third_year,6.98
STU003243,Bachelor of Technology (B.Tech.) in Electronics and Communication Engineering,third_year,7.53
STU003244,Bachelor of Technology (B.Tech.) in Electronics and Communication Engineering,third_year,8.15
STU003245,Bachelor of Technology (B.Tech.) in Electronics and Communication Engineering,third_year,8.16
STU003246,Bachelor of Technology (B.Tech.) in Electronics and Communication Engineering,third_year,7.93
STU003247,Bachelor of Technology (B.Tech.) in Electronics and Communication Engineering,third_year,6.62
STU003248,Bachelor of Technology (B.Tech.) in Electronics and Communication Engineering,third_year,7.28
STU003249,Bachelor of Technology (B.Tech.) in Electronics and Communication Engineering,third_year,5.15
STU003250,Bachelor of Technology (B.Tech.) in Electronics and Communication Engineering,third_year,7.51
STU003251,Bachelor of Technology (B.Tech.) in Electronics and Communication Engineering,third_year,9.07
STU003252,Bachelor of Technology (B.Tech.) in Electronics and Communication Engineering,third_year,8.55
STU003253,Bachelor of Technology (B.Tech.) in Electronics and Communication Engineering,third_year,6.82
STU003254,Bachelor of Technology (B.Tech.) in Electronics and Communication Engineering,third_year,7.91
STU003255,Bachelor of Technology (B.Tech.) in Electronics and Communication Engineering,third_year,5.28
STU003256,Bachelor of Technology (B.Tech.) in Electronics and Communication Engineering,third_year,6.16
STU003257,Bachelor of Technology (B.Tech.) in Electronics and Communication Engineering,third_year,6.99
STU003258,Bachelor of Technology (B.Tech.) in Electronics and Communication Engineering,third_year,5.65
STU003259,Bachelor of Technology (B.Tech.) in Electronics and Communication Engineering,third_year,8.48
STU003260,Bachelor of Technology (B.Tech.) in Electronics and Communication Engineering,third_year,9.18
STU003261,Bachelor of Technology (B.Tech.) in Electronics and Communication Engineering,third_year,7.82
STU003262,Bachelor of Technology (B.Tech.) in Electronics and Communication Engineering,third_year,5.92
STU003263,Bachelor of Technology (B.Tech.) in Electronics and Communication Engineering,third_year,3.84
STU003264,Bachelor of Technology (B.Tech.) in Electronics and Communication Engineering,third_year,9.8
STU003265,Bachelor of Technology (B.Tech.) in Electronics and Communication Engineering,third_year,9.18
STU003266,Bachelor of Technology (B.Tech.) in Electronics and Communication Engineering,third_year,8.85
STU003267,Bachelor of Technology (B.Tech.) in Electronics and Communication Engineering,third_year,8.96
STU003268,Bachelor of Technology (B.Tech.) in Electronics and Communication Engineering,third_year,8.82
STU003269,Bachelor of Technology (B.Tech.) in Electronics and Communication Engineering,third_year,8.8
STU003270,Bachelor of Technology (B.Tech.) in Electronics and Communication Engineering,third_year,8.76
STU003271,Bachelor of Technology (B.Tech.) in Electronics and Communication Engineering,third_year,7.71
STU003272,Bachelor of Technology (B.Tech.) in Electronics and Communication Engineering,third_year,8.58
STU003273,Bachelor of Technology (B.Tech.) in Electronics and Communication Engineering,third_year,8.01
STU003274,Bachelor of Technology (B.Tech.) in Electronics and Communication Engineering,third_year,7.76
STU003275,Bachelor of Technology (B.Tech.) in Electronics and Communication Engineering,third_year,8.36
STU003276,Bachelor of Technology (B.Tech.) in Electronics and Communication Engineering,third_year,7.73
STU000145,Bachelor of Technology (B.Tech.) in Electronics and Instrumentation Engineering,third_year,4.34
STU000146,Bachelor of Technology (B.Tech.) in Electronics and Instrumentation Engineering,third_year,4.59
STU000149,Bachelor of Technology (B.Tech.) in Electronics and Instrumentation Engineering,third_year,5.08
STU001534,Bachelor of Technology (B.Tech.) in Electronics and Instrumentation Engineering,third_year,4.49
STU001563,Bachelor of Technology (B.Tech.) in Electronics and Instrumentation Engineering,third_year,5.75
STU001585,Bachelor of Technology (B.Tech.) in Electronics and Instrumentation Engineering,third_year,5.78
STU001590,Bachelor of Technology (B.Tech.) in Electronics and Instrumentation Engineering,third_year,4.36
STU001592,Bachelor of Technology (B.Tech.) in Electronics and Instrumentation Engineering,third_year,4.73
STU003966,Bachelor of Technology (B.Tech.) in Electronics and Instrumentation Engineering,third_year,6.65
STU003967,Bachelor of Technology (B.Tech.) in Electronics and Instrumentation Engineering,third_year,5.12
STU003968,Bachelor of Technology (B.Tech.) in Electronics and Instrumentation Engineering,third_year,6.29
STU003969,Bachelor of Technology (B.Tech.) in Electronics and Instrumentation Engineering,third_year,6.98
STU003970,Bachelor of Technology (B.Tech.) in Electronics and Instrumentation Engineering,third_year,6.58
STU003971,Bachelor of Technology (B.Tech.) in Electronics and Instrumentation Engineering,third_year,8.24
STU003972,Bachelor of Technology (B.Tech.) in Electronics and Instrumentation Engineering,third_year,5.67
STU003973,Bachelor of Technology (B.Tech.) in Electronics and Instrumentation Engineering,third_year,6.78
STU003974,Bachelor of Technology (B.Tech.) in Electronics and Instrumentation Engineering,third_year,4.8
STU003975,Bachelor of Technology (B.Tech.) in Electronics and Instrumentation Engineering,third_year,8.14
STU003976,Bachelor of Technology (B.Tech.) in Electronics and Instrumentation Engineering,third_year,6.54
STU003977,Bachelor of Technology (B.Tech.) in Electronics and Instrumentation Engineering,third_year,5.12
STU003978,Bachelor of Technology (B.Tech.) in Electronics and Instrumentation Engineering,third_year,7.25
STU003979,Bachelor of Technology (B.Tech.) in Electronics and Instrumentation Engineering,third_year,7.6
STU003980,Bachelor of Technology (B.Tech.) in Electronics and Instrumentation Engineering,third_year,7.59
STU003981,Bachelor of Technology (B.Tech.) in Electronics and Instrumentation Engineering,third_year,7.27
STU003982,Bachelor of Technology (B.Tech.) in Electronics and Instrumentation Engineering,third_year,7.41
STU003983,Bachelor of Technology (B.Tech.) in Electronics and Instrumentation Engineering,third_year,6.6
STU003984,Bachelor of Technology (B.Tech.) in Electronics and Instrumentation Engineering,third_year,8.33
STU003985,Bachelor of Technology (B.Tech.) in Electronics and Instrumentation Engineering,third_year,7.55
STU003986,Bachelor of Technology (B.Tech.) in Electronics and Instrumentation Engineering,third_year,8.67
STU003987,Bachelor of Technology (B.Tech.) in Electronics and Instrumentation Engineering,third_year,6.47
STU003988,Bachelor of Technology (B.Tech.) in Electronics and Instrumentation Engineering,third_year,7.48
STU003989,Bachelor of Technology (B.Tech.) in Electronics and Instrumentation Engineering,third_year,8.4
STU003990,Bachelor of Technology (B.Tech.) in Electronics and Instrumentation Engineering,third_year,7.16
STU003991,Bachelor of Technology (B.Tech.) in Electronics and Instrumentation Engineering,third_year,6.65
STU003992,Bachelor of Technology (B.Tech.) in Electronics and Instrumentation Engineering,third_year,8.36
STU003993,Bachelor of Technology (B.Tech.) in Electronics and Instrumentation Engineering,third_year,6.98
STU003994,Bachelor of Technology (B.Tech.) in Electronics and Instrumentation Engineering,third_year,6.92
STU003995,Bachelor of Technology (B.Tech.) in Electronics and Instrumentation Engineering,third_year,5.96
STU003996,Bachelor of Technology (B.Tech.) in Electronics and Instrumentation Engineering,third_year,5.75
STU003997,Bachelor of Technology (B.Tech.) in Electronics and Instrumentation Engineering,third_year,5.14
STU003998,Bachelor of Technology (B.Tech.) in Electronics and Instrumentation Engineering,third_year,8.49
STU003999,Bachelor of Technology (B.Tech.) in Electronics and Instrumentation Engineering,third_year,5.42
STU004000,Bachelor of Technology (B.Tech.) in Electronics and Instrumentation Engineering,third_year,6.45
STU004001,Bachelor of Technology (B.Tech.) in Electronics and Instrumentation Engineering,third_year,7.26
STU004003,Bachelor of Technology (B.Tech.) in Electronics and Instrumentation Engineering,third_year,7.92
STU004004,Bachelor of Technology (B.Tech.) in Electronics and Instrumentation Engineering,third_year,6.28
STU004006,Bachelor of Technology (B.Tech.) in Electronics and Instrumentation Engineering,third_year,6.89
STU004007,Bachelor of Technology (B.Tech.) in Electronics and Instrumentation Engineering,third_year,6.13
STU004009,Bachelor of Technology (B.Tech.) in Electronics and Instrumentation Engineering,third_year,6.32
STU004010,Bachelor of Technology (B.Tech.) in Electronics and Instrumentation Engineering,third_year,7.44
STU004011,Bachelor of Technology (B.Tech.) in Electronics and Instrumentation Engineering,third_year,5.38
STU004012,Bachelor of Technology (B.Tech.) in Electronics and Instrumentation Engineering,third_year,6.19
STU004013,Bachelor of Technology (B.Tech.) in Electronics and Instrumentation Engineering,third_year,6.45
STU004014,Bachelor of Technology (B.Tech.) in Electronics and Instrumentation Engineering,third_year,7.47
STU004015,Bachelor of Technology (B.Tech.) in Electronics and Instrumentation Engineering,third_year,7.37
STU001514,Bachelor of Technology (B.Tech.) in Industrial Engineering,third_year,5.55
STU003937,Bachelor of Technology (B.Tech.) in Industrial Engineering,third_year,7.51
STU003938,Bachelor of Technology (B.Tech.) in Industrial Engineering,third_year,5.8
STU003939,Bachelor of Technology (B.Tech.) in Industrial Engineering,third_year,7.45
STU003940,Bachelor of Technology (B.Tech.) in Industrial Engineering,third_year,5.38
STU003941,Bachelor of Technology (B.Tech.) in Industrial Engineering,third_year,4.72
STU003942,Bachelor of Technology (B.Tech.) in Industrial Engineering,third_year,6.05
STU003943,Bachelor of Technology (B.Tech.) in Industrial Engineering,third_year,6.18
STU003944,Bachelor of Technology (B.Tech.) in Industrial Engineering,third_year,6.07
STU003945,Bachelor of Technology (B.Tech.) in Industrial Engineering,third_year,7.46
STU003946,Bachelor of Technology (B.Tech.) in Industrial Engineering,third_year,7.46
STU003947,Bachelor of Technology (B.Tech.) in Industrial Engineering,third_year,6.09
STU003949,Bachelor of Technology (B.Tech.) in Industrial Engineering,third_year,6.6
STU003950,Bachelor of Technology (B.Tech.) in Industrial Engineering,third_year,8.72
STU003951,Bachelor of Technology (B.Tech.) in Industrial Engineering,third_year,5.06
STU003952,Bachelor of Technology (B.Tech.) in Industrial Engineering,third_year,6.18
STU003954,Bachelor of Technology (B.Tech.) in Industrial Engineering,third_year,5.26
STU003955,Bachelor of Technology (B.Tech.) in Industrial Engineering,third_year,6.13
STU003956,Bachelor of Technology (B.Tech.) in Industrial Engineering,third_year,5.16
STU003957,Bachelor of Technology (B.Tech.) in Industrial Engineering,third_year,8.74
STU003958,Bachelor of Technology (B.Tech.) in Industrial Engineering,third_year,6.34
STU003959,Bachelor of Technology (B.Tech.) in Industrial Engineering,third_year,7.79
STU003960,Bachelor of Technology (B.Tech.) in Industrial Engineering,third_year,6.45
STU003962,Bachelor of Technology (B.Tech.) in Industrial Engineering,third_year,5.46
STU003963,Bachelor of Technology (B.Tech.) in Industrial Engineering,third_year,7.81
STU003964,Bachelor of Technology (B.Tech.) in Industrial Engineering,third_year,6.51
STU003965,Bachelor of Technology (B.Tech.) in Industrial Engineering,third_year,9.05
STU001931,Bachelor of Technology (B.Tech.) in Mathematics and Computing,third_year,4.65
STU004361,Bachelor of Technology (B.Tech.) in Mathematics and Computing,third_year,6.08
STU004362,Bachelor of Technology (B.Tech.) in Mathematics and Computing,third_year,8.2
STU004363,Bachelor of Technology (B.Tech.) in Mathematics and Computing,third_year,4.46
STU004364,Bachelor of Technology (B.Tech.) in Mathematics and Computing,third_year,7.46
STU004365,Bachelor of Technology (B.Tech.) in Mathematics and Computing,third_year,7.38
STU004366,Bachelor of Technology (B.Tech.) in Mathematics and Computing,third_year,6.87
STU004367,Bachelor of Technology (B.Tech.) in Mathematics and Computing,third_year,7.82
STU004368,Bachelor of Technology (B.Tech.) in Mathematics and Computing,third_year,6.51
STU004369,Bachelor of Technology (B.Tech.) in Mathematics and Computing,third_year,8.01
STU004370,Bachelor of Technology (B.Tech.) in Mathematics and Computing,third_year,6.18
STU004371,Bachelor of Technology (B.Tech.) in Mathematics and Computing,third_year,7.75
STU004372,Bachelor of Technology (B.Tech.) in Mathematics and Computing,third_year,5.38
STU004373,Bachelor of Technology (B.Tech.) in Mathematics and Computing,third_year,9.25
STU004374,Bachelor of Technology (B.Tech.) in Mathematics and Computing,third_year,6.12
STU004375,Bachelor of Technology (B.Tech.) in Mathematics and Computing,third_year,8.48
STU004376,Bachelor of Technology (B.Tech.) in Mathematics and Computing,third_year,7.53
STU004377,Bachelor of Technology (B.Tech.) in Mathematics and Computing,third_year,8.36
STU004378,Bachelor of Technology (B.Tech.) in Mathematics and Computing,third_year,7.36
STU004379,Bachelor of Technology (B.Tech.) in Mathematics and Computing,third_year,6.34
STU004380,Bachelor of Technology (B.Tech.) in Mathematics and Computing,third_year,8.78
STU004381,Bachelor of Technology (B.Tech.) in Mathematics and Computing,third_year,8.31
STU004382,Bachelor of Technology (B.Tech.) in Mathematics and Computing,third_year,7.93
STU004383,Bachelor of Technology (B.Tech.) in Mathematics and Computing,third_year,8.38
STU004384,Bachelor of Technology (B.Tech.) in Mathematics and Computing,third_year,8.38
STU004385,Bachelor of Technology (B.Tech.) in Mathematics and Computing,third_year,8.81
STU004386,Bachelor of Technology (B.Tech.) in Mathematics and Computing,third_year,7.44
STU004387,Bachelor of Technology (B.Tech.) in Mathematics and Computing,third_year,7.56
STU004388,Bachelor of Technology (B.Tech.) in Mathematics and Computing,third_year,7.11
STU004389,Bachelor of Technology (B.Tech.) in Mathematics and Computing,third_year,6.91
STU004390,Bachelor of Technology (B.Tech.) in Mathematics and Computing,third_year,8.22
STU004391,Bachelor of Technology (B.Tech.) in Mathematics and Computing,third_year,6.95
STU004392,Bachelor of Technology (B.Tech.) in Mathematics and Computing,third_year,7.09
STU004393,Bachelor of Technology (B.Tech.) in Mathematics and Computing,third_year,8.59
STU004394,Bachelor of Technology (B.Tech.) in Mathematics and Computing,third_year,5.71
STU004395,Bachelor of Technology (B.Tech.) in Mathematics and Computing,third_year,9.08
STU004396,Bachelor of Technology (B.Tech.) in Mathematics and Computing,third_year,7.78
STU004397,Bachelor of Technology (B.Tech.) in Mathematics and Computing,third_year,7.62
STU004398,Bachelor of Technology (B.Tech.) in Mathematics and Computing,third_year,7.45
STU004399,Bachelor of Technology (B.Tech.) in Mathematics and Computing,third_year,8.08
STU004400,Bachelor of Technology (B.Tech.) in Mathematics and Computing,third_year,8.72
STU004401,Bachelor of Technology (B.Tech.) in Mathematics and Computing,third_year,6.18
STU004402,Bachelor of Technology (B.Tech.) in Mathematics and Computing,third_year,8.16
STU004403,Bachelor of Technology (B.Tech.) in Mathematics and Computing,third_year,7.64
STU004404,Bachelor of Technology (B.Tech.) in Mathematics and Computing,third_year,8.73
STU004405,Bachelor of Technology (B.Tech.) in Mathematics and Computing,third_year,8.46
STU004406,Bachelor of Technology (B.Tech.) in Mathematics and Computing,third_year,9.08
STU004407,Bachelor of Technology (B.Tech.) in Mathematics and Computing,third_year,7.89
STU004408,Bachelor of Technology (B.Tech.) in Mathematics and Computing,third_year,7.48
STU004409,Bachelor of Technology (B.Tech.) in Mathematics and Computing,third_year,7.64
STU004410,Bachelor of Technology (B.Tech.) in Mathematics and Computing,third_year,8.79
STU004411,Bachelor of Technology (B.Tech.) in Mathematics and Computing,third_year,7.37
STU004412,Bachelor of Technology (B.Tech.) in Mathematics and Computing,third_year,7.07
STU004413,Bachelor of Technology (B.Tech.) in Mathematics and Computing,third_year,7.62
STU004414,Bachelor of Technology (B.Tech.) in Mathematics and Computing,third_year,6.53
STU004415,Bachelor of Technology (B.Tech.) in Mathematics and Computing,third_year,7.37
STU004416,Bachelor of Technology (B.Tech.) in Mathematics and Computing,third_year,7.69
STU004417,Bachelor of Technology (B.Tech.) in Mathematics and Computing,third_year,7.33
STU004418,Bachelor of Technology (B.Tech.) in Mathematics and Computing,third_year,8.21
STU004419,Bachelor of Technology (B.Tech.) in Mathematics and Computing,third_year,8.42
STU004420,Bachelor of Technology (B.Tech.) in Mathematics and Computing,third_year,8.53
STU004421,Bachelor of Technology (B.Tech.) in Mathematics and Computing,third_year,8.31
STU004422,Bachelor of Technology (B.Tech.) in Mathematics and Computing,third_year,6.6
STU004423,Bachelor of Technology (B.Tech.) in Mathematics and Computing,third_year,6.59
STU004424,Bachelor of Technology (B.Tech.) in Mathematics and Computing,third_year,7.93
STU004425,Bachelor of Technology (B.Tech.) in Mathematics and Computing,third_year,6.57
STU004426,Bachelor of Technology (B.Tech.) in Mathematics and Computing,third_year,5.1
STU004427,Bachelor of Technology (B.Tech.) in Mathematics and Computing,third_year,6.56
STU004428,Bachelor of Technology (B.Tech.) in Mathematics and Computing,third_year,6.23
STU004429,Bachelor of Technology (B.Tech.) in Mathematics and Computing,third_year,6.36
STU004430,Bachelor of Technology (B.Tech.) in Mathematics and Computing,third_year,8.08
STU004431,Bachelor of Technology (B.Tech.) in Mathematics and Computing,third_year,6.34
STU004432,Bachelor of Technology (B.Tech.) in Mathematics and Computing,third_year,8.07
STU000096,Bachelor of Technology (B.Tech.) in Mechanical Engineering,third_year,4.93
STU000098,Bachelor of Technology (B.Tech.) in Mechanical Engineering,third_year,4.68
STU000112,Bachelor of Technology (B.Tech.) in Mechanical Engineering,third_year,5.21
STU000117,Bachelor of Technology (B.Tech.) in Mechanical Engineering,third_year,5.46
STU000118,Bachelor of Technology (B.Tech.) in Mechanical Engineering,third_year,5.44
STU000120,Bachelor of Technology (B.Tech.) in Mechanical Engineering,third_year,4.95
STU000936,Bachelor of Technology (B.Tech.) in Mechanical Engineering,third_year,5.52
STU000954,Bachelor of Technology (B.Tech.) in Mechanical Engineering,third_year,4.45
STU000960,Bachelor of Technology (B.Tech.) in Mechanical Engineering,third_year,4.78
STU000970,Bachelor of Technology (B.Tech.) in Mechanical Engineering,third_year,5.82
STU001018,Bachelor of Technology (B.Tech.) in Mechanical Engineering,third_year,4.81
STU001019,Bachelor of Technology (B.Tech.) in Mechanical Engineering,third_year,4.99
STU001038,Bachelor of Technology (B.Tech.) in Mechanical Engineering,third_year,4.62
STU001066,Bachelor of Technology (B.Tech.) in Mechanical Engineering,third_year,5.59
STU001068,Bachelor of Technology (B.Tech.) in Mechanical Engineering,third_year,4.92
STU001069,Bachelor of Technology (B.Tech.) in Mechanical Engineering,third_year,4.87
STU001079,Bachelor of Technology (B.Tech.) in Mechanical Engineering,third_year,5.42
STU001082,Bachelor of Technology (B.Tech.) in Mechanical Engineering,third_year,5.05
STU001088,Bachelor of Technology (B.Tech.) in Mechanical Engineering,third_year,5.26
STU001089,Bachelor of Technology (B.Tech.) in Mechanical Engineering,third_year,4.75
STU003277,Bachelor of Technology (B.Tech.) in Mechanical Engineering,third_year,7.16
STU003278,Bachelor of Technology (B.Tech.) in Mechanical Engineering,third_year,6.42
STU003279,Bachelor of Technology (B.Tech.) in Mechanical Engineering,third_year,8.85
STU003280,Bachelor of Technology (B.Tech.) in Mechanical Engineering,third_year,6.28
STU003281,Bachelor of Technology (B.Tech.) in Mechanical Engineering,third_year,6.18
STU003282,Bachelor of Technology (B.Tech.) in Mechanical Engineering,third_year,6.87
STU003283,Bachelor of Technology (B.Tech.) in Mechanical Engineering,third_year,8.15
STU003284,Bachelor of Technology (B.Tech.) in Mechanical Engineering,third_year,6.35
STU003285,Bachelor of Technology (B.Tech.) in Mechanical Engineering,third_year,6.32
STU003286,Bachelor of Technology (B.Tech.) in Mechanical Engineering,third_year,7.34
STU003287,Bachelor of Technology (B.Tech.) in Mechanical Engineering,third_year,7.52
STU003288,Bachelor of Technology (B.Tech.) in Mechanical Engineering,third_year,6.71
STU003289,Bachelor of Technology (B.Tech.) in Mechanical Engineering,third_year,8.15
STU003290,Bachelor of Technology (B.Tech.) in Mechanical Engineering,third_year,8.24
STU003291,Bachelor of Technology (B.Tech.) in Mechanical Engineering,third_year,7.32
STU003292,Bachelor of Technology (B.Tech.) in Mechanical Engineering,third_year,5.94
STU003293,Bachelor of Technology (B.Tech.) in Mechanical Engineering,third_year,6.78
STU003294,Bachelor of Technology (B.Tech.) in Mechanical Engineering,third_year,7.55
STU003295,Bachelor of Technology (B.Tech.) in Mechanical Engineering,third_year,6.78
STU003296,Bachelor of Technology (B.Tech.) in Mechanical Engineering,third_year,9.29
STU003297,Bachelor of Technology (B.Tech.) in Mechanical Engineering,third_year,5.51
STU003298,Bachelor of Technology (B.Tech.) in Mechanical Engineering,third_year,6.68
STU003299,Bachelor of Technology (B.Tech.) in Mechanical Engineering,third_year,6.85
STU003300,Bachelor of Technology (B.Tech.) in Mechanical Engineering,third_year,9.05
STU003301,Bachelor of Technology (B.Tech.) in Mechanical Engineering,third_year,7.75
STU003302,Bachelor of Technology (B.Tech.) in Mechanical Engineering,third_year,7.65
STU003303,Bachelor of Technology (B.Tech.) in Mechanical Engineering,third_year,6.49
STU003304,Bachelor of Technology (B.Tech.) in Mechanical Engineering,third_year,6.74
STU003305,Bachelor of Technology (B.Tech.) in Mechanical Engineering,third_year,8.86
STU003306,Bachelor of Technology (B.Tech.) in Mechanical Engineering,third_year,4.89
STU003307,Bachelor of Technology (B.Tech.) in Mechanical Engineering,third_year,6.96
STU003308,Bachelor of Technology (B.Tech.) in Mechanical Engineering,third_year,7.16
STU003309,Bachelor of Technology (B.Tech.) in Mechanical Engineering,third_year,6.66
STU003310,Bachelor of Technology (B.Tech.) in Mechanical Engineering,third_year,5.68
STU003311,Bachelor of Technology (B.Tech.) in Mechanical Engineering,third_year,9.67
STU003312,Bachelor of Technology (B.Tech.) in Mechanical Engineering,third_year,4.56
STU003313,Bachelor of Technology (B.Tech.) in Mechanical Engineering,third_year,6.46
STU003314,Bachelor of Technology (B.Tech.) in Mechanical Engineering,third_year,7.02
STU003315,Bachelor of Technology (B.Tech.) in Mechanical Engineering,third_year,7.67
STU003316,Bachelor of Technology (B.Tech.) in Mechanical Engineering,third_year,7.2
STU003317,Bachelor of Technology (B.Tech.) in Mechanical Engineering,third_year,7.52
STU003318,Bachelor of Technology (B.Tech.) in Mechanical Engineering,third_year,9.32
STU003319,Bachelor of Technology (B.Tech.) in Mechanical Engineering,third_year,7.47
STU003320,Bachelor of Technology (B.Tech.) in Mechanical Engineering,third_year,8.04
STU003321,Bachelor of Technology (B.Tech.) in Mechanical Engineering,third_year,9.15
STU003322,Bachelor of Technology (B.Tech.) in Mechanical Engineering,third_year,7.54
STU003323,Bachelor of Technology (B.Tech.) in Mechanical Engineering,third_year,8.4
STU003324,Bachelor of Technology (B.Tech.) in Mechanical Engineering,third_year,9.22
STU003325,Bachelor of Technology (B.Tech.) in Mechanical Engineering,third_year,8.53
STU003326,Bachelor of Technology (B.Tech.) in Mechanical Engineering,third_year,5.24
STU003327,Bachelor of Technology (B.Tech.) in Mechanical Engineering,third_year,8.42
STU003328,Bachelor of Technology (B.Tech.) in Mechanical Engineering,third_year,7.33
STU003329,Bachelor of Technology (B.Tech.) in Mechanical Engineering,third_year,7.33
STU003330,Bachelor of Technology (B.Tech.) in Mechanical Engineering,third_year,7.09
STU003331,Bachelor of Technology (B.Tech.) in Mechanical Engineering,third_year,7.73
STU003332,Bachelor of Technology (B.Tech.) in Mechanical Engineering,third_year,7.12
STU003333,Bachelor of Technology (B.Tech.) in Mechanical Engineering,third_year,7.53
STU003334,Bachelor of Technology (B.Tech.) in Mechanical Engineering,third_year,8.24
STU003335,Bachelor of Technology (B.Tech.) in Mechanical Engineering,third_year,8.44
STU003336,Bachelor of Technology (B.Tech.) in Mechanical Engineering,third_year,5.74
STU003337,Bachelor of Technology (B.Tech.) in Mechanical Engineering,third_year,7.31
STU003338,Bachelor of Technology (B.Tech.) in Mechanical Engineering,third_year,6.53
STU003339,Bachelor of Technology (B.Tech.) in Mechanical Engineering,third_year,6.65
STU003340,Bachelor of Technology (B.Tech.) in Mechanical Engineering,third_year,7.28
STU003341,Bachelor of Technology (B.Tech.) in Mechanical Engineering,third_year,6.68
STU003342,Bachelor of Technology (B.Tech.) in Mechanical Engineering,third_year,6.61
STU003343,Bachelor of Technology (B.Tech.) in Mechanical Engineering,third_year,6.6
STU003344,Bachelor of Technology (B.Tech.) in Mechanical Engineering,third_year,6.79
STU003345,Bachelor of Technology (B.Tech.) in Mechanical Engineering,third_year,8.56
STU003346,Bachelor of Technology (B.Tech.) in Mechanical Engineering,third_year,8.05
STU003347,Bachelor of Technology (B.Tech.) in Mechanical Engineering,third_year,6.94
STU003348,Bachelor of Technology (B.Tech.) in Mechanical Engineering,third_year,7.01
STU003349,Bachelor of Technology (B.Tech.) in Mechanical Engineering,third_year,6.76
STU003350,Bachelor of Technology (B.Tech.) in Mechanical Engineering,third_year,7.29
STU003351,Bachelor of Technology (B.Tech.) in Mechanical Engineering,third_year,5.82
STU003352,Bachelor of Technology (B.Tech.) in Mechanical Engineering,third_year,9.65
STU003353,Bachelor of Technology (B.Tech.) in Mechanical Engineering,third_year,9.08
STU003354,Bachelor of Technology (B.Tech.) in Mechanical Engineering,third_year,7.46
STU003355,Bachelor of Technology (B.Tech.) in Mechanical Engineering,third_year,5.42
STU003356,Bachelor of Technology (B.Tech.) in Mechanical Engineering,third_year,9.04
STU003357,Bachelor of Technology (B.Tech.) in Mechanical Engineering,third_year,7.02
STU003358,Bachelor of Technology (B.Tech.) in Mechanical Engineering,third_year,8.93
STU003359,Bachelor of Technology (B.Tech.) in Mechanical Engineering,third_year,8.6
STU003360,Bachelor of Technology (B.Tech.) in Mechanical Engineering,third_year,8.51
STU003361,Bachelor of Technology (B.Tech.) in Mechanical Engineering,third_year,7.69
STU003362,Bachelor of Technology (B.Tech.) in Mechanical Engineering,third_year,5.71
STU003363,Bachelor of Technology (B.Tech.) in Mechanical Engineering,third_year,6.52
STU003364,Bachelor of Technology (B.Tech.) in Mechanical Engineering,third_year,8.0
STU003365,Bachelor of Technology (B.Tech.) in Mechanical Engineering,third_year,5.6
STU003366,Bachelor of Technology (B.Tech.) in Mechanical Engineering,third_year,7.74
STU003367,Bachelor of Technology (B.Tech.) in Mechanical Engineering,third_year,7.64
STU003368,Bachelor of Technology (B.Tech.) in Mechanical Engineering,third_year,5.84
STU003369,Bachelor of Technology (B.Tech.) in Mechanical Engineering,third_year,5.54
STU003370,Bachelor of Technology (B.Tech.) in Mechanical Engineering,third_year,9.18
STU003371,Bachelor of Technology (B.Tech.) in Mechanical Engineering,third_year,6.64
STU003373,Bachelor of Technology (B.Tech.) in Mechanical Engineering,third_year,6.88
STU003374,Bachelor of Technology (B.Tech.) in Mechanical Engineering,third_year,7.88
STU003375,Bachelor of Technology (B.Tech.) in Mechanical Engineering,third_year,7.76
STU003376,Bachelor of Technology (B.Tech.) in Mechanical Engineering,third_year,6.36
STU003377,Bachelor of Technology (B.Tech.) in Mechanical Engineering,third_year,8.82
STU003378,Bachelor of Technology (B.Tech.) in Mechanical Engineering,third_year,8.82
STU003379,Bachelor of Technology (B.Tech.) in Mechanical Engineering,third_year,6.39
STU003380,Bachelor of Technology (B.Tech.) in Mechanical Engineering,third_year,5.6
STU003381,Bachelor of Technology (B.Tech.) in Mechanical Engineering,third_year,6.82
STU003382,Bachelor of Technology (B.Tech.) in Mechanical Engineering,third_year,6.15
STU003383,Bachelor of Technology (B.Tech.) in Mechanical Engineering,third_year,7.82
STU003384,Bachelor of Technology (B.Tech.) in Mechanical Engineering,third_year,7.49
STU003385,Bachelor of Technology (B.Tech.) in Mechanical Engineering,third_year,7.13
STU003386,Bachelor of Technology (B.Tech.) in Mechanical Engineering,third_year,6.18
STU003387,Bachelor of Technology (B.Tech.) in Mechanical Engineering,third_year,8.53
STU003388,Bachelor of Technology (B.Tech.) in Mechanical Engineering,third_year,7.22
STU003389,Bachelor of Technology (B.Tech.) in Mechanical Engineering,third_year,6.64
STU003390,Bachelor of Technology (B.Tech.) in Mechanical Engineering,third_year,6.51
STU003391,Bachelor of Technology (B.Tech.) in Mechanical Engineering,third_year,6.11
STU003392,Bachelor of Technology (B.Tech.) in Mechanical Engineering,third_year,6.06
STU003393,Bachelor of Technology (B.Tech.) in Mechanical Engineering,third_year,8.56
STU003394,Bachelor of Technology (B.Tech.) in Mechanical Engineering,third_year,7.48
STU003395,Bachelor of Technology (B.Tech.) in Mechanical Engineering,third_year,7.12
STU003396,Bachelor of Technology (B.Tech.) in Mechanical Engineering,third_year,7.2
STU003397,Bachelor of Technology (B.Tech.) in Mechanical Engineering,third_year,6.54
STU003398,Bachelor of Technology (B.Tech.) in Mechanical Engineering,third_year,5.62
STU003399,Bachelor of Technology (B.Tech.) in Mechanical Engineering,third_year,7.31
STU003400,Bachelor of Technology (B.Tech.) in Mechanical Engineering,third_year,7.42
STU003401,Bachelor of Technology (B.Tech.) in Mechanical Engineering,third_year,5.4
STU003402,Bachelor of Technology (B.Tech.) in Mechanical Engineering,third_year,6.48
STU003403,Bachelor of Technology (B.Tech.) in Mechanical Engineering,third_year,6.09
STU003404,Bachelor of Technology (B.Tech.) in Mechanical Engineering,third_year,8.75
STU003405,Bachelor of Technology (B.Tech.) in Mechanical Engineering,third_year,5.71
STU003406,Bachelor of Technology (B.Tech.) in Mechanical Engineering,third_year,6.0
STU003407,Bachelor of Technology (B.Tech.) in Mechanical Engineering,third_year,5.34
STU003408,Bachelor of Technology (B.Tech.) in Mechanical Engineering,third_year,7.12
STU003409,Bachelor of Technology (B.Tech.) in Mechanical Engineering,third_year,6.36
STU003410,Bachelor of Technology (B.Tech.) in Mechanical Engineering,third_year,7.32
STU003411,Bachelor of Technology (B.Tech.) in Mechanical Engineering,third_year,5.86
STU003412,Bachelor of Technology (B.Tech.) in Mechanical Engineering,third_year,8.42
STU003413,Bachelor of Technology (B.Tech.) in Mechanical Engineering,third_year,5.38
STU003414,Bachelor of Technology (B.Tech.) in Mechanical Engineering,third_year,6.93
STU003415,Bachelor of Technology (B.Tech.) in Mechanical Engineering,third_year,6.07
STU003416,Bachelor of Technology (B.Tech.) in Mechanical Engineering,third_year,8.56
STU003417,Bachelor of Technology (B.Tech.) in Mechanical Engineering,third_year,7.29
STU003418,Bachelor of Technology (B.Tech.) in Mechanical Engineering,third_year,7.99
STU003419,Bachelor of Technology (B.Tech.) in Mechanical Engineering,third_year,7.46
STU003420,Bachelor of Technology (B.Tech.) in Mechanical Engineering,third_year,6.58
STU003421,Bachelor of Technology (B.Tech.) in Mechanical Engineering,third_year,7.29
STU003422,Bachelor of Technology (B.Tech.) in Mechanical Engineering,third_year,6.62
STU003423,Bachelor of Technology (B.Tech.) in Mechanical Engineering,third_year,7.27
STU003424,Bachelor of Technology (B.Tech.) in Mechanical Engineering,third_year,7.82
STU003425,Bachelor of Technology (B.Tech.) in Mechanical Engineering,third_year,6.62
STU003426,Bachelor of Technology (B.Tech.) in Mechanical Engineering,third_year,6.81
STU003427,Bachelor of Technology (B.Tech.) in Mechanical Engineering,third_year,7.18
STU003428,Bachelor of Technology (B.Tech.) in Mechanical Engineering,third_year,6.69
STU003429,Bachelor of Technology (B.Tech.) in Mechanical Engineering,third_year,6.48
STU003430,Bachelor of Technology (B.Tech.) in Mechanical Engineering,third_year,5.98
STU003431,Bachelor of Technology (B.Tech.) in Mechanical Engineering,third_year,7.14
STU003432,Bachelor of Technology (B.Tech.) in Mechanical Engineering,third_year,6.99
STU003433,Bachelor of Technology (B.Tech.) in Mechanical Engineering,third_year,6.19
STU003435,Bachelor of Technology (B.Tech.) in Mechanical Engineering,third_year,7.49
STU003436,Bachelor of Technology (B.Tech.) in Mechanical Engineering,third_year,5.99
STU003437,Bachelor of Technology (B.Tech.) in Mechanical Engineering,third_year,5.29
STU003438,Bachelor of Technology (B.Tech.) in Mechanical Engineering,third_year,6.46
STU003439,Bachelor of Technology (B.Tech.) in Mechanical Engineering,third_year,6.06
STU003440,Bachelor of Technology (B.Tech.) in Mechanical Engineering,third_year,7.0
STU003441,Bachelor of Technology (B.Tech.) in Mechanical Engineering,third_year,6.69
STU003442,Bachelor of Technology (B.Tech.) in Mechanical Engineering,third_year,6.01
STU003444,Bachelor of Technology (B.Tech.) in Mechanical Engineering,third_year,6.34
STU003445,Bachelor of Technology (B.Tech.) in Mechanical Engineering,third_year,5.73
STU003446,Bachelor of Technology (B.Tech.) in Mechanical Engineering,third_year,8.08
STU003447,Bachelor of Technology (B.Tech.) in Mechanical Engineering,third_year,6.14
STU003448,Bachelor of Technology (B.Tech.) in Mechanical Engineering,third_year,7.18
STU003449,Bachelor of Technology (B.Tech.) in Mechanical Engineering,third_year,7.18
STU003450,Bachelor of Technology (B.Tech.) in Mechanical Engineering,third_year,6.24
STU003452,Bachelor of Technology (B.Tech.) in Mechanical Engineering,third_year,6.79
STU003453,Bachelor of Technology (B.Tech.) in Mechanical Engineering,third_year,7.08
STU003454,Bachelor of Technology (B.Tech.) in Mechanical Engineering,third_year,6.04
STU003455,Bachelor of Technology (B.Tech.) in Mechanical Engineering,third_year,7.35
STU003456,Bachelor of Technology (B.Tech.) in Mechanical Engineering,third_year,4.78
STU003457,Bachelor of Technology (B.Tech.) in Mechanical Engineering,third_year,6.44
STU003458,Bachelor of Technology (B.Tech.) in Mechanical Engineering,third_year,4.75
STU003459,Bachelor of Technology (B.Tech.) in Mechanical Engineering,third_year,8.02
STU003460,Bachelor of Technology (B.Tech.) in Mechanical Engineering,third_year,6.71
STU003461,Bachelor of Technology (B.Tech.) in Mechanical Engineering,third_year,6.01
STU003462,Bachelor of Technology (B.Tech.) in Mechanical Engineering,third_year,7.86
STU003463,Bachelor of Technology (B.Tech.) in Mechanical Engineering,third_year,6.46
STU003465,Bachelor of Technology (B.Tech.) in Mechanical Engineering,third_year,6.93
STU003466,Bachelor of Technology (B.Tech.) in Mechanical Engineering,third_year,9.4
STU003467,Bachelor of Technology (B.Tech.) in Mechanical Engineering,third_year,7.95
STU003468,Bachelor of Technology (B.Tech.) in Mechanical Engineering,third_year,7.74
STU003469,Bachelor of Technology (B.Tech.) in Mechanical Engineering,third_year,7.22
STU003470,Bachelor of Technology (B.Tech.) in Mechanical Engineering,third_year,6.82
STU003471,Bachelor of Technology (B.Tech.) in Mechanical Engineering,third_year,7.35
STU003472,Bachelor of Technology (B.Tech.) in Mechanical Engineering,third_year,7.67
STU003473,Bachelor of Technology (B.Tech.) in Mechanical Engineering,third_year,5.86
STU003474,Bachelor of Technology (B.Tech.) in Mechanical Engineering,third_year,6.22
STU003475,Bachelor of Technology (B.Tech.) in Mechanical Engineering,third_year,6.72
STU003476,Bachelor of Technology (B.Tech.) in Mechanical Engineering,third_year,5.76
STU003477,Bachelor of Technology (B.Tech.) in Mechanical Engineering,third_year,6.16
STU000138,Bachelor of Technology (B.Tech.) in Mechatronics,third_year,5.12
STU000142,Bachelor of Technology (B.Tech.) in Mechatronics,third_year,4.68
STU001410,Bachelor of Technology (B.Tech.) in Mechatronics,third_year,5.33
STU001468,Bachelor of Technology (B.Tech.) in Mechatronics,third_year,6.65
STU003804,Bachelor of Technology (B.Tech.) in Mechatronics,third_year,5.76
STU003806,Bachelor of Technology (B.Tech.) in Mechatronics,third_year,7.53
STU003807,Bachelor of Technology (B.Tech.) in Mechatronics,third_year,6.69
STU003808,Bachelor of Technology (B.Tech.) in Mechatronics,third_year,5.35
STU003809,Bachelor of Technology (B.Tech.) in Mechatronics,third_year,7.04
STU003810,Bachelor of Technology (B.Tech.) in Mechatronics,third_year,5.12
STU003811,Bachelor of Technology (B.Tech.) in Mechatronics,third_year,6.61
STU003812,Bachelor of Technology (B.Tech.) in Mechatronics,third_year,6.82
STU003813,Bachelor of Technology (B.Tech.) in Mechatronics,third_year,6.86
STU003814,Bachelor of Technology (B.Tech.) in Mechatronics,third_year,8.89
STU003815,Bachelor of Technology (B.Tech.) in Mechatronics,third_year,6.46
STU003816,Bachelor of Technology (B.Tech.) in Mechatronics,third_year,7.8
STU003817,Bachelor of Technology (B.Tech.) in Mechatronics,third_year,8.0
STU003818,Bachelor of Technology (B.Tech.) in Mechatronics,third_year,6.73
STU003819,Bachelor of Technology (B.Tech.) in Mechatronics,third_year,6.27
STU003820,Bachelor of Technology (B.Tech.) in Mechatronics,third_year,7.62
STU003821,Bachelor of Technology (B.Tech.) in Mechatronics,third_year,5.86
STU003822,Bachelor of Technology (B.Tech.) in Mechatronics,third_year,6.4
STU003823,Bachelor of Technology (B.Tech.) in Mechatronics,third_year,7.18
STU003824,Bachelor of Technology (B.Tech.) in Mechatronics,third_year,7.52
STU003825,Bachelor of Technology (B.Tech.) in Mechatronics,third_year,6.27
STU003826,Bachelor of Technology (B.Tech.) in Mechatronics,third_year,7.47
STU003827,Bachelor of Technology (B.Tech.) in Mechatronics,third_year,7.99
STU003828,Bachelor of Technology (B.Tech.) in Mechatronics,third_year,8.78
STU003829,Bachelor of Technology (B.Tech.) in Mechatronics,third_year,8.13
STU003830,Bachelor of Technology (B.Tech.) in Mechatronics,third_year,5.34
STU003831,Bachelor of Technology (B.Tech.) in Mechatronics,third_year,4.98
STU003832,Bachelor of Technology (B.Tech.) in Mechatronics,third_year,8.18
STU003833,Bachelor of Technology (B.Tech.) in Mechatronics,third_year,6.95
STU003834,Bachelor of Technology (B.Tech.) in Mechatronics,third_year,6.81
STU003835,Bachelor of Technology (B.Tech.) in Mechatronics,third_year,7.15
STU003836,Bachelor of Technology (B.Tech.) in Mechatronics,third_year,8.88
STU003837,Bachelor of Technology (B.Tech.) in Mechatronics,third_year,6.95
STU003838,Bachelor of Technology (B.Tech.) in Mechatronics,third_year,7.81
STU003839,Bachelor of Technology (B.Tech.) in Mechatronics,third_year,7.71
STU003840,Bachelor of Technology (B.Tech.) in Mechatronics,third_year,7.22
STU003841,Bachelor of Technology (B.Tech.) in Mechatronics,third_year,7.22
STU003842,Bachelor of Technology (B.Tech.) in Mechatronics,third_year,5.68
STU003843,Bachelor of Technology (B.Tech.) in Mechatronics,third_year,7.99
STU003844,Bachelor of Technology (B.Tech.) in Mechatronics,third_year,7.58
STU003845,Bachelor of Technology (B.Tech.) in Mechatronics,third_year,6.19
STU003846,Bachelor of Technology (B.Tech.) in Mechatronics,third_year,7.8
STU003847,Bachelor of Technology (B.Tech.) in Mechatronics,third_year,5.95
STU003848,Bachelor of Technology (B.Tech.) in Mechatronics,third_year,7.38
STU003849,Bachelor of Technology (B.Tech.) in Mechatronics,third_year,6.47
STU003850,Bachelor of Technology (B.Tech.) in Mechatronics,third_year,7.96
STU003851,Bachelor of Technology (B.Tech.) in Mechatronics,third_year,8.16
STU003852,Bachelor of Technology (B.Tech.) in Mechatronics,third_year,7.06
STU003853,Bachelor of Technology (B.Tech.) in Mechatronics,third_year,8.05
STU003854,Bachelor of Technology (B.Tech.) in Mechatronics,third_year,6.49
STU003855,Bachelor of Technology (B.Tech.) in Mechatronics,third_year,6.2
STU003856,Bachelor of Technology (B.Tech.) in Mechatronics,third_year,6.62
STU003857,Bachelor of Technology (B.Tech.) in Mechatronics,third_year,7.39
STU003858,Bachelor of Technology (B.Tech.) in Mechatronics,third_year,5.54
STU003859,Bachelor of Technology (B.Tech.) in Mechatronics,third_year,5.67
STU003860,Bachelor of Technology (B.Tech.) in Mechatronics,third_year,7.08
STU003861,Bachelor of Technology (B.Tech.) in Mechatronics,third_year,8.64
STU003862,Bachelor of Technology (B.Tech.) in Mechatronics,third_year,6.16
STU003863,Bachelor of Technology (B.Tech.) in Mechatronics,third_year,7.48
STU003864,Bachelor of Technology (B.Tech.) in Mechatronics,third_year,6.94
STU003865,Bachelor of Technology (B.Tech.) in Mechatronics,third_year,7.88
STU003866,Bachelor of Technology (B.Tech.) in Mechatronics,third_year,7.09
STU003867,Bachelor of Technology (B.Tech.) in Mechatronics,third_year,6.85
STU003868,Bachelor of Technology (B.Tech.) in Mechatronics,third_year,8.56
STU003869,Bachelor of Technology (B.Tech.) in Mechatronics,third_year,9.16
STU003870,Bachelor of Technology (B.Tech.) in Mechatronics,third_year,7.41
STU003871,Bachelor of Technology (B.Tech.) in Mechatronics,third_year,6.36
STU003872,Bachelor of Technology (B.Tech.) in Mechatronics,third_year,6.85
STU003873,Bachelor of Technology (B.Tech.) in Mechatronics,third_year,7.55
STU003874,Bachelor of Technology (B.Tech.) in Mechatronics,third_year,6.31
STU003875,Bachelor of Technology (B.Tech.) in Mechatronics,third_year,7.41
STU003876,Bachelor of Technology (B.Tech.) in Mechatronics,third_year,6.54
STU003877,Bachelor of Technology (B.Tech.) in Mechatronics,third_year,8.78
STU003878,Bachelor of Technology (B.Tech.) in Mechatronics,third_year,7.71
STU003879,Bachelor of Technology (B.Tech.) in Mechatronics,third_year,7.25
STU003880,Bachelor of Technology (B.Tech.) in Mechatronics,third_year,9.05
STU003881,Bachelor of Technology (B.Tech.) in Mechatronics,third_year,8.78
STU003882,Bachelor of Technology (B.Tech.) in Mechatronics,third_year,7.65
STU003883,Bachelor of Technology (B.Tech.) in Mechatronics,third_year,7.02
STU003884,Bachelor of Technology (B.Tech.) in Mechatronics,third_year,7.34
STU003885,Bachelor of Technology (B.Tech.) in Mechatronics,third_year,7.33
STU003886,Bachelor of Technology (B.Tech.) in Mechatronics,third_year,6.76
STU003887,Bachelor of Technology (B.Tech.) in Mechatronics,third_year,7.21
STU003888,Bachelor of Technology (B.Tech.) in Mechatronics,third_year,7.2
STU003889,Bachelor of Technology (B.Tech.) in Mechatronics,third_year,7.47
STU003890,Bachelor of Technology (B.Tech.) in Mechatronics,third_year,8.55
STU003891,Bachelor of Technology (B.Tech.) in Mechatronics,third_year,7.74
STU003892,Bachelor of Technology (B.Tech.) in Mechatronics,third_year,7.59
STU003893,Bachelor of Technology (B.Tech.) in Mechatronics,third_year,5.13
STU003894,Bachelor of Technology (B.Tech.) in Mechatronics,third_year,7.09
STU003895,Bachelor of Technology (B.Tech.) in Mechatronics,third_year,7.79
STU003896,Bachelor of Technology (B.Tech.) in Mechatronics,third_year,8.54
STU003897,Bachelor of Technology (B.Tech.) in Mechatronics,third_year,7.12
STU003898,Bachelor of Technology (B.Tech.) in Mechatronics,third_year,7.68
STU003899,Bachelor of Technology (B.Tech.) in Mechatronics,third_year,7.41
STU003900,Bachelor of Technology (B.Tech.) in Mechatronics,third_year,8.05
STU003901,Bachelor of Technology (B.Tech.) in Mechatronics,third_year,7.06
STU003902,Bachelor of Technology (B.Tech.) in Mechatronics,third_year,6.89
STU003903,Bachelor of Technology (B.Tech.) in Mechatronics,third_year,7.52
STU003904,Bachelor of Technology (B.Tech.) in Mechatronics,third_year,7.76
STU003905,Bachelor of Technology (B.Tech.) in Mechatronics,third_year,6.99
STU003906,Bachelor of Technology (B.Tech.) in Mechatronics,third_year,5.39
STU003907,Bachelor of Technology (B.Tech.) in Mechatronics,third_year,6.65
STU003908,Bachelor of Technology (B.Tech.) in Mechatronics,third_year,7.69
STU003909,Bachelor of Technology (B.Tech.) in Mechatronics,third_year,5.84
STU003910,Bachelor of Technology (B.Tech.) in Mechatronics,third_year,7.84
STU003911,Bachelor of Technology (B.Tech.) in Mechatronics,third_year,6.16
STU003912,Bachelor of Technology (B.Tech.) in Mechatronics,third_year,7.69
STU003913,Bachelor of Technology (B.Tech.) in Mechatronics,third_year,7.09
STU003914,Bachelor of Technology (B.Tech.) in Mechatronics,third_year,6.44
STU003915,Bachelor of Technology (B.Tech.) in Mechatronics,third_year,5.15
STU003916,Bachelor of Technology (B.Tech.) in Mechatronics,third_year,5.09
STU003917,Bachelor of Technology (B.Tech.) in Mechatronics,third_year,5.78
STU003918,Bachelor of Technology (B.Tech.) in Mechatronics,third_year,8.78
STU003919,Bachelor of Technology (B.Tech.) in Mechatronics,third_year,6.8
STU003920,Bachelor of Technology (B.Tech.) in Mechatronics,third_year,7.67
STU003921,Bachelor of Technology (B.Tech.) in Mechatronics,third_year,6.72
STU003922,Bachelor of Technology (B.Tech.) in Mechatronics,third_year,7.15
STU003923,Bachelor of Technology (B.Tech.) in Mechatronics,third_year,6.66
STU003924,Bachelor of Technology (B.Tech.) in Mechatronics,third_year,5.14
STU003925,Bachelor of Technology (B.Tech.) in Mechatronics,third_year,6.45
STU003926,Bachelor of Technology (B.Tech.) in Mechatronics,third_year,5.86
STU003927,Bachelor of Technology (B.Tech.) in Mechatronics,third_year,6.02
STU003928,Bachelor of Technology (B.Tech.) in Mechatronics,third_year,6.26
STU003929,Bachelor of Technology (B.Tech.) in Mechatronics,third_year,7.54
STU003930,Bachelor of Technology (B.Tech.) in Mechatronics,third_year,7.93
STU003931,Bachelor of Technology (B.Tech.) in Mechatronics,third_year,6.99
STU003932,Bachelor of Technology (B.Tech.) in Mechatronics,third_year,7.08
STU003933,Bachelor of Technology (B.Tech.) in Mechatronics,third_year,6.92
STU003934,Bachelor of Technology (B.Tech.) in Mechatronics,third_year,6.93
STU003935,Bachelor of Technology (B.Tech.) in Mechatronics,third_year,6.05
STU003936,Bachelor of Technology (B.Tech.) in Mechatronics,third_year,6.4
STU000043,Computer Science and Engineering ( Artificial Intelligence & Machine Learning ),third_year,5.14
STU000046,Computer Science and Engineering ( Artificial Intelligence & Machine Learning ),third_year,4.52
STU000048,Computer Science and Engineering ( Artificial Intelligence & Machine Learning ),third_year,4.61
STU000186,Computer Science and Engineering ( Artificial Intelligence & Machine Learning ),third_year,4.71
STU002240,Computer Science and Engineering ( Artificial Intelligence & Machine Learning ),third_year,5.44
STU002282,Computer Science and Engineering ( Artificial Intelligence & Machine Learning ),third_year,5.19
STU002335,Computer Science and Engineering ( Artificial Intelligence & Machine Learning ),third_year,4.69
STU004688,Computer Science and Engineering ( Artificial Intelligence & Machine Learning ),third_year,8.08
STU004690,Computer Science and Engineering ( Artificial Intelligence & Machine Learning ),third_year,9.24
STU004691,Computer Science and Engineering ( Artificial Intelligence & Machine Learning ),third_year,6.52
STU004692,Computer Science and Engineering ( Artificial Intelligence & Machine Learning ),third_year,8.87
STU004693,Computer Science and Engineering ( Artificial Intelligence & Machine Learning ),third_year,8.6
STU004694,Computer Science and Engineering ( Artificial Intelligence & Machine Learning ),third_year,6.54
STU004695,Computer Science and Engineering ( Artificial Intelligence & Machine Learning ),third_year,6.12
STU004696,Computer Science and Engineering ( Artificial Intelligence & Machine Learning ),third_year,7.73
STU004697,Computer Science and Engineering ( Artificial Intelligence & Machine Learning ),third_year,9.28
STU004698,Computer Science and Engineering ( Artificial Intelligence & Machine Learning ),third_year,8.52
STU004699,Computer Science and Engineering ( Artificial Intelligence & Machine Learning ),third_year,9.36
STU004700,Computer Science and Engineering ( Artificial Intelligence & Machine Learning ),third_year,8.45
STU004701,Computer Science and Engineering ( Artificial Intelligence & Machine Learning ),third_year,5.79
STU004702,Computer Science and Engineering ( Artificial Intelligence & Machine Learning ),third_year,8.15
STU004703,Computer Science and Engineering ( Artificial Intelligence & Machine Learning ),third_year,8.12
STU004704,Computer Science and Engineering ( Artificial Intelligence & Machine Learning ),third_year,6.05
STU004705,Computer Science and Engineering ( Artificial Intelligence & Machine Learning ),third_year,6.94
STU004706,Computer Science and Engineering ( Artificial Intelligence & Machine Learning ),third_year,5.65
STU004707,Computer Science and Engineering ( Artificial Intelligence & Machine Learning ),third_year,6.34
STU004708,Computer Science and Engineering ( Artificial Intelligence & Machine Learning ),third_year,8.05
STU004709,Computer Science and Engineering ( Artificial Intelligence & Machine Learning ),third_year,7.62
STU004710,Computer Science and Engineering ( Artificial Intelligence & Machine Learning ),third_year,7.92
STU004711,Computer Science and Engineering ( Artificial Intelligence & Machine Learning ),third_year,8.55
STU004712,Computer Science and Engineering ( Artificial Intelligence & Machine Learning ),third_year,8.92
STU004713,Computer Science and Engineering ( Artificial Intelligence & Machine Learning ),third_year,8.55
STU004714,Computer Science and Engineering ( Artificial Intelligence & Machine Learning ),third_year,7.76
STU004715,Computer Science and Engineering ( Artificial Intelligence & Machine Learning ),third_year,6.69
STU004716,Computer Science and Engineering ( Artificial Intelligence & Machine Learning ),third_year,5.56
STU004717,Computer Science and Engineering ( Artificial Intelligence & Machine Learning ),third_year,6.68
STU004718,Computer Science and Engineering ( Artificial Intelligence & Machine Learning ),third_year,9.04
STU004719,Computer Science and Engineering ( Artificial Intelligence & Machine Learning ),third_year,8.28
STU004720,Computer Science and Engineering ( Artificial Intelligence & Machine Learning ),third_year,5.71
STU004721,Computer Science and Engineering ( Artificial Intelligence & Machine Learning ),third_year,7.78
STU004722,Computer Science and Engineering ( Artificial Intelligence & Machine Learning ),third_year,5.42
STU004723,Computer Science and Engineering ( Artificial Intelligence & Machine Learning ),third_year,6.58
STU004724,Computer Science and Engineering ( Artificial Intelligence & Machine Learning ),third_year,7.71
STU004725,Computer Science and Engineering ( Artificial Intelligence & Machine Learning ),third_year,7.51
STU004726,Computer Science and Engineering ( Artificial Intelligence & Machine Learning ),third_year,7.84
STU004727,Computer Science and Engineering ( Artificial Intelligence & Machine Learning ),third_year,8.24
STU004728,Computer Science and Engineering ( Artificial Intelligence & Machine Learning ),third_year,5.93
STU004729,Computer Science and Engineering ( Artificial Intelligence & Machine Learning ),third_year,9.56
STU004730,Computer Science and Engineering ( Artificial Intelligence & Machine Learning ),third_year,6.65
STU004731,Computer Science and Engineering ( Artificial Intelligence & Machine Learning ),third_year,7.82
STU004732,Computer Science and Engineering ( Artificial Intelligence & Machine Learning ),third_year,8.32
STU004733,Computer Science and Engineering ( Artificial Intelligence & Machine Learning ),third_year,8.07
STU004734,Computer Science and Engineering ( Artificial Intelligence & Machine Learning ),third_year,7.16
STU004735,Computer Science and Engineering ( Artificial Intelligence & Machine Learning ),third_year,8.99
STU004736,Computer Science and Engineering ( Artificial Intelligence & Machine Learning ),third_year,8.25
STU004737,Computer Science and Engineering ( Artificial Intelligence & Machine Learning ),third_year,9.47
STU004738,Computer Science and Engineering ( Artificial Intelligence & Machine Learning ),third_year,7.19
STU004739,Computer Science and Engineering ( Artificial Intelligence & Machine Learning ),third_year,8.53
STU004740,Computer Science and Engineering ( Artificial Intelligence & Machine Learning ),third_year,7.65
STU004741,Computer Science and Engineering ( Artificial Intelligence & Machine Learning ),third_year,8.66
STU004742,Computer Science and Engineering ( Artificial Intelligence & Machine Learning ),third_year,7.66
STU004743,Computer Science and Engineering ( Artificial Intelligence & Machine Learning ),third_year,6.26
STU004744,Computer Science and Engineering ( Artificial Intelligence & Machine Learning ),third_year,7.13
STU004745,Computer Science and Engineering ( Artificial Intelligence & Machine Learning ),third_year,7.8
STU004746,Computer Science and Engineering ( Artificial Intelligence & Machine Learning ),third_year,7.74
STU004747,Computer Science and Engineering ( Artificial Intelligence & Machine Learning ),third_year,9.14
STU004748,Computer Science and Engineering ( Artificial Intelligence & Machine Learning ),third_year,8.72
STU004749,Computer Science and Engineering ( Artificial Intelligence & Machine Learning ),third_year,7.31
STU004750,Computer Science and Engineering ( Artificial Intelligence & Machine Learning ),third_year,8.75
STU004751,Computer Science and Engineering ( Artificial Intelligence & Machine Learning ),third_year,8.14
STU004752,Computer Science and Engineering ( Artificial Intelligence & Machine Learning ),third_year,8.91
STU004753,Computer Science and Engineering ( Artificial Intelligence & Machine Learning ),third_year,7.46
STU004754,Computer Science and Engineering ( Artificial Intelligence & Machine Learning ),third_year,7.91
STU004755,Computer Science and Engineering ( Artificial Intelligence & Machine Learning ),third_year,8.21
STU004756,Computer Science and Engineering ( Artificial Intelligence & Machine Learning ),third_year,7.34
STU004757,Computer Science and Engineering ( Artificial Intelligence & Machine Learning ),third_year,8.07
STU004758,Computer Science and Engineering ( Artificial Intelligence & Machine Learning ),third_year,7.49
STU004759,Computer Science and Engineering ( Artificial Intelligence & Machine Learning ),third_year,6.8
STU004760,Computer Science and Engineering ( Artificial Intelligence & Machine Learning ),third_year,8.31
STU004761,Computer Science and Engineering ( Artificial Intelligence & Machine Learning ),third_year,8.49
STU004762,Computer Science and Engineering ( Artificial Intelligence & Machine Learning ),third_year,8.69
STU004763,Computer Science and Engineering ( Artificial Intelligence & Machine Learning ),third_year,8.82
STU004764,Computer Science and Engineering ( Artificial Intelligence & Machine Learning ),third_year,7.64
STU004765,Computer Science and Engineering ( Artificial Intelligence & Machine Learning ),third_year,8.94
STU004766,Computer Science and Engineering ( Artificial Intelligence & Machine Learning ),third_year,8.22
STU004767,Computer Science and Engineering ( Artificial Intelligence & Machine Learning ),third_year,8.91
STU004768,Computer Science and Engineering ( Artificial Intelligence & Machine Learning ),third_year,9.11
STU004769,Computer Science and Engineering ( Artificial Intelligence & Machine Learning ),third_year,6.72
STU004770,Computer Science and Engineering ( Artificial Intelligence & Machine Learning ),third_year,9.07
STU004771,Computer Science and Engineering ( Artificial Intelligence & Machine Learning ),third_year,7.18
STU004772,Computer Science and Engineering ( Artificial Intelligence & Machine Learning ),third_year,8.32
STU004773,Computer Science and Engineering ( Artificial Intelligence & Machine Learning ),third_year,8.98
STU004774,Computer Science and Engineering ( Artificial Intelligence & Machine Learning ),third_year,7.12
STU004775,Computer Science and Engineering ( Artificial Intelligence & Machine Learning ),third_year,7.51
STU004776,Computer Science and Engineering ( Artificial Intelligence & Machine Learning ),third_year,8.36
STU004777,Computer Science and Engineering ( Artificial Intelligence & Machine Learning ),third_year,8.26
STU004778,Computer Science and Engineering ( Artificial Intelligence & Machine Learning ),third_year,9.13
STU004779,Computer Science and Engineering ( Artificial Intelligence & Machine Learning ),third_year,8.04
STU004780,Computer Science and Engineering ( Artificial Intelligence & Machine Learning ),third_year,8.72
STU004781,Computer Science and Engineering ( Artificial Intelligence & Machine Learning ),third_year,9.36
STU004782,Computer Science and Engineering ( Artificial Intelligence & Machine Learning ),third_year,7.71
STU004783,Computer Science and Engineering ( Artificial Intelligence & Machine Learning ),third_year,7.22
STU004784,Computer Science and Engineering ( Artificial Intelligence & Machine Learning ),third_year,8.46
STU004785,Computer Science and Engineering ( Artificial Intelligence & Machine Learning ),third_year,9.04
STU004786,Computer Science and Engineering ( Artificial Intelligence & Machine Learning ),third_year,8.73
STU004787,Computer Science and Engineering ( Artificial Intelligence & Machine Learning ),third_year,9.14
STU004788,Computer Science and Engineering ( Artificial Intelligence & Machine Learning ),third_year,8.31
STU004789,Computer Science and Engineering ( Artificial Intelligence & Machine Learning ),third_year,6.58
STU004790,Computer Science and Engineering ( Artificial Intelligence & Machine Learning ),third_year,6.04
STU004791,Computer Science and Engineering ( Artificial Intelligence & Machine Learning ),third_year,7.54
STU004792,Computer Science and Engineering ( Artificial Intelligence & Machine Learning ),third_year,8.41
STU004793,Computer Science and Engineering ( Artificial Intelligence & Machine Learning ),third_year,8.64
STU004794,Computer Science and Engineering ( Artificial Intelligence & Machine Learning ),third_year,9.13
STU004795,Computer Science and Engineering ( Artificial Intelligence & Machine Learning ),third_year,8.98
STU004796,Computer Science and Engineering ( Artificial Intelligence & Machine Learning ),third_year,7.73
STU004797,Computer Science and Engineering ( Artificial Intelligence & Machine Learning ),third_year,8.79
STU004798,Computer Science and Engineering ( Artificial Intelligence & Machine Learning ),third_year,7.04
STU004799,Computer Science and Engineering ( Artificial Intelligence & Machine Learning ),third_year,8.16
STU004800,Computer Science and Engineering ( Artificial Intelligence & Machine Learning ),third_year,8.95
STU004801,Computer Science and Engineering ( Artificial Intelligence & Machine Learning ),third_year,8.6
STU004802,Computer Science and Engineering ( Artificial Intelligence & Machine Learning ),third_year,6.04
STU004803,Computer Science and Engineering ( Artificial Intelligence & Machine Learning ),third_year,7.73
STU004804,Computer Science and Engineering ( Artificial Intelligence & Machine Learning ),third_year,7.06
STU004805,Computer Science and Engineering ( Artificial Intelligence & Machine Learning ),third_year,7.76
STU004806,Computer Science and Engineering ( Artificial Intelligence & Machine Learning ),third_year,8.28
STU004807,Computer Science and Engineering ( Artificial Intelligence & Machine Learning ),third_year,8.39
STU004808,Computer Science and Engineering ( Artificial Intelligence & Machine Learning ),third_year,8.76
STU004809,Computer Science and Engineering ( Artificial Intelligence & Machine Learning ),third_year,8.18
STU004810,Computer Science and Engineering ( Artificial Intelligence & Machine Learning ),third_year,8.09
STU004811,Computer Science and Engineering ( Artificial Intelligence & Machine Learning ),third_year,7.91
STU004812,Computer Science and Engineering ( Artificial Intelligence & Machine Learning ),third_year,8.52
STU004813,Computer Science and Engineering ( Artificial Intelligence & Machine Learning ),third_year,6.81
STU004814,Computer Science and Engineering ( Artificial Intelligence & Machine Learning ),third_year,5.53
STU004815,Computer Science and Engineering ( Artificial Intelligence & Machine Learning ),third_year,8.56
STU004816,Computer Science and Engineering ( Artificial Intelligence & Machine Learning ),third_year,7.98
STU004817,Computer Science and Engineering ( Artificial Intelligence & Machine Learning ),third_year,7.47
STU004818,Computer Science and Engineering ( Artificial Intelligence & Machine Learning ),third_year,9.24
STU004819,Computer Science and Engineering ( Artificial Intelligence & Machine Learning ),third_year,6.18
STU004820,Computer Science and Engineering ( Artificial Intelligence & Machine Learning ),third_year,6.81
STU004821,Computer Science and Engineering ( Artificial Intelligence & Machine Learning ),third_year,8.68
STU004822,Computer Science and Engineering ( Artificial Intelligence & Machine Learning ),third_year,7.19
STU004823,Computer Science and Engineering ( Artificial Intelligence & Machine Learning ),third_year,7.59
STU004824,Computer Science and Engineering ( Artificial Intelligence & Machine Learning ),third_year,9.09
STU004825,Computer Science and Engineering ( Artificial Intelligence & Machine Learning ),third_year,9.02
STU004826,Computer Science and Engineering ( Artificial Intelligence & Machine Learning ),third_year,8.65
STU004827,Computer Science and Engineering ( Artificial Intelligence & Machine Learning ),third_year,7.81
STU004828,Computer Science and Engineering ( Artificial Intelligence & Machine Learning ),third_year,8.71
STU004829,Computer Science and Engineering ( Artificial Intelligence & Machine Learning ),third_year,8.98
STU004830,Computer Science and Engineering ( Artificial Intelligence & Machine Learning ),third_year,8.71
STU004831,Computer Science and Engineering ( Artificial Intelligence & Machine Learning ),third_year,8.04
STU004832,Computer Science and Engineering ( Artificial Intelligence & Machine Learning ),third_year,8.85
STU004833,Computer Science and Engineering ( Artificial Intelligence & Machine Learning ),third_year,8.21
STU004834,Computer Science and Engineering ( Artificial Intelligence & Machine Learning ),third_year,5.95
STU004835,Computer Science and Engineering ( Artificial Intelligence & Machine Learning ),third_year,7.04
STU004836,Computer Science and Engineering ( Artificial Intelligence & Machine Learning ),third_year,7.76
STU004837,Computer Science and Engineering ( Artificial Intelligence & Machine Learning ),third_year,7.44
STU004838,Computer Science and Engineering ( Artificial Intelligence & Machine Learning ),third_year,7.51
STU004839,Computer Science and Engineering ( Artificial Intelligence & Machine Learning ),third_year,6.99
STU004840,Computer Science and Engineering ( Artificial Intelligence & Machine Learning ),third_year,8.33
STU004841,Computer Science and Engineering ( Artificial Intelligence & Machine Learning ),third_year,7.67
STU004842,Computer Science and Engineering ( Artificial Intelligence & Machine Learning ),third_year,8.34
STU004843,Computer Science and Engineering ( Artificial Intelligence & Machine Learning ),third_year,8.34
STU004844,Computer Science and Engineering ( Artificial Intelligence & Machine Learning ),third_year,8.32
STU004845,Computer Science and Engineering ( Artificial Intelligence & Machine Learning ),third_year,9.09
STU004846,Computer Science and Engineering ( Artificial Intelligence & Machine Learning ),third_year,5.44
STU004847,Computer Science and Engineering ( Artificial Intelligence & Machine Learning ),third_year,7.33
STU004848,Computer Science and Engineering ( Artificial Intelligence & Machine Learning ),third_year,7.78
STU004849,Computer Science and Engineering ( Artificial Intelligence & Machine Learning ),third_year,7.29
STU004850,Computer Science and Engineering ( Artificial Intelligence & Machine Learning ),third_year,7.92
STU004851,Computer Science and Engineering ( Artificial Intelligence & Machine Learning ),third_year,7.71
STU004852,Computer Science and Engineering ( Artificial Intelligence & Machine Learning ),third_year,5.64
STU004853,Computer Science and Engineering ( Artificial Intelligence & Machine Learning ),third_year,7.45
STU004854,Computer Science and Engineering ( Artificial Intelligence & Machine Learning ),third_year,8.13
STU004855,Computer Science and Engineering ( Artificial Intelligence & Machine Learning ),third_year,5.52
STU004856,Computer Science and Engineering ( Artificial Intelligence & Machine Learning ),third_year,8.45
STU004857,Computer Science and Engineering ( Artificial Intelligence & Machine Learning ),third_year,7.79
STU004858,Computer Science and Engineering ( Artificial Intelligence & Machine Learning ),third_year,7.81
STU004859,Computer Science and Engineering ( Artificial Intelligence & Machine Learning ),third_year,8.15
STU004860,Computer Science and Engineering ( Artificial Intelligence & Machine Learning ),third_year,8.62
STU004861,Computer Science and Engineering ( Artificial Intelligence & Machine Learning ),third_year,7.49
STU004862,Computer Science and Engineering ( Artificial Intelligence & Machine Learning ),third_year,4.95
STU004863,Computer Science and Engineering ( Artificial Intelligence & Machine Learning ),third_year,9.04
STU004864,Computer Science and Engineering ( Artificial Intelligence & Machine Learning ),third_year,9.12
STU004865,Computer Science and Engineering ( Artificial Intelligence & Machine Learning ),third_year,9.22
STU004866,Computer Science and Engineering ( Artificial Intelligence & Machine Learning ),third_year,9.44
STU000170,Computer and Communication Engineering,third_year,4.29
STU001684,Computer and Communication Engineering,third_year,5.58
STU001688,Computer and Communication Engineering,third_year,4.64
STU001800,Computer and Communication Engineering,third_year,4.79
STU001832,Computer and Communication Engineering,third_year,8.16
STU001847,Computer and Communication Engineering,third_year,5.17
STU001890,Computer and Communication Engineering,third_year,4.69
STU004116,Computer and Communication Engineering,third_year,8.36
STU004117,Computer and Communication Engineering,third_year,7.11
STU004118,Computer and Communication Engineering,third_year,5.94
STU004119,Computer and Communication Engineering,third_year,9.68
STU004120,Computer and Communication Engineering,third_year,7.39
STU004121,Computer and Communication Engineering,third_year,6.71
STU004122,Computer and Communication Engineering,third_year,7.42
STU004123,Computer and Communication Engineering,third_year,6.33
STU004124,Computer and Communication Engineering,third_year,8.22
STU004125,Computer and Communication Engineering,third_year,7.79
STU004126,Computer and Communication Engineering,third_year,6.64
STU004127,Computer and Communication Engineering,third_year,6.0
STU004128,Computer and Communication Engineering,third_year,6.71
STU004129,Computer and Communication Engineering,third_year,7.96
STU004130,Computer and Communication Engineering,third_year,6.41
STU004131,Computer and Communication Engineering,third_year,4.15
STU004132,Computer and Communication Engineering,third_year,7.32
STU004134,Computer and Communication Engineering,third_year,6.55
STU004135,Computer and Communication Engineering,third_year,8.76
STU004136,Computer and Communication Engineering,third_year,5.26
STU004137,Computer and Communication Engineering,third_year,6.46
STU004138,Computer and Communication Engineering,third_year,6.26
STU004139,Computer and Communication Engineering,third_year,7.19
STU004140,Computer and Communication Engineering,third_year,5.85
STU004141,Computer and Communication Engineering,third_year,7.45
STU004142,Computer and Communication Engineering,third_year,8.08
STU004143,Computer and Communication Engineering,third_year,7.06
STU004144,Computer and Communication Engineering,third_year,8.25
STU004145,Computer and Communication Engineering,third_year,8.55
STU004146,Computer and Communication Engineering,third_year,7.75
STU004147,Computer and Communication Engineering,third_year,8.26
STU004148,Computer and Communication Engineering,third_year,6.72
STU004149,Computer and Communication Engineering,third_year,8.58
STU004150,Computer and Communication Engineering,third_year,7.74
STU004151,Computer and Communication Engineering,third_year,8.36
STU004152,Computer and Communication Engineering,third_year,7.44
STU004153,Computer and Communication Engineering,third_year,7.06
STU004154,Computer and Communication Engineering,third_year,8.76
STU004155,Computer and Communication Engineering,third_year,7.47
STU004156,Computer and Communication Engineering,third_year,8.38
STU004157,Computer and Communication Engineering,third_year,8.04
STU004158,Computer and Communication Engineering,third_year,8.82
STU004159,Computer and Communication Engineering,third_year,8.01
STU004160,Computer and Communication Engineering,third_year,7.15
STU004161,Computer and Communication Engineering,third_year,7.85
STU004162,Computer and Communication Engineering,third_year,8.07
STU004163,Computer and Communication Engineering,third_year,7.44
STU004164,Computer and Communication Engineering,third_year,5.35
STU004165,Computer and Communication Engineering,third_year,8.48
STU004166,Computer and Communication Engineering,third_year,7.99
STU004167,Computer and Communication Engineering,third_year,7.91
STU004168,Computer and Communication Engineering,third_year,5.32
STU004169,Computer and Communication Engineering,third_year,7.82
STU004170,Computer and Communication Engineering,third_year,9.16
STU004171,Computer and Communication Engineering,third_year,7.53
STU004172,Computer and Communication Engineering,third_year,8.41
STU004173,Computer and Communication Engineering,third_year,7.13
STU004174,Computer and Communication Engineering,third_year,7.56
STU004175,Computer and Communication Engineering,third_year,7.65
STU004176,Computer and Communication Engineering,third_year,7.86
STU004177,Computer and Communication Engineering,third_year,7.56
STU004178,Computer and Communication Engineering,third_year,8.64
STU004179,Computer and Communication Engineering,third_year,8.29
STU004180,Computer and Communication Engineering,third_year,8.88
STU004181,Computer and Communication Engineering,third_year,6.6
STU004182,Computer and Communication Engineering,third_year,8.67
STU004183,Computer and Communication Engineering,third_year,6.18
STU004184,Computer and Communication Engineering,third_year,8.21
STU004185,Computer and Communication Engineering,third_year,7.99
STU004186,Computer and Communication Engineering,third_year,6.89
STU004187,Computer and Communication Engineering,third_year,6.47
STU004188,Computer and Communication Engineering,third_year,9.07
STU004189,Computer and Communication Engineering,third_year,8.51
STU004190,Computer and Communication Engineering,third_year,7.21
STU004191,Computer and Communication Engineering,third_year,9.14
STU004192,Computer and Communication Engineering,third_year,8.22
STU004193,Computer and Communication Engineering,third_year,8.59
STU004194,Computer and Communication Engineering,third_year,8.47
STU004195,Computer and Communication Engineering,third_year,8.68
STU004196,Computer and Communication Engineering,third_year,7.91
STU004197,Computer and Communication Engineering,third_year,6.81
STU004198,Computer and Communication Engineering,third_year,8.34
STU004199,Computer and Communication Engineering,third_year,5.91
STU004200,Computer and Communication Engineering,third_year,6.74
STU004201,Computer and Communication Engineering,third_year,8.93
STU004202,Computer and Communication Engineering,third_year,6.47
STU004203,Computer and Communication Engineering,third_year,5.28
STU004204,Computer and Communication Engineering,third_year,5.06
STU004205,Computer and Communication Engineering,third_year,6.74
STU004206,Computer and Communication Engineering,third_year,6.56
STU004207,Computer and Communication Engineering,third_year,7.59
STU004208,Computer and Communication Engineering,third_year,8.62
STU004209,Computer and Communication Engineering,third_year,8.85
STU004210,Computer and Communication Engineering,third_year,8.11
STU004211,Computer and Communication Engineering,third_year,6.31
STU004212,Computer and Communication Engineering,third_year,7.87
STU004213,Computer and Communication Engineering,third_year,5.51
STU004214,Computer and Communication Engineering,third_year,8.2
STU004215,Computer and Communication Engineering,third_year,7.31
STU004216,Computer and Communication Engineering,third_year,7.69
STU004217,Computer and Communication Engineering,third_year,8.92
STU004218,Computer and Communication Engineering,third_year,6.6
STU004219,Computer and Communication Engineering,third_year,7.98
STU004220,Computer and Communication Engineering,third_year,8.46
STU004221,Computer and Communication Engineering,third_year,5.85
STU004222,Computer and Communication Engineering,third_year,7.6
STU004223,Computer and Communication Engineering,third_year,5.55
STU004224,Computer and Communication Engineering,third_year,8.07
STU004225,Computer and Communication Engineering,third_year,8.29
STU004226,Computer and Communication Engineering,third_year,6.69
STU004227,Computer and Communication Engineering,third_year,6.28
STU004228,Computer and Communication Engineering,third_year,6.54
STU004229,Computer and Communication Engineering,third_year,6.47
STU004230,Computer and Communication Engineering,third_year,5.87
STU004231,Computer and Communication Engineering,third_year,8.12
STU004232,Computer and Communication Engineering,third_year,8.18
STU004233,Computer and Communication Engineering,third_year,7.54
STU004234,Computer and Communication Engineering,third_year,8.79
STU004235,Computer and Communication Engineering,third_year,7.99
STU004236,Computer and Communication Engineering,third_year,7.55
STU004237,Computer and Communication Engineering,third_year,8.29
STU004238,Computer and Communication Engineering,third_year,6.36
STU004239,Computer and Communication Engineering,third_year,9.21
STU004240,Computer and Communication Engineering,third_year,6.92
STU004241,Computer and Communication Engineering,third_year,8.35
STU004242,Computer and Communication Engineering,third_year,7.92
STU004243,Computer and Communication Engineering,third_year,8.82
STU004244,Computer and Communication Engineering,third_year,8.18
STU004245,Computer and Communication Engineering,third_year,7.66
STU004246,Computer and Communication Engineering,third_year,7.48
STU004247,Computer and Communication Engineering,third_year,6.46
STU004248,Computer and Communication Engineering,third_year,7.31
STU004249,Computer and Communication Engineering,third_year,8.48
STU004250,Computer and Communication Engineering,third_year,8.27
STU004251,Computer and Communication Engineering,third_year,7.44
STU004252,Computer and Communication Engineering,third_year,7.53
STU004253,Computer and Communication Engineering,third_year,6.99
STU004254,Computer and Communication Engineering,third_year,8.12
STU004255,Computer and Communication Engineering,third_year,8.31
STU004256,Computer and Communication Engineering,third_year,8.36
STU004257,Computer and Communication Engineering,third_year,8.44
STU004258,Computer and Communication Engineering,third_year,4.94
STU004259,Computer and Communication Engineering,third_year,6.04
STU004260,Computer and Communication Engineering,third_year,7.0
STU004261,Computer and Communication Engineering,third_year,6.91
STU004262,Computer and Communication Engineering,third_year,8.13
STU004263,Computer and Communication Engineering,third_year,7.16
STU004264,Computer and Communication Engineering,third_year,6.89
STU004265,Computer and Communication Engineering,third_year,7.44
STU004266,Computer and Communication Engineering,third_year,7.26
STU004267,Computer and Communication Engineering,third_year,8.68
STU004268,Computer and Communication Engineering,third_year,7.25
STU004269,Computer and Communication Engineering,third_year,7.75
STU004270,Computer and Communication Engineering,third_year,6.99
STU004271,Computer and Communication Engineering,third_year,5.71
STU004272,Computer and Communication Engineering,third_year,8.34
STU004273,Computer and Communication Engineering,third_year,8.46
STU004274,Computer and Communication Engineering,third_year,7.2
STU004275,Computer and Communication Engineering,third_year,7.6
STU004276,Computer and Communication Engineering,third_year,7.47
STU004277,Computer and Communication Engineering,third_year,9.09
STU004278,Computer and Communication Engineering,third_year,7.73
STU004279,Computer and Communication Engineering,third_year,6.0
STU004280,Computer and Communication Engineering,third_year,5.38
STU004281,Computer and Communication Engineering,third_year,7.32
STU004282,Computer and Communication Engineering,third_year,5.73
STU004283,Computer and Communication Engineering,third_year,6.99
STU004284,Computer and Communication Engineering,third_year,8.62
STU004285,Computer and Communication Engineering,third_year,7.46
STU004286,Computer and Communication Engineering,third_year,7.09
STU004287,Computer and Communication Engineering,third_year,7.11
STU004289,Computer and Communication Engineering,third_year,8.19
STU004290,Computer and Communication Engineering,third_year,8.36
STU004291,Computer and Communication Engineering,third_year,7.99
STU004292,Computer and Communication Engineering,third_year,6.48
STU004293,Computer and Communication Engineering,third_year,4.39
STU004294,Computer and Communication Engineering,third_year,8.15
STU004295,Computer and Communication Engineering,third_year,6.16
STU004296,Computer and Communication Engineering,third_year,8.14
STU004297,Computer and Communication Engineering,third_year,6.66
STU004298,Computer and Communication Engineering,third_year,9.05
STU004299,Computer and Communication Engineering,third_year,7.38
STU004300,Computer and Communication Engineering,third_year,7.88
STU004301,Computer and Communication Engineering,third_year,7.61
STU004302,Computer and Communication Engineering,third_year,7.05
STU004303,Computer and Communication Engineering,third_year,7.89
STU004304,Computer and Communication Engineering,third_year,8.59
STU004305,Computer and Communication Engineering,third_year,8.05
STU004306,Computer and Communication Engineering,third_year,7.59
STU004307,Computer and Communication Engineering,third_year,8.26
STU004309,Computer and Communication Engineering,third_year,6.0
STU004310,Computer and Communication Engineering,third_year,7.45
STU004311,Computer and Communication Engineering,third_year,6.8
STU004312,Computer and Communication Engineering,third_year,6.71
STU004313,Computer and Communication Engineering,third_year,5.81
STU004314,Computer and Communication Engineering,third_year,7.7
STU004315,Computer and Communication Engineering,third_year,8.38
STU004316,Computer and Communication Engineering,third_year,8.37
STU004317,Computer and Communication Engineering,third_year,6.49
STU004318,Computer and Communication Engineering,third_year,7.91
STU004319,Computer and Communication Engineering,third_year,6.03
STU004320,Computer and Communication Engineering,third_year,7.12
STU004321,Computer and Communication Engineering,third_year,7.13
STU004322,Computer and Communication Engineering,third_year,7.21
STU004323,Computer and Communication Engineering,third_year,6.44
STU004324,Computer and Communication Engineering,third_year,7.03
STU004325,Computer and Communication Engineering,third_year,7.02
STU004326,Computer and Communication Engineering,third_year,5.72
STU004327,Computer and Communication Engineering,third_year,7.29
STU004328,Computer and Communication Engineering,third_year,8.2
STU004329,Computer and Communication Engineering,third_year,6.02
STU004330,Computer and Communication Engineering,third_year,6.52
STU004331,Computer and Communication Engineering,third_year,5.97
STU004332,Computer and Communication Engineering,third_year,7.31
STU004333,Computer and Communication Engineering,third_year,8.33
STU004334,Computer and Communication Engineering,third_year,7.28
STU004335,Computer and Communication Engineering,third_year,8.27
STU004336,Computer and Communication Engineering,third_year,8.69
STU004337,Computer and Communication Engineering,third_year,6.34
STU004338,Computer and Communication Engineering,third_year,9.08
STU004339,Computer and Communication Engineering,third_year,7.33
STU004340,Computer and Communication Engineering,third_year,7.71
STU004341,Computer and Communication Engineering,third_year,8.2
STU004342,Computer and Communication Engineering,third_year,6.43
STU004343,Computer and Communication Engineering,third_year,8.21
STU004344,Computer and Communication Engineering,third_year,8.02
STU004345,Computer and Communication Engineering,third_year,7.83
STU004346,Computer and Communication Engineering,third_year,9.4
STU004347,Computer and Communication Engineering,third_year,6.94
STU004348,Computer and Communication Engineering,third_year,6.1
STU004349,Computer and Communication Engineering,third_year,6.26
STU004350,Computer and Communication Engineering,third_year,7.59
STU004351,Computer and Communication Engineering,third_year,6.88
STU004352,Computer and Communication Engineering,third_year,6.16
STU004353,Computer and Communication Engineering,third_year,6.43
STU004354,Computer and Communication Engineering,third_year,7.53
STU004355,Computer and Communication Engineering,third_year,5.28
STU004356,Computer and Communication Engineering,third_year,9.24
STU004357,Computer and Communication Engineering,third_year,8.65
STU004358,Computer and Communication Engineering,third_year,8.67
STU004359,Computer and Communication Engineering,third_year,8.64
STU004360,Computer and Communication Engineering,third_year,8.31
STU000195,Data Science & Engineering,third_year,5.2
STU002441,Data Science & Engineering,third_year,4.72
STU002444,Data Science & Engineering,third_year,5.59
STU004890,Data Science & Engineering,third_year,7.22
STU004891,Data Science & Engineering,third_year,7.65
STU004892,Data Science & Engineering,third_year,8.22
STU004893,Data Science & Engineering,third_year,8.55
STU004894,Data Science & Engineering,third_year,8.12
STU004895,Data Science & Engineering,third_year,5.98
STU004896,Data Science & Engineering,third_year,7.32
STU004897,Data Science & Engineering,third_year,7.69
STU004899,Data Science & Engineering,third_year,4.53
STU004900,Data Science & Engineering,third_year,6.73
STU004901,Data Science & Engineering,third_year,5.13
STU004902,Data Science & Engineering,third_year,6.64
STU004903,Data Science & Engineering,third_year,5.34
STU004904,Data Science & Engineering,third_year,7.94
STU004905,Data Science & Engineering,third_year,5.99
STU004906,Data Science & Engineering,third_year,8.8
STU004907,Data Science & Engineering,third_year,5.55
STU004908,Data Science & Engineering,third_year,5.62
STU004909,Data Science & Engineering,third_year,5.91
STU004910,Data Science & Engineering,third_year,5.22
STU004911,Data Science & Engineering,third_year,8.01
STU004912,Data Science & Engineering,third_year,7.71
STU004913,Data Science & Engineering,third_year,4.75
STU004914,Data Science & Engineering,third_year,6.02
STU004915,Data Science & Engineering,third_year,7.45
STU004916,Data Science & Engineering,third_year,5.81
STU004917,Data Science & Engineering,third_year,8.68
STU004918,Data Science & Engineering,third_year,7.56
STU004919,Data Science & Engineering,third_year,8.47
STU004920,Data Science & Engineering,third_year,7.78
STU004921,Data Science & Engineering,third_year,7.31
STU004922,Data Science & Engineering,third_year,7.26
STU004923,Data Science & Engineering,third_year,8.02
STU004924,Data Science & Engineering,third_year,7.28
STU004925,Data Science & Engineering,third_year,8.36
STU004926,Data Science & Engineering,third_year,8.04
STU004927,Data Science & Engineering,third_year,8.32
STU004928,Data Science & Engineering,third_year,7.42
STU004929,Data Science & Engineering,third_year,8.04
STU004930,Data Science & Engineering,third_year,8.58
STU004931,Data Science & Engineering,third_year,6.87
STU004932,Data Science & Engineering,third_year,7.86
STU004933,Data Science & Engineering,third_year,8.98
STU004934,Data Science & Engineering,third_year,8.2
STU004935,Data Science & Engineering,third_year,8.47
STU004936,Data Science & Engineering,third_year,7.71
STU004937,Data Science & Engineering,third_year,5.52
STU004938,Data Science & Engineering,third_year,6.19
STU004939,Data Science & Engineering,third_year,7.91
STU004940,Data Science & Engineering,third_year,7.47
STU004941,Data Science & Engineering,third_year,7.44
STU004942,Data Science & Engineering,third_year,7.54
STU004943,Data Science & Engineering,third_year,6.98
STU004944,Data Science & Engineering,third_year,7.85
STU004945,Data Science & Engineering,third_year,9.11
STU004946,Data Science & Engineering,third_year,7.02
STU004947,Data Science & Engineering,third_year,7.01
STU004948,Data Science & Engineering,third_year,6.74
STU004949,Data Science & Engineering,third_year,8.56
STU004950,Data Science & Engineering,third_year,6.4
STU004951,Data Science & Engineering,third_year,8.24
STU004952,Data Science & Engineering,third_year,6.24
STU004953,Data Science & Engineering,third_year,6.78
STU004954,Data Science & Engineering,third_year,8.22
STU004955,Data Science & Engineering,third_year,8.74
STU004956,Data Science & Engineering,third_year,7.71
STU004957,Data Science & Engineering,third_year,8.04
STU004958,Data Science & Engineering,third_year,7.06
STU004959,Data Science & Engineering,third_year,7.82
STU004960,Data Science & Engineering,third_year,8.35
STU004961,Data Science & Engineering,third_year,8.0
STU004962,Data Science & Engineering,third_year,6.79
STU004963,Data Science & Engineering,third_year,7.15
STU004964,Data Science & Engineering,third_year,8.12
STU004965,Data Science & Engineering,third_year,7.66
STU004966,Data Science & Engineering,third_year,7.38
STU004967,Data Science & Engineering,third_year,7.41
STU004968,Data Science & Engineering,third_year,7.56
STU004969,Data Science & Engineering,third_year,8.92
STU004970,Data Science & Engineering,third_year,8.65
STU004971,Data Science & Engineering,third_year,7.41
STU004972,Data Science & Engineering,third_year,7.99
STU004973,Data Science & Engineering,third_year,6.47
STU004974,Data Science & Engineering,third_year,7.87
STU004975,Data Science & Engineering,third_year,7.89
STU004976,Data Science & Engineering,third_year,7.14
STU004977,Data Science & Engineering,third_year,6.86
STU004978,Data Science & Engineering,third_year,6.41
STU004979,Data Science & Engineering,third_year,6.96
STU004980,Data Science & Engineering,third_year,9.12
STU004981,Data Science & Engineering,third_year,8.46
STU004982,Data Science & Engineering,third_year,7.13
STU004983,Data Science & Engineering,third_year,6.81
STU004984,Data Science & Engineering,third_year,6.69
STU004985,Data Science & Engineering,third_year,7.58
STU004986,Data Science & Engineering,third_year,8.12
STU004987,Data Science & Engineering,third_year,7.53
STU004988,Data Science & Engineering,third_year,6.95
STU004989,Data Science & Engineering,third_year,7.51
STU004990,Data Science & Engineering,third_year,5.84
STU004991,Data Science & Engineering,third_year,7.48
STU004992,Data Science & Engineering,third_year,6.58
STU004993,Data Science & Engineering,third_year,7.34
STU004994,Data Science & Engineering,third_year,7.25
STU004995,Data Science & Engineering,third_year,7.34
STU004996,Data Science & Engineering,third_year,7.49
STU004997,Data Science & Engineering,third_year,6.74
STU004998,Data Science & Engineering,third_year,6.38
STU004999,Data Science & Engineering,third_year,9.15
STU005000,Data Science & Engineering,third_year,6.94
STU005001,Data Science & Engineering,third_year,8.21
STU005002,Data Science & Engineering,third_year,8.42
STU005003,Data Science & Engineering,third_year,6.78
STU005004,Data Science & Engineering,third_year,6.93
STU005005,Data Science & Engineering,third_year,7.13
STU005006,Data Science & Engineering,third_year,7.64
STU005007,Data Science & Engineering,third_year,5.88
STU005008,Data Science & Engineering,third_year,8.14
STU005009,Data Science & Engineering,third_year,7.68
STU005010,Data Science & Engineering,third_year,7.31
STU005011,Data Science & Engineering,third_year,6.05
STU005012,Data Science & Engineering,third_year,5.44
STU005013,Data Science & Engineering,third_year,5.26
STU005014,Data Science & Engineering,third_year,7.39
STU005015,Data Science & Engineering,third_year,8.06
STU005016,Data Science & Engineering,third_year,7.45
STU005017,Data Science & Engineering,third_year,7.0
STU005018,Data Science & Engineering,third_year,8.48
STU005019,Data Science & Engineering,third_year,6.19
STU005020,Data Science & Engineering,third_year,8.08
STU005021,Data Science & Engineering,third_year,9.03
STU005022,Data Science & Engineering,third_year,8.08
STU005023,Data Science & Engineering,third_year,8.56
STU005024,Data Science & Engineering,third_year,7.1
STU005026,Data Science & Engineering,third_year,8.01
STU005027,Data Science & Engineering,third_year,6.87
STU005028,Data Science & Engineering,third_year,8.33
STU005029,Data Science & Engineering,third_year,6.33
STU005030,Data Science & Engineering,third_year,7.6
STU005031,Data Science & Engineering,third_year,6.2
STU005032,Data Science & Engineering,third_year,6.5
STU005033,Data Science & Engineering,third_year,6.72
STU005034,Data Science & Engineering,third_year,5.97
STU005035,Data Science & Engineering,third_year,7.56
STU005036,Data Science & Engineering,third_year,6.79
STU005037,Data Science & Engineering,third_year,6.73
STU005038,Data Science & Engineering,third_year,9.23
STU005039,Data Science & Engineering,third_year,8.38
STU005040,Data Science & Engineering,third_year,6.97
STU005041,Data Science & Engineering,third_year,7.38
STU005042,Data Science & Engineering,third_year,7.12
STU005043,Data Science & Engineering,third_year,6.86
STU005045,Data Science & Engineering,third_year,7.41
STU005046,Data Science & Engineering,third_year,7.67
STU005047,Data Science & Engineering,third_year,6.5
STU005048,Data Science & Engineering,third_year,7.38
STU005049,Data Science & Engineering,third_year,4.93
STU005050,Data Science & Engineering,third_year,7.33
STU005051,Data Science & Engineering,third_year,7.5
STU005052,Data Science & Engineering,third_year,8.95
STU005053,Data Science & Engineering,third_year,6.36
STU005054,Data Science & Engineering,third_year,6.99
STU005055,Data Science & Engineering,third_year,5.15
STU005056,Data Science & Engineering,third_year,7.02
STU005057,Data Science & Engineering,third_year,3.14
STU005058,Data Science & Engineering,third_year,5.07
STU005059,Data Science & Engineering,third_year,7.95
STU005060,Data Science & Engineering,third_year,8.42
STU005061,Data Science & Engineering,third_year,8.04
STU005062,Data Science & Engineering,third_year,7.76
STU005063,Data Science & Engineering,third_year,8.15
STU005064,Data Science & Engineering,third_year,8.08
STU000124,Information Technology,third_year,5.22
STU000131,Information Technology,third_year,4.83
STU000134,Information Technology,third_year,3.99
STU001114,Information Technology,third_year,4.92
STU001246,Information Technology,third_year,5.02
STU001256,Information Technology,third_year,5.49
STU001283,Information Technology,third_year,4.36
STU003478,Information Technology,third_year,5.27
STU003479,Information Technology,third_year,8.12
STU003480,Information Technology,third_year,5.88
STU003481,Information Technology,third_year,8.87
STU003482,Information Technology,third_year,8.11
STU003483,Information Technology,third_year,8.04
STU003484,Information Technology,third_year,6.04
STU003485,Information Technology,third_year,8.88
STU003486,Information Technology,third_year,5.64
STU003487,Information Technology,third_year,8.71
STU003489,Information Technology,third_year,7.73
STU003490,Information Technology,third_year,8.34
STU003491,Information Technology,third_year,8.86
STU003492,Information Technology,third_year,6.51
STU003493,Information Technology,third_year,6.38
STU003494,Information Technology,third_year,6.79
STU003495,Information Technology,third_year,5.12
STU003496,Information Technology,third_year,8.25
STU003497,Information Technology,third_year,5.35
STU003498,Information Technology,third_year,5.48
STU003499,Information Technology,third_year,5.62
STU003500,Information Technology,third_year,6.72
STU003501,Information Technology,third_year,5.71
STU003502,Information Technology,third_year,7.79
STU003503,Information Technology,third_year,6.2
STU003504,Information Technology,third_year,8.88
STU003505,Information Technology,third_year,8.79
STU003506,Information Technology,third_year,5.4
STU003507,Information Technology,third_year,6.36
STU003508,Information Technology,third_year,6.98
STU003509,Information Technology,third_year,8.33
STU003510,Information Technology,third_year,8.93
STU003511,Information Technology,third_year,6.76
STU003512,Information Technology,third_year,7.55
STU003513,Information Technology,third_year,8.19
STU003514,Information Technology,third_year,8.07
STU003515,Information Technology,third_year,7.81
STU003516,Information Technology,third_year,8.12
STU003517,Information Technology,third_year,6.05
STU003518,Information Technology,third_year,7.86
STU003519,Information Technology,third_year,6.86
STU003520,Information Technology,third_year,8.09
STU003521,Information Technology,third_year,6.74
STU003522,Information Technology,third_year,8.16
STU003523,Information Technology,third_year,9.04
STU003524,Information Technology,third_year,8.51
STU003525,Information Technology,third_year,8.86
STU003526,Information Technology,third_year,8.84
STU003527,Information Technology,third_year,8.66
STU003528,Information Technology,third_year,8.34
STU003529,Information Technology,third_year,7.82
STU003530,Information Technology,third_year,8.85
STU003531,Information Technology,third_year,7.05
STU003532,Information Technology,third_year,9.34
STU003533,Information Technology,third_year,8.89
STU003534,Information Technology,third_year,7.39
STU003535,Information Technology,third_year,7.67
STU003536,Information Technology,third_year,8.65
STU003537,Information Technology,third_year,6.82
STU003538,Information Technology,third_year,8.79
STU003539,Information Technology,third_year,8.48
STU003540,Information Technology,third_year,8.41
STU003541,Information Technology,third_year,7.47
STU003542,Information Technology,third_year,8.35
STU003543,Information Technology,third_year,7.59
STU003544,Information Technology,third_year,8.65
STU003545,Information Technology,third_year,7.45
STU003546,Information Technology,third_year,8.74
STU003547,Information Technology,third_year,8.67
STU003548,Information Technology,third_year,7.82
STU003549,Information Technology,third_year,8.48
STU003550,Information Technology,third_year,8.92
STU003551,Information Technology,third_year,8.59
STU003552,Information Technology,third_year,6.65
STU003553,Information Technology,third_year,8.62
STU003554,Information Technology,third_year,5.99
STU003555,Information Technology,third_year,7.09
STU003556,Information Technology,third_year,9.08
STU003557,Information Technology,third_year,8.26
STU003558,Information Technology,third_year,7.56
STU003559,Information Technology,third_year,7.91
STU003560,Information Technology,third_year,7.69
STU003561,Information Technology,third_year,8.86
STU003562,Information Technology,third_year,8.45
STU003563,Information Technology,third_year,7.55
STU003564,Information Technology,third_year,8.76
STU003565,Information Technology,third_year,6.92
STU003566,Information Technology,third_year,6.95
STU003567,Information Technology,third_year,7.72
STU003568,Information Technology,third_year,7.66
STU003569,Information Technology,third_year,7.13
STU003570,Information Technology,third_year,8.06
STU003571,Information Technology,third_year,5.16
STU003572,Information Technology,third_year,8.35
STU003573,Information Technology,third_year,8.73
STU003574,Information Technology,third_year,9.22
STU003575,Information Technology,third_year,7.95
STU003576,Information Technology,third_year,5.59
STU003577,Information Technology,third_year,8.08
STU003578,Information Technology,third_year,6.74
STU003579,Information Technology,third_year,5.78
STU003580,Information Technology,third_year,8.39
STU003581,Information Technology,third_year,8.71
STU003582,Information Technology,third_year,9.16
STU003583,Information Technology,third_year,9.05
STU003584,Information Technology,third_year,7.84
STU003585,Information Technology,third_year,7.32
STU003586,Information Technology,third_year,8.25
STU003587,Information Technology,third_year,8.27
STU003588,Information Technology,third_year,7.76
STU003589,Information Technology,third_year,7.54
STU003590,Information Technology,third_year,7.04
STU003591,Information Technology,third_year,6.92
STU003592,Information Technology,third_year,7.2
STU003593,Information Technology,third_year,7.59
STU003594,Information Technology,third_year,7.02
STU003595,Information Technology,third_year,7.58
STU003596,Information Technology,third_year,8.87
STU003597,Information Technology,third_year,9.11
STU003598,Information Technology,third_year,7.85
STU003599,Information Technology,third_year,7.4
STU003600,Information Technology,third_year,8.54
STU003601,Information Technology,third_year,7.87
STU003602,Information Technology,third_year,7.0
STU003603,Information Technology,third_year,8.69
STU003604,Information Technology,third_year,8.26
STU003605,Information Technology,third_year,8.31
STU003606,Information Technology,third_year,7.4
STU003607,Information Technology,third_year,7.79
STU003608,Information Technology,third_year,8.66
STU003609,Information Technology,third_year,8.44
STU003610,Information Technology,third_year,7.4
STU003611,Information Technology,third_year,5.74
STU003612,Information Technology,third_year,4.91
STU003613,Information Technology,third_year,6.78
STU003614,Information Technology,third_year,7.27
STU003615,Information Technology,third_year,8.86
STU003616,Information Technology,third_year,7.51
STU003617,Information Technology,third_year,8.45
STU003618,Information Technology,third_year,8.53
STU003619,Information Technology,third_year,8.15
STU003620,Information Technology,third_year,9.36
STU003621,Information Technology,third_year,8.15
STU003622,Information Technology,third_year,7.98
STU003623,Information Technology,third_year,7.09
STU003624,Information Technology,third_year,7.22
STU003625,Information Technology,third_year,7.99
STU003626,Information Technology,third_year,8.39
STU003627,Information Technology,third_year,6.98
STU003628,Information Technology,third_year,9.32
STU003629,Information Technology,third_year,9.11
STU003630,Information Technology,third_year,6.27
STU003631,Information Technology,third_year,6.94
STU003632,Information Technology,third_year,9.06
STU003633,Information Technology,third_year,7.95
STU003634,Information Technology,third_year,8.72
STU003635,Information Technology,third_year,7.02
STU003636,Information Technology,third_year,8.41
STU003637,Information Technology,third_year,7.49
STU003638,Information Technology,third_year,7.41
STU003639,Information Technology,third_year,6.94
STU003640,Information Technology,third_year,7.22
STU003641,Information Technology,third_year,7.74
STU003642,Information Technology,third_year,8.16
STU003643,Information Technology,third_year,7.51
STU003644,Information Technology,third_year,6.54
STU003645,Information Technology,third_year,7.27
STU003646,Information Technology,third_year,8.04
STU003647,Information Technology,third_year,8.28
STU003648,Information Technology,third_year,6.95
STU003649,Information Technology,third_year,6.14
STU003650,Information Technology,third_year,7.96
STU003651,Information Technology,third_year,7.45
STU003652,Information Technology,third_year,7.42
STU003653,Information Technology,third_year,7.81
STU003654,Information Technology,third_year,8.44
STU003655,Information Technology,third_year,7.68
STU003656,Information Technology,third_year,6.65
STU003657,Information Technology,third_year,8.09
STU003658,Information Technology,third_year,7.56
STU003659,Information Technology,third_year,7.71
STU003660,Information Technology,third_year,8.21
STU003661,Information Technology,third_year,9.39
STU003662,Information Technology,third_year,7.38
STU003663,Information Technology,third_year,6.78
STU003664,Information Technology,third_year,7.27
STU003665,Information Technology,third_year,7.81
STU003666,Information Technology,third_year,6.66
STU003667,Information Technology,third_year,6.42
STU003668,Information Technology,third_year,7.66
STU003669,Information Technology,third_year,8.66
STU003670,Information Technology,third_year,7.52
STU003671,Information Technology,third_year,8.09
STU003672,Information Technology,third_year,8.88
STU003673,Information Technology,third_year,7.69
STU003674,Information Technology,third_year,7.64
STU003675,Information Technology,third_year,6.07
STU003676,Information Technology,third_year,8.88
STU003677,Information Technology,third_year,5.95
STU003678,Information Technology,third_year,6.49
STU003679,Information Technology,third_year,8.64
STU003680,Information Technology,third_year,6.33
STU003681,Information Technology,third_year,7.92
STU003682,Information Technology,third_year,7.13
STU003683,Information Technology,third_year,6.48
STU003684,Information Technology,third_year,7.91
STU003685,Information Technology,third_year,6.98
STU003686,Information Technology,third_year,7.76
STU003687,Information Technology,third_year,7.81
STU003688,Information Technology,third_year,8.93
STU003689,Information Technology,third_year,8.02
STU003690,Information Technology,third_year,7.27
STU003691,Information Technology,third_year,8.24
STU003692,Information Technology,third_year,7.8
STU003693,Information Technology,third_year,6.65
STU003694,Information Technology,third_year,6.26
STU003695,Information Technology,third_year,7.99
STU003696,Information Technology,third_year,8.29
STU003697,Information Technology,third_year,7.8
STU003698,Information Technology,third_year,7.69
STU003699,Information Technology,third_year,6.94
STU003700,Information Technology,third_year,7.47
STU003701,Information Technology,third_year,6.13
STU003702,Information Technology,third_year,7.55
STU003703,Information Technology,third_year,7.16
STU003704,Information Technology,third_year,8.73
STU003705,Information Technology,third_year,7.29
STU003706,Information Technology,third_year,8.15
STU003707,Information Technology,third_year,5.19
STU003708,Information Technology,third_year,7.55
STU003709,Information Technology,third_year,7.86
STU003710,Information Technology,third_year,5.71
STU003711,Information Technology,third_year,8.07
STU003712,Information Technology,third_year,6.79
STU003713,Information Technology,third_year,7.35
STU003714,Information Technology,third_year,7.19
STU003715,Information Technology,third_year,7.86
STU003716,Information Technology,third_year,6.91
STU003717,Information Technology,third_year,8.21
STU003718,Information Technology,third_year,3.84
STU003719,Information Technology,third_year,6.95
STU003720,Information Technology,third_year,4.74
STU003721,Information Technology,third_year,8.62
STU003722,Information Technology,third_year,8.66
STU003723,Information Technology,third_year,8.46
STU003724,Information Technology,third_year,8.39
STU003725,Information Technology,third_year,7.91
STU003726,Information Technology,third_year,7.89
STU003727,Information Technology,third_year,7.93
STU004867,Mechanical(Dual Degree Program with Deakin University),third_year,6.65
STU004868,Mechanical(Dual Degree Program with Deakin University),third_year,6.88
STU004869,Mechanical(Dual Degree Program with Deakin University),third_year,5.16
STU004870,Mechanical(Dual Degree Program with Deakin University),third_year,6.65
STU004871,Mechatronics (Dual Degree Program with Deakin University),third_year,6.69
STU004872,Mechatronics (Dual Degree Program with Deakin University),third_year,5.95
STU004873,Mechatronics (Dual Degree Program with Deakin University),third_year,7.28
STU004874,Mechatronics (Dual Degree Program with Deakin University),third_year,5.41
STU004875,Mechatronics (Dual Degree Program with Deakin University),third_year,8.46
STU004876,Mechatronics (Dual Degree Program with Deakin University),third_year,6.48
STU004877,Mechatronics (Dual Degree Program with Deakin University),third_year,6.54
STU004878,Mechatronics (Dual Degree Program with Deakin University),third_year,6.14
STU004879,Mechatronics (Dual Degree Program with Deakin University),third_year,8.8
STU004880,Mechatronics (Dual Degree Program with Deakin University),third_year,6.87
STU004881,Mechatronics (Dual Degree Program with Deakin University),third_year,6.69
STU004882,Mechatronics (Dual Degree Program with Deakin University),third_year,7.35
STU004883,Mechatronics (Dual Degree Program with Deakin University),third_year,6.76
STU004884,Mechatronics (Dual Degree Program with Deakin University),third_year,8.2
STU004885,Mechatronics (Dual Degree Program with Deakin University),third_year,7.28
STU004886,Mechatronics (Dual Degree Program with Deakin University),third_year,6.52
STU004888,Mechatronics (Dual Degree Program with Deakin University),third_year,6.62
STU004889,Mechatronics (Dual Degree Program with Deakin University),third_year,6.07
